time,x,y,dx,dy
104180442,63.00312700037312,-0.023070422535212742,-0.01714458825261097,-0.018126760563380223
104180443,63.00301917277405,-0.023345070422536196,-0.04970852317266451,-0.07461267605633778
104180444,63.00301917277405,-0.023070422535212742,-0.012076691096178796,0.11471126760563342
104180445,63.00312700037312,-0.02325352112676171,-0.05186507515412501,-0.011352112676056302
104180446,63.00312700037312,-0.022978873239438258,-0.04970852317266451,-0.02398591549295767
104180447,63.00301917277405,-0.023161971830987227,-0.09445697678796988,-0.05978169014084488
104180448,63.002480034778685,-0.022978873239438258,-0.33825517829207935,0.020049295774647823
104180449,63.00258786237776,-0.023345070422536196,-0.21349864616458944,0.05859154929577446
104180450,63.002480034778685,-0.02325352112676171,-0.20799943861186515,0.14721126760563333
104180451,63.002695689976825,-0.02325352112676171,-0.12540349772192805,0.14501408450704178
104180452,63.00258786237776,-0.023345070422536196,-0.16292750219934074,0.11617605633802779
104180453,63.00237220717961,-0.02343661971831068,-0.18201298723526615,0.11104929577464753
104180454,63.002695689976825,-0.02343661971831068,-0.05003200596988359,0.049619718309858986
104180455,63.00258786237776,-0.023528169014085165,-0.04420931561994024,0.049345070422535046
104180456,63.002480034778685,-0.023802816901415724,-0.05499207552724274,-0.007232394366197159
104180457,63.00237220717961,-0.02361971830985965,-0.03558310769409824,0.05987323943661952
104180458,63.00258786237776,-0.023345070422536196,0.03838662526999689,0.1970140845070416
104180459,63.00226437958054,-0.023711267605634134,-0.011968863497105771,0.039549295774647754
104180460,63.00226437958054,-0.023711267605634134,0.03687703888297454,0.04742253521126745
104180461,63.00226437958054,-0.023528169014085165,0.04464062601623234,0.1266126760563376
104180462,63.00237220717961,-0.023528169014085165,0.08604642406027392,0.11434507042253483
104180463,63.002480034778685,-0.023711267605634134,0.12195301455159124,-0.056302816901408266
104180464,63.00226437958054,-0.023711267605634134,0.0885264588389535,-0.01364084507042249
104180465,63.00237220717961,-0.023802816901415724,0.06254000746235448,0.00457746478873238
104180466,63.002156551981464,-0.023802816901415724,0.005822690349943348,0.008422535211267578
104180467,63.001833069184244,-0.023985915492964693,-0.11418942741833345,-0.025542253521126677
104180468,63.00204872438239,-0.023894366197183103,0.020271588625728695,0.027098591549295684
104180469,63.00150958638702,-0.024352112676055526,-0.11300332382853018,-0.08614788732394338
104180470,63.0016174139861,-0.024352112676055526,0.0016174139860953747,-0.0028380281690140756
104180471,63.00140175878795,-0.024352112676055526,-0.012184518695251821,0.04614084507042238
104180472,63.0016174139861,-0.02444366197183001,-0.05272769594670921,0.012359154929577424
104180473,63.00140175878795,-0.02462676056337898,-0.05671731711241113,-0.04568309859154915
104180474,63.00129393118888,-0.02462676056337898,-0.04431714321901326,0.0284718309859154
104180475,63.00097044839166,-0.024992957746484024,-0.08216463049364503,-0.019133802816901347
104180476,63.001078275990736,-0.024809859154935054,0.0656670078354722,-0.0171197183098591
104180477,63.000754793193515,-0.025176056338032993,-0.16831888215299198,-0.1931690140845064
104180478,63.000754793193515,-0.024992957746484024,-0.2665498249085177,-0.14382394366197135
104180479,63.000754793193515,-0.025176056338032993,-0.1654075369780203,-0.12166901408450666
104180480,63.00064696559444,-0.025267605633800372,-0.06297131785864658,-0.21688028169014015
104180481,63.00064696559444,-0.025267605633800372,-0.0037739659675558737,-0.13247183098591506
104180482,63.000431310396294,-0.025267605633800372,-0.04722848839398494,-0.10125352112676024
104180483,63.00032348279723,-0.02554225352113093,-0.1290696360904109,-0.20214084507042188
104180484,63.0,-0.0257253521126799,-0.2081072662109382,-0.19426760563380222
104180485,63.0,-0.02590845070422887,-0.1326279468598207,-0.18767605633802759
104180486,62.99956868960371,-0.026000000000003354,-0.1947366439258831,-0.14391549295774603
104180487,62.999676517202786,-0.02609154929577784,-0.06264783506142751,-0.09713380281690111
104180488,62.999353034405566,-0.02609154929577784,-0.10211273632215465,-0.02929577464788723
104180489,62.99913737920742,-0.026640845070424746,-0.23549547637548657,-0.24635915492957663
104180490,62.99924520680649,-0.02654929577465026,-0.1343531884449891,-0.0681126760563378
104180491,62.99892172400927,-0.0269154929577482,-0.13974456839864036,-0.13741549295774602
104180492,62.9988138964102,-0.027007042253522684,-0.029005624150643713,-0.05785915492957727
104180493,62.99827475841484,-0.027190140845071653,-0.16896584774743012,-0.08111267605633776
104180494,62.99838258601391,-0.027281690140846138,0.03375003850985682,-0.009246478873239407
104180495,62.99827475841484,-0.027281690140846138,-0.10599452988878354,-0.0646338028169012
104180496,62.997951275617616,-0.02773943661971856,-0.09402566639167778,-0.25963380281690057
104180497,62.99805910321669,-0.02773943661971856,0.029868244943227918,-0.10674647887323908
104180498,62.99773562041947,-0.0281056338028165,-0.15818308784012763,-0.2573450704225344
104180499,62.9976277928204,-0.0281056338028165,-0.13241229166167465,-0.15801408450704174
104180500,62.99751996522132,-0.028288732394365468,-0.06642180102898339,-0.10024647887323912
104180501,62.997304310023175,-0.028563380281696027,-0.06210869706606238,-0.13457746478873195
104180502,62.99698082722596,-0.028746478873244996,-0.07860631972423521,-0.0925563380281687
104180503,62.996765172027814,-0.028929577464793965,-0.198618437492512,-0.15416901408450653
104180504,62.996765172027814,-0.029021126760561344,-0.10610235748785658,-0.12084507042253481
104180505,62.99654951682967,-0.029387323943666388,-0.06965662900117413,-0.11315492957746441
104180506,62.99633386163152,-0.029387323943666388,-0.07709673333721286,-0.02645774647887315
104180507,62.9960103788343,-0.029753521126764326,-0.1442733275597074,-0.0836760563380279
104180508,62.9960103788343,-0.029845070422531705,0.004636586760140074,-0.05273239436619701
104180509,62.995686896037085,-0.03021126760563675,-0.15527174266515598,-0.15801408450704174
104180510,62.995363413239865,-0.030485915492960203,-0.12443304933027083,-0.24846478873239355
104180511,62.995363413239865,-0.030577464788734687,-0.03601441809039034,-0.15233802816901357
104180512,62.9948242752445,-0.030669014084509172,-0.11656163459793999,-0.07296478873239412
104180513,62.995039930442644,-0.03103521126760711,0.059089524292017685,-0.1301830985915489
104180514,62.99471644764543,-0.03103521126760711,-0.010351449511010398,0.019316901408450642
104180515,62.99450079244728,-0.03149295774647953,0.014017587879493245,-0.05538732394366179
104180516,62.994285137249136,-0.03176760563381009,-0.13586277483201148,-0.12981690140845029
104180517,62.99417730965006,-0.03185915492957747,-0.08140983730013386,-0.06911971830985893
104180518,62.99374599925377,-0.03222535211267541,-0.2384068215504582,-0.14821830985915443
104180519,62.99374599925377,-0.03240845070422438,-0.3224045212283447,-0.19344366197183036
104180520,62.99342251645655,-0.03249999999999886,-0.55250861765018,-0.32399295774647785
104180521,62.99309903365933,-0.03277464788732942,-0.5672809987231844,-0.3245422535211257
104180522,62.99277555086211,-0.03323239436619474,-0.7461669855853328,-0.4623239436619703
104180523,62.99288337846118,-0.03332394366197633,-0.5001044045006898,-0.30696478873239336
104180524,62.99234424046582,-0.03369014084507427,-0.557253032009393,-0.4166408450704212
104180525,62.99212858526767,-0.03369014084507427,-0.39874646137204633,-0.24059154929577387
104180526,62.992020757668605,-0.034056338028172206,-0.2788421712028426,-0.23226056338028095
104180527,62.99169727487138,-0.034239436619721175,-0.23301544159680698,-0.13146478873239395
104180528,62.99148161967324,-0.034605633802819113,-0.3165818308784013,-0.24278873239436538
104180529,62.99115813687602,-0.03497183098591705,-0.18557129800467598,-0.30495070422535114
104180530,62.99105030927694,-0.035063380281691536,-0.2219091988922854,-0.27711971830985827
104180531,62.99061899888065,-0.03552112676056396,-0.3337264191310123,-0.3401971830985904
104180532,62.9904033436825,-0.03552112676056396,-0.3624085604844369,-0.38945070422535083
104180533,62.990187688484355,-0.036070422535210866,-0.2601879965632093,-0.414352112676055
104180534,62.99007986088529,-0.036161971830992456,-0.08787949324451534,-0.244711267605633
104180535,62.98954072288992,-0.036345070422541426,-0.250483512646637,-0.3918309859154917
104180536,62.98943289529085,-0.036711267605639364,-0.13791149921439894,-0.33378873239436513
104180537,62.98900158489455,-0.03689436619718833,-0.293830207473993,-0.3077887323943652
104180538,62.98867810209734,-0.0370774647887302,-0.21252819777293222,-0.2506619718309851
104180539,62.98846244689919,-0.037352112676060756,-0.263314996936327,-0.24910563380281608
104180540,62.9880311365029,-0.037718309859158694,-0.22708492364779057,-0.23491549295774572
104180541,62.98759982610661,-0.03808450704225663,-0.13230446406260163,-0.3160281690140835
104180542,62.98738417090846,-0.03863380281690354,-0.04011186685516529,-0.42936619718309715
104180543,62.987060688111235,-0.03881690140845251,-0.12076691096178796,-0.3523732394366186
104180544,62.98695286051217,-0.03890845070422699,-0.1982949546952929,-0.29002816901408357
104180545,62.98662937771495,-0.03918309859155045,-0.27226468765938805,-0.27135211267605547
104180546,62.98630589491773,-0.039732394366197354,-0.3958351161970746,-0.3690352112676044
104180547,62.985982412120514,-0.039915492957746324,-0.36370249167331326,-0.43705633802816757
104180548,62.98576675692237,-0.04019014084506978,-0.19904974788880408,-0.41563380281690004
104180549,62.98533544652607,-0.04037323943662585,-0.21975264691082488,-0.3174014084507032
104180550,62.98501196372885,-0.04083098591549117,-0.13769584401625287,-0.2804154929577456
104180551,62.984796308530704,-0.04092253521127276,-0.2210465780997012,-0.22026760563380213
104180552,62.98458065333256,-0.04138028169014518,-0.19355054033607982,-0.23674647887323869
104180553,62.98447282573349,-0.04156338028169415,-0.15678132905217831,-0.3342464788732384
104180554,62.98393368773812,-0.041838028169017605,-0.14276374117268506,-0.4019014084507029
104180555,62.983718032539976,-0.04220422535211554,-0.22126223329784725,-0.3811197183098579
104180556,62.98328672214369,-0.042478873239439,-0.3021329326026159,-0.48667605633802663
104180557,62.98296323934647,-0.04293661971831142,-0.16993629613908734,-0.5582676056338011
104180558,62.98263975654925,-0.04330281690140936,-0.14880208672077444,-0.44447183098591403
104180559,62.98253192895017,-0.04348591549295833,-0.046042384804181664,-0.28307042253521036
104180560,62.981777135756666,-0.043852112676056265,-0.16357446779377888,-0.2573450704225344
104180561,62.981777135756666,-0.044126760563386824,-0.04097448764774949,-0.17385211267605577
104180562,62.9812379977613,-0.04430985915493579,-0.04841459198378821,-0.22951408450704153
104180563,62.9812379977613,-0.044676056338026626,-0.19290357474164166,-0.4749577464788717
104180564,62.981130170162224,-0.044859154929575595,-0.25803144458174876,-0.43339436619718175
104180565,62.98026754936964,-0.0454084507042225,-0.3469892138169943,-0.3819436619718298
104180566,62.980051894171496,-0.04559154929577147,-0.4942817141507465,-0.3891760563380269
104180567,62.97983623897335,-0.045957746478876516,-0.5168176823570088,-0.3900915492957734
104180568,62.9796205837752,-0.046323943661974454,-0.48080326426661835,-0.3899084507042241
104180569,62.97918927337891,-0.04659859154929791,-0.34990055899196604,-0.39045774647887194
104180570,62.97886579058169,-0.04687323943662136,-0.32962897036623734,-0.4918943661971815
104180571,62.978650135383546,-0.0472394366197193,-0.2382989939513852,-0.37434507042253395
104180572,62.97821882498725,-0.04751408450704275,-0.3605754913001955,-0.35704225352112556
104180573,62.97821882498725,-0.04760563380281724,-0.3295211427671643,-0.2889295774647878
104180574,62.977679686991884,-0.04806338028168966,-0.33566731591432675,-0.26942957746478785
104180575,62.97735620419467,-0.04833802816902022,-0.3817097007185084,-0.3116338028169004
104180576,62.97714054899652,-0.0484295774647876,-0.22751623404408267,-0.13073239436619677
104180577,62.97670923860023,-0.04879577464788554,-0.4026282549386752,-0.2225563380281683
104180578,62.976385755803015,-0.049253521126765065,-0.42688946473010586,-0.30174647887323847
104180579,62.97595444540672,-0.049253521126765065,-0.518219441144958,-0.2229225352112669
104180580,62.97584661780765,-0.04952816901408852,-0.3165818308784013,-0.1582887323943657
104180581,62.97530747981228,-0.050077464788735426,-0.4128718768506126,-0.28059859154929484
104180582,62.97487616941599,-0.05035211267605888,-0.4718535735435572,-0.2662253521126752
104180583,62.974337031420625,-0.05053521126760785,-0.5718097578842515,-0.2621971830985907
104180584,62.974337031420625,-0.050626760563382334,-0.4477001913511997,-0.2414154929577457
104180585,62.97412137622248,-0.0508098591549313,-0.5040940256663917,-0.2789507042253512
104180586,62.97347441062804,-0.05117605633802924,-0.5710549646907402,-0.29964084507042155
104180588,62.972935272632675,-0.051450704225352695,-0.20314719665357905,-0.2368380281690133
104180589,62.97250396223638,-0.051725352112683254,-0.18675740159447926,-0.20360563380281624
104180590,62.97207265184009,-0.0519999999999996,-0.17381808970571624,-0.1393380281690136
104180591,62.97174916904287,-0.05218309859154857,-0.13866629240791012,-0.09429577464788702
104180592,62.97142568624565,-0.05236619718309754,-0.21845871572194858,-0.1656126760563375
104180593,62.97110220344843,-0.05254929577464651,-0.349792731392893,-0.20543661971830918
104180594,62.97056306545307,-0.05291549295775155,-0.33210900514491687,-0.20845774647887255
104180595,62.97023958265585,-0.05291549295775155,-0.3662903540510658,-0.14144366197183053
104180596,62.96970044466048,-0.05328169014084949,-0.4436027425864247,-0.2464507042253513
104180597,62.969269134264195,-0.05337323943661687,-0.3917376674322997,-0.18410563380281633
104180598,62.969269134264195,-0.05364788732394743,-0.18071905604638985,-0.13338732394366154
104180599,62.968622168669754,-0.053739436619721914,-0.18999222956666997,-0.07122535211267583
104180600,62.96829868587254,-0.0538309859154964,-0.1520369146929652,-0.03176760563380271
104180601,62.96808303067439,-0.05401408450704537,-0.176945090078834,-0.08999295774647857
104180602,62.96732823748088,-0.05419718309859434,-0.24466082229669367,-0.04824647887323928
104180603,62.967220409881804,-0.054380281690143306,-0.27485255003714065,-0.08742957746478845
104180604,62.96646561668829,-0.054929577464790214,-0.26708896290388284,-0.15480985915492906
104180605,62.96624996149014,-0.05465492957746676,-0.15354650107998755,0.015746478873239385
104180606,62.966034306292,-0.054746478873241244,-0.04798328158749611,0.05447183098591532
104180607,62.965495168296634,-0.0550211267605647,-0.36758428523994213,-0.13366197183098547
104180608,62.96506385790035,-0.05520422535211367,-0.27150989446587687,-0.10573943661971796
104180609,62.96452471990498,-0.05547887323943712,-0.37092694081120586,-0.1818169014084501
104180610,62.963877754310545,-0.05566197183098609,-0.4947130245470386,-0.22145774647887254
104180611,62.9636620991124,-0.055753521126760575,-0.46279605522142314,-0.1970140845070416
104180612,62.963015133517956,-0.055936619718309544,-0.5977962092608504,-0.24828169014084425
104180613,62.96247599552259,-0.05611971830986562,-0.47034398715653497,-0.1800774647887318
104180614,62.962152512725375,-0.05611971830986562,-0.4367017762457511,-0.18227464788732337
104180615,62.96161337473001,-0.056485915492963557,-0.34655790342070225,-0.17357746478873182
104180616,62.961289891932786,-0.056394366197181967,-0.33135421195140574,-0.08422535211267579
104180617,62.96053509873928,-0.056760563380279905,-0.4652760900001028,-0.18547887323943602
104180618,62.96021161594206,-0.057035211267610464,-0.36434945726775136,-0.1652464788732389
104180619,62.95978030554576,-0.05712676056338495,-0.23948509754118844,-0.0550211267605632
104180620,62.959025512352255,-0.05749295774648289,-0.37103476841027894,-0.18813380281690079
104180621,62.95880985715411,-0.057676056338031856,-0.2236344404774538,-0.09731690140845038
104180622,62.95816289155967,-0.057676056338031856,-0.47961716067681504,-0.20104225352112612
104180623,62.95773158116338,-0.05795070422535531,-0.5031235772747346,-0.25459859154929493
104180624,62.956976787969865,-0.05822535211267876,-0.6316540753697804,-0.28618309859154833
104180625,62.95611416717728,-0.05850000000000222,-0.565555757138016,-0.21184507042253453
104180626,62.955898511979136,-0.0585915492957767,-0.32024796924688415,-0.12670422535211226
104180627,62.95546720158284,-0.0585915492957767,-0.3814940455203623,-0.1373239436619714
104180628,62.95492806358748,-0.05877464788732567,-0.4829598162480789,-0.14785211267605586
104180629,62.95428109799304,-0.05923239436619809,-0.548411168885405,-0.22081690140845
104180630,62.95395761519582,-0.059049295774649124,-0.5370892709827374,-0.11571830985915454
104180631,62.953310649601384,-0.05950704225352155,-0.6968897728089604,-0.33040140845070315
104180632,62.95309499440324,-0.059781690140845,-0.46603088319361397,-0.2581690140845062
104180633,62.95255585640787,-0.059781690140845,-0.518435096343104,-0.24828169014084425
104180634,62.95180106321436,-0.060239436619717424,-0.6300366613836849,-0.27794366197183007
104180635,62.95136975281807,-0.06051408450704798,-0.5944535536895866,-0.3382746478873228
104180636,62.95093844242178,-0.06069718309859695,-0.42430160235235326,-0.22493661971830914
104180637,62.95018364922827,-0.06106338028169489,-0.6654041138796372,-0.3547535211267594
104180638,62.9496445112329,-0.06133802816901124,-0.7716142989665666,-0.46964788732394214
104180639,62.94899754563846,-0.06142957746479283,-0.7669777122064266,-0.3194154929577454
104180640,62.94867406284124,-0.0616126760563418,-0.7044377047440721,-0.3002816901408441
104180641,62.94791926964773,-0.062161971830988705,-0.6122451075366357,-0.3382746478873228
104180642,62.94748795925145,-0.06225352112676319,-0.5297569942457716,-0.2600915492957738
104180643,62.94705664885515,-0.06261971830986113,-0.36510425046126255,-0.1571901408450699
104180644,62.94662533845886,-0.06289436619718458,-0.3913063570360076,-0.1909718309859149
104180645,62.94597837286442,-0.06326056338028252,-0.5380597193743946,-0.2850845070422526
104180646,62.9452235796709,-0.06353521126760597,-0.5940222432932946,-0.24288028169014006
104180647,62.944792269274615,-0.06380985915492943,-0.6743538046026981,-0.3140140845070412
104180648,62.94436095887833,-0.06417605633802737,-0.7527444691287873,-0.39411971830985787
104180649,62.94349833808574,-0.0646338028169069,-0.8343699616270672,-0.43412676056337884
104180650,62.94306702768945,-0.0646338028169069,-0.587552587348913,-0.2346408450704218
104180651,62.942743544892224,-0.06490845070423035,-0.5335309602133276,-0.18776760563380218
104180652,62.94188092409964,-0.06536619718309566,-0.6135390387255121,-0.2599999999999992
104180653,62.941665268901495,-0.06545774647887725,-0.3552919389456173,-0.1668028169014079
104180654,62.940802648108914,-0.06591549295774968,-0.5624287567648982,-0.18547887323943602
104180655,62.94015568251448,-0.06619014084507313,-0.5921891741090531,-0.24443661971830907
104180656,62.93983219971725,-0.06655633802817107,-0.5240421314949013,-0.26558450704225267
104180657,62.939400889320964,-0.06683098591549452,-0.5155237511681323,-0.2716267605633794
104180658,62.93875392372652,-0.06710563380281798,-0.5688984127092798,-0.30513380281690045
104180659,62.938322613330236,-0.06728873239436695,-0.5542338592353483,-0.2674154929577456
104180660,62.93756782013672,-0.06783802816901385,-0.48770423060729196,-0.27327464788732303
104180661,62.93724433733951,-0.0681126760563373,-0.4473767085539806,-0.28352816901408356
104180662,62.93681302694321,-0.06829577464788628,-0.43648612104760515,-0.25707042253521045
104180663,62.93616606134877,-0.06866197183099132,-0.5287865458541144,-0.32564084507042146
104180664,62.935626923353404,-0.06893661971830767,-0.5391379953651249,-0.28490140845070333
104180665,62.93497995775897,-0.06930281690141271,-0.5710549646907402,-0.3201478873239426
104180666,62.93454864736268,-0.06966901408451065,-0.6784512533674731,-0.43128873239436477
104180667,62.93411733696639,-0.0699436619718341,-0.6390941797058189,-0.3747112676056326
104180668,62.93368602657009,-0.07012676056337597,-0.5687905851102067,-0.3512746478873228
104180669,62.933470371371946,-0.07049295774648101,-0.5596252391889996,-0.35383802816901294
104180670,62.93293123337658,-0.07085915492957895,-0.5587626183964154,-0.36839436619718186
104180671,62.932068612584004,-0.07140845070422586,-0.5580078252029043,-0.3509084507042242
104180672,62.93163730218771,-0.07168309859154931,-0.3598206981066843,-0.24571830985915416
104180673,62.931205991791415,-0.07195774647887276,-0.2659028593140796,-0.20259859154929513
104180674,62.93077468139512,-0.07214084507042173,-0.3211105900394684,-0.18401408450704165
104180675,62.930559026196974,-0.07250704225351967,-0.18902178117501278,-0.19893661971830923
104180676,62.92969640540439,-0.07278169014084312,-0.3792296659398288,-0.19829577464788667
104180677,62.92937292260718,-0.0729647887323921,-0.17338677930942417,-0.23839436619718232
104180678,62.928941612210885,-0.07323943661972265,-0.276362136424163,-0.2870070422535202
104180679,62.92840247421552,-0.07369718309859508,-0.33998041987724775,-0.34349295774647776
104180680,62.92786333622015,-0.0741549295774675,-0.5692218955064988,-0.4593943661971816
104180681,62.927647681022,-0.07424647887324198,-0.3875323910684517,-0.2778521126760554
104180682,62.92700071542757,-0.07479577464788889,-0.5939144156942215,-0.4359577464788718
104180683,62.926353749833126,-0.07497887323943786,-0.6523569743918011,-0.3607042253521115
104180684,62.92603026703591,-0.0753450704225358,-0.5382753745725406,-0.5237535211267589
104180685,62.92570678423869,-0.07580281690140822,-0.5143376475783291,-0.5105704225352097
104180686,62.92538330144147,-0.0758943661971827,-0.4137344976431968,-0.38899295774647763
104180687,62.92495199104518,-0.07598591549295719,-0.29771200104062195,-0.22273943661971757
104180688,62.92419719785166,-0.07671830985915307,-0.45050370892709835,-0.36912676056337906
104180689,62.923765887455374,-0.07671830985915307,-0.33825517829207935,-0.193535211267605
104180690,62.923442404658154,-0.07699295774648363,-0.37114259600935195,-0.21495774647887253
104180691,62.92301109426187,-0.07735915492958156,-0.4148127736339271,-0.2910352112676047
104180692,62.922364128667425,-0.07763380281690502,-0.548411168885405,-0.31868309859154825
104180693,62.92193281827113,-0.0777253521126724,-0.39820732337668124,-0.18053521126760502
104180694,62.92150150787484,-0.07809154929577744,-0.47034398715653497,-0.26302112676056255
104180695,62.92139368027577,-0.0783661971831009,-0.2683828940927591,-0.20928169014084438
104180696,62.920962369879476,-0.07854929577464986,-0.362839870880729,-0.22594366197183027
104180697,62.92020757668597,-0.0789154929577478,-0.39065939144156947,-0.20900704225352043
104180698,62.91988409388875,-0.07909859154929677,-0.5764463446443915,-0.3221619718309849
104180699,62.919237128294306,-0.07928169014084574,-0.7662229190129155,-0.5403239436619701
104180700,62.91880581789801,-0.07973943661971816,-0.651710008797363,-0.5170704225352096
104180701,62.91859016269987,-0.07983098591549975,-0.5896013117313005,-0.3946690140845057
104180702,62.91794319710543,-0.0801056338028161,-0.6646493206861259,-0.42469718309859017
104180703,62.917619714308216,-0.08038028169013955,-0.4635508484149343,-0.3179507042253511
104180704,62.91718840391192,-0.08074647887323749,-0.3095730369386547,-0.24361267605633724
104180705,62.91654143831748,-0.08083802816901908,-0.5848568973720875,-0.2846267605633793
104180706,62.915894472723046,-0.08102112676056805,-0.6067458999839115,-0.3077887323943652
104180707,62.915570989925826,-0.08147887323944047,-0.5330996498170354,-0.3259154929577454
104180708,62.91513967952953,-0.08184507042253841,-0.5373049261808834,-0.3451408450704214
104180709,62.914708369133244,-0.08184507042253841,-0.5261986834763618,-0.2385774647887316
104180710,62.9144927139351,-0.08211971830986187,-0.2921049658888247,-0.2179788732394359
104180711,62.91352226554344,-0.08257746478873429,-0.32197321083205255,-0.21257746478873168
104180712,62.912875299949,-0.08276056338028326,-0.5642618259491397,-0.24049999999999921
104180713,62.912443989552706,-0.08303521126760671,-0.6596892511287668,-0.31694366197182994
104180714,62.91190485155734,-0.08330985915493017,-0.6373689381206505,-0.34111267605633694
104180715,62.911581368760125,-0.08358450704225362,-0.7486470203640124,-0.41819718309859016
104180716,62.91093440316568,-0.08385915492957707,-0.7570575730917084,-0.3898169014084494
104180717,62.91039526517032,-0.08404225352113315,-0.7310711217151092,-0.35145774647887207
104180718,62.909856127174955,-0.08422535211268212,-0.8429961695529092,-0.42414788732394226
104180719,62.90920916158051,-0.08477464788732902,-0.8109713726282208,-0.4451126760563366
104180720,62.90877785118422,-0.084957746478878,-0.5796811726165823,-0.3233521126760553
104180721,62.90813088558979,-0.08514084507042696,-0.5952083468830978,-0.30540845070422434
104180722,62.907591747594424,-0.08532394366196883,-0.5025844392793694,-0.21495774647887253
104180723,62.90716043719813,-0.08559859154929939,-0.3750243895759809,-0.18410563380281633
104180724,62.90683695440091,-0.08578169014084835,-0.3989621165701924,-0.18630281690140785
104180725,62.906082161207394,-0.08605633802817181,-0.4938504037544543,-0.22484507042253446
104180726,62.90554302321203,-0.08623943661972078,-0.530943097835575,-0.20534507042253455
104180727,62.90543519561297,-0.08642253521126975,-0.4546011576918733,-0.22420422535211193
104180728,62.90457257482038,-0.08678873239436768,-0.4644134692075186,-0.2123943661971824
104180729,62.90435691962223,-0.08706338028169114,-0.39551163339985557,-0.2141338028169007
104180730,62.90349429882965,-0.08733802816901459,-0.6870774612933152,-0.33259859154929466
104180731,62.90295516083428,-0.08770422535211253,-0.7994338195274071,-0.4361408450704211
104180732,62.90230819523985,-0.08797887323943598,-0.64340728366874,-0.3491690140845059
104180733,62.90187688484355,-0.08825352112675944,-0.7744178165424653,-0.42442253521126627
104180734,62.90112209165004,-0.08843661971831551,-0.6161269011032647,-0.29790140845070323
104180735,62.900798608852824,-0.08871126760563186,-0.5511068588622307,-0.29002816901408357
104180736,62.90015164325838,-0.0890774647887298,-0.4340060862689255,-0.22786619718309783
104180737,62.89972033286209,-0.08916901408451139,-0.46818743517507444,-0.1960070422535205
104180738,62.899396850064875,-0.08944366197183484,-0.28315527516576355,-0.14977464788732348
104180739,62.89874988447043,-0.08980985915493278,-0.530835270236502,-0.3102605633802807
104180740,62.898102918876,-0.09017605633803072,-0.5852882077683795,-0.278492957746478
104180741,62.89745595328156,-0.09045070422535417,-0.4741179531240908,-0.20204929577464725
104180742,62.896808987687116,-0.09072535211267763,-0.5345014086049847,-0.24571830985915416
104180743,62.8964855048899,-0.09100000000000108,-0.47109878035004604,-0.22310563380281617
104180744,62.89616202209268,-0.0914577464788735,-0.5553121352260786,-0.3650985915492946
104180745,62.895083746101946,-0.09173239436619696,-0.733874639291008,-0.36482394366197063
104180746,62.89465243570566,-0.0920985915492949,-0.7646055050268201,-0.479535211267604
104180747,62.894221125309365,-0.0920985915492949,-0.6590422855343286,-0.3257323943661961
104180748,62.89378981491307,-0.09246478873239283,-0.6122451075366357,-0.34651408450704113
104180749,62.89303502171956,-0.09292253521126526,-0.695164531223792,-0.31309859154929476
104180750,62.89271153892235,-0.09319718309859581,-0.7400208124381704,-0.4106901408450691
104180751,62.891956745728834,-0.09356338028169375,-0.7636350566351628,-0.41480985915492824
104180752,62.89152543533254,-0.09374647887324272,-0.5504598932677925,-0.28654929577464694
104180753,62.89098629733718,-0.09392957746479169,-0.5559591008205167,-0.24233098591549218
104180754,62.89044715934181,-0.0944788732394386,-0.7043298771449991,-0.43723943661971687
104180755,62.889692366148296,-0.09475352112676205,-0.7491861583593775,-0.40354929577464654
104180756,62.889153228152935,-0.0950281690140855,-0.7152204646513747,-0.38697887323943536
104180757,62.88861409015757,-0.09521126760563448,-0.6739224942064062,-0.32463380281690035
104180758,62.887967124563126,-0.0956690140845069,-0.6416820420835716,-0.3769999999999988
104180759,62.8873201589687,-0.09603521126760484,-0.660551871921351,-0.35383802816901294
104180760,62.88710450377055,-0.09612676056337932,-0.5912187257173959,-0.31868309859154825
104180761,62.886349710577036,-0.09658450704225885,-0.7145734990569365,-0.3354366197183088
104180762,62.88581057258167,-0.09676760563380782,-0.6980758763987637,-0.29488028169013986
104180763,62.88537926218538,-0.09676760563380782,-0.6220574190522811,-0.2603661971830978
104180764,62.88462446899187,-0.09722535211268024,-0.7331198460974968,-0.30678169014084405
104180765,62.883761848199285,-0.09768309859155266,-0.6205478326652587,-0.29790140845070323
104180766,62.88365402060021,-0.09777464788732715,-0.4910468861785557,-0.24416197183098512
104180767,62.8828992274067,-0.09823239436619957,-0.5953161744821709,-0.3345211267605623
104180768,62.88246791701041,-0.09841549295774854,-0.39820732337668124,-0.1851126760563374
104180769,62.88192877901504,-0.098690140845072,-0.4727161943361415,-0.24681690140844992
104180770,62.88128181342061,-0.09896478873239545,-0.5256595454809967,-0.2352816901408443
104180771,62.880634847826165,-0.0992394366197189,-0.5673888263222574,-0.23097887323943586
104180772,62.88020353742988,-0.09951408450704236,-0.3701721476176947,-0.12551408450704185
104180773,62.87955657183544,-0.0998802816901403,-0.45902208925386734,-0.21312676056337962
104180774,62.87901743384007,-0.09997183098592188,-0.6151564527116075,-0.23436619718309784
104180775,62.878370468245635,-0.10061267605633617,-0.487812058206365,-0.22713380281690068
104180776,62.87793915784934,-0.10033802816901982,-0.32919765996994527,-0.019774647887323877
104180777,62.877292192254906,-0.10052112676056169,-0.38063142472777817,-0.06756338028168993
104180778,62.87686088185861,-0.10079577464789224,-0.3635946640742402,-0.14556338028168966
104180779,62.87621391626417,-0.10125352112675756,-0.5738584822666389,-0.28590845070422444
104180780,62.875566950669736,-0.10134507042253915,-0.47649016030369734,-0.19179577464788672
104180781,62.875243467872515,-0.10152816901408812,-0.5609191703778759,-0.2663169014084498
104180782,62.874488674679,-0.10171126760563709,-0.6430838008715208,-0.2914014084507033
104180783,62.87394953668364,-0.10216901408450951,-0.5903561049248117,-0.3364436619718299
104180784,62.87362605388642,-0.10216901408450951,-0.38138621792128935,-0.11764084507042215
104180785,62.87308691589105,-0.10244366197183297,-0.5580078252029043,-0.08184507042253494
104180786,62.872655605494764,-0.102260563380284,-0.5863664837591098,-0.020415492957746414
104180787,62.871900812301256,-0.1028098591549309,-0.5411867197475123,-0.12313380281690102
104180788,62.87157732950403,-0.10271830985915642,-0.38807152906381687,-0.025908450704225268
104180789,62.87136167430588,-0.10290140845070539,-0.3749165619769078,-0.11288028169014047
104180790,62.87103819150867,-0.10317605633802884,-0.48716509261192686,-0.2073591549295768
104180791,62.8704990535133,-0.10326760563380333,-0.43303563787726823,-0.153528169014084
104180792,62.87028339831515,-0.10335915492957781,-0.49223298976835894,-0.23134507042253447
104180793,62.86995991551794,-0.10335915492957781,-0.47055964235468095,-0.182366197183098
104180794,62.86985208791886,-0.10335915492957781,-0.47940150547866905,-0.20442957746478807
104180795,62.8693129499235,-0.10354225352112678,-0.4227920159653309,-0.18593661971830924
104180796,62.86920512232443,-0.10363380281690127,-0.2820769991750333,-0.12322535211267566
104180797,62.8688816395272,-0.10363380281690127,-0.3170131412746934,0.08248591549295747
104180798,62.868665984329056,-0.10354225352112678,-0.21856654332102163,0.09951408450704194
104180799,62.868450329130916,-0.10372535211267575,-0.3021329326026159,-0.035521126760563265
104180800,62.86834250153184,-0.10372535211267575,-0.1717693653233288,0.006683098591549274
104180801,62.86801901873462,-0.10381690140845024,-0.18891395357593976,-0.0171197183098591
104180802,62.868126846333695,-0.10372535211267575,-0.06685311142527549,0.08459154929577438
104180803,62.867803363536474,-0.10363380281690127,-0.07494018135575235,0.12029577464788693
104180804,62.8676955359374,-0.10363380281690127,-0.18966874676945092,0.03671126760563368
104180805,62.86758770833833,-0.10363380281690127,-0.14448898275785346,0.04971126760563364
104180806,62.8676955359374,-0.1034507042253523,-0.08561511366398182,0.10317605633802783
104180807,62.8676955359374,-0.10354225352112678,-0.03375003850985682,0.09823239436619687
104180808,62.8676955359374,-0.1034507042253523,-0.02997607254230094,0.08166197183098566
104180809,62.8676955359374,-0.10326760563380333,-0.0018330691842414245,0.07058450704225329
104180810,62.8676955359374,-0.10317605633802884,0.022643795805335244,0.08395070422535184
104180811,62.867803363536474,-0.10299295774647987,0.052619868347636184,0.10143661971830953
104180812,62.86791119113555,-0.10271830985915642,-0.004852241958286124,0.26183098591549214
104180813,62.867803363536474,-0.10271830985915642,-0.04722848839398494,0.20378873239436554
104180814,62.86791119113555,-0.10253521126760745,0.011645380699886696,0.21459154929577395
104180815,62.86791119113555,-0.10253521126760745,0.005714862750870324,0.13823943661971785
104180816,62.86801901873462,-0.10244366197183297,0.026309934173818092,0.08724647887323915
104180817,62.86834250153184,-0.10216901408450951,0.11375811702204133,0.20388028169014016
104180818,62.86834250153184,-0.10216901408450951,0.06793138741600574,0.20085915492957682
104180819,62.8688816395272,-0.10171126760563709,0.19139398835461932,0.30119718309859056
104180820,62.8688816395272,-0.10134507042253915,0.06016780028274794,0.29332394366197084
104180821,62.86909729472535,-0.10116197183099018,0.10556321949249145,0.22695070422535135
104180822,62.86920512232443,-0.10116197183099018,0.09963270154347507,0.19939436619718243
104180823,62.86974426031979,-0.10070422535211065,0.751342710340838,0.5878380281690121
104180824,62.870175570716086,-0.10070422535211065,0.6389863521067459,0.4368732394366183
104180825,62.87028339831515,-0.10006338028168926,0.526737821471727,0.4808169014084491
104180826,62.870391225914226,-0.09978873239437291,0.38796370146474385,0.3934788732394353
104180827,62.87103819150867,-0.09942253521126787,0.3605754913001955,0.3962253521126748
104180828,62.871253846706814,-0.09905633802816993,0.3046129673812955,0.3989718309859142
104180829,62.87157732950403,-0.09859859154929751,0.4141658080394889,0.3989718309859142
104180830,62.87233212269754,-0.09832394366197406,0.44112270780774515,0.3866126760563368
104180831,62.87254777789569,-0.09814084507042509,0.3369612471032031,0.2663169014084498
104180832,62.8733025710892,-0.09759154929577818,0.5213464415180757,0.37141549295774523
104180833,62.87341039868827,-0.09740845070422921,0.6447012148576163,0.3952183098591536
104180834,62.87394953668364,-0.09695070422535679,0.6195773842736015,0.43531690140844925
104180835,62.87416519188179,-0.09676760563380782,0.3812783903222163,0.29524647887323846
104180836,62.87502781267437,-0.09630985915492829,0.5843177593767224,0.4838380281690125
104180837,62.875566950669736,-0.0956690140845069,0.5728880338749817,0.5396830985915475
104180838,62.87599826106602,-0.09539436619719055,0.47584319470925923,0.45161267605633654
104180839,62.876645226660465,-0.09475352112676205,0.5493816172770621,0.4874999999999984
104180840,62.87686088185861,-0.09457042253521308,0.5975805540627044,0.46964788732394214
104180841,62.87772350265119,-0.0938380281690172,0.7444417440001644,0.5562535211267587
104180842,62.878370468245635,-0.09374647887324272,0.8529163086676276,0.4527112676056323
104180843,62.87901743384007,-0.0932887323943632,0.7708595057730555,0.43055633802816756
104180844,62.879772227033584,-0.09273943661972339,0.8553963434463072,0.5134084507042237
104180845,62.88041919262802,-0.09228169014084386,0.7690264365888141,0.4685492957746464
104180846,62.88106615822246,-0.09164084507042247,0.6831956677266862,0.43586619718309716
104180847,62.881497468618754,-0.09127464788732453,0.8216463049364503,0.4999507042253505
104180848,62.88246791701041,-0.09072535211267763,0.7587828146768767,0.479535211267604
104180849,62.88322271020392,-0.09017605633803072,0.7996494747255531,0.5681549295774629
104180850,62.884300986194646,-0.08962676056338381,0.7527444691287873,0.49747887323943496
104180851,62.88494795178909,-0.08935211267606036,0.5880917253442781,0.3765422535211256
104180852,62.885702744982595,-0.08843661971831551,0.7007715663755892,0.5173450704225335
104180853,62.886888848572404,-0.08807042253521047,0.8324290648437528,0.5030633802816885
104180854,62.88764364176591,-0.08724647887324011,0.8241263397151298,0.5750211267605615
104180855,62.88839843495942,-0.08697183098591665,0.8652086549619523,0.5693450704225334
104180856,62.88958453854923,-0.08633098591549526,0.8106478898310018,0.5032464788732378
104180857,62.89044715934181,-0.08569014084506676,0.9040265906282414,0.5737394366197165
104180858,62.89152543533254,-0.08514084507042696,1.0123933276966315,0.6289436619718289
104180859,62.89238805612512,-0.08468309859154743,1.037085847884354,0.6954084507042231
104180860,62.89303502171956,-0.08422535211268212,0.9915826010755375,0.6696830985915472
104180861,62.89411329771029,-0.08349295774647914,1.1239948927372123,0.8204647887323917
104180862,62.894868090903806,-0.08303521126760671,0.8345856168252133,0.5512183098591532
104180863,62.89583853929546,-0.08239436619718532,0.9781041511914094,0.6824999999999978
104180864,62.89670116008804,-0.08184507042253841,0.9583717005610459,0.5778591549295756
104180865,62.897348125682484,-0.08138732394366599,0.6621692859074463,0.43980281690140705
104180866,62.898318574074146,-0.08092957746478646,0.6744616322017712,0.4674507042253506
104180867,62.899396850064875,-0.08038028169013955,0.7531757795250794,0.44566197183098444
104180868,62.900259470857456,-0.0795563380281692,0.5881995529433511,0.40107746478873113
104180869,62.90122991924911,-0.07928169014084574,0.7336589840928619,0.36619718309859034
104180870,62.901984712442626,-0.07854929577464986,0.794689405168194,0.5211901408450688
104180871,62.90295516083428,-0.07790845070422137,0.7973850951450197,0.5615633802816883
104180872,62.904141264424084,-0.07754225352113053,0.9431680090917494,0.5279647887323927
104180873,62.90521954041482,-0.07671830985915307,0.8887150715598717,0.5389507042253503
104180874,62.90597433360833,-0.07626056338028775,0.8957238654996185,0.5435281690140827
104180875,62.90694478199998,-0.07580281690140822,0.9855442555274483,0.5165211267605617
104180876,62.90813088558979,-0.07497887323943786,1.2304207330222878,0.7615070422535187
104180877,62.90877785118422,-0.07452112676056544,1.096067544577299,0.6706901408450683
104180878,62.90996395477403,-0.07406338028169301,1.1676650703617875,0.6136549295774628
104180879,62.91093440316568,-0.07333098591549003,1.0128246380929236,0.5795985915492938
104180880,62.91190485155734,-0.07287323943662471,1.010668086111463,0.5340985915492941
104180881,62.913306610345295,-0.07204929577465435,0.997944429420846,0.5289718309859138
104180882,62.91427705873695,-0.07150000000000034,0.9836033587441337,0.5223802816901392
104180883,62.91546316232675,-0.07095070422535343,1.0502408149712632,0.5093802816901393
104180884,62.91632578311933,-0.07049295774648101,0.8776088288553503,0.4663521126760548
104180885,62.917619714308216,-0.06976056338028513,1.1763991058867023,0.5947042253521108
104180886,62.91859016269987,-0.06921126760563823,1.1192504783779993,0.5908591549295755
104180887,62.919776266289674,-0.0687535211267587,1.1913871421578528,0.5591830985915475
104180888,62.92074671468133,-0.0681126760563373,1.1650772079840348,0.5693450704225334
104180889,62.921824990672064,-0.0675633802816904,1.1688511739515908,0.5893028169014065
104180890,62.92311892186094,-0.06701408450704349,1.3989552703734258,0.6711478873239415
104180891,62.92398154265352,-0.06646478873239658,1.2365669061694504,0.68451408450704
104180892,62.925167646243324,-0.06582394366197519,1.4394984476248833,0.748964788732392
104180893,62.92646157743221,-0.0651830985915467,1.416531169022329,0.7521690140845045
104180894,62.92743202582386,-0.0645422535211253,1.3813793717245229,0.6535704225352091
104180895,62.928833784611804,-0.06408450704225999,1.426235652938901,0.6474366197183078
104180896,62.92991206060254,-0.06362676056338046,1.1850253138125444,0.5282394366197166
104180897,62.93077468139512,-0.06289436619718458,1.1549414136711704,0.6569577464788711
104180898,62.93185295738586,-0.06252816901408664,1.0365467098889891,0.5258591549295758
104180899,62.93303906097566,-0.06188732394366525,1.0693263000071886,0.5722746478873221
104180900,62.93411733696639,-0.06115492957746227,0.9718501504451741,0.5903098591549276
104180901,62.935195612957116,-0.06069718309859695,0.9769180476016063,0.6499999999999979
104180902,62.9360582337497,-0.06042253521126639,0.9577247349666077,0.5990070422535192
104180903,62.93702868214136,-0.059781690140845,0.8807358292284679,0.5394999999999982
104180904,62.938322613330236,-0.05895774647887464,1.041075469050056,0.6947676056338006
104180905,62.9388617513256,-0.05877464788732567,0.7833675072655264,0.4607676056338013
104180906,62.94037133771262,-0.058042253521129794,1.0168142592586253,0.5488380281690123
104180907,62.94101830330706,-0.057584507042250266,0.8192740977568437,0.46003521126760416
104180908,62.94220440689686,-0.057035211267610464,0.768702953791595,0.4254295774647874
104180909,62.94328268288759,-0.056394366197181967,0.6172051770939949,0.3143802816901398
104180910,62.94392964848203,-0.055936619718309544,0.3722208720000822,0.20085915492957682
104180911,62.944792269274615,-0.05520422535211367,0.375671355170419,0.29002816901408357
104180912,62.94587054526534,-0.054746478873241244,0.5130437163894528,0.2628380281690132
104180913,62.94705664885515,-0.05410563380281985,0.7404521228344625,0.38304225352112553
104180914,62.94770361444959,-0.053739436619721914,0.4912625413767018,0.30421830985915393
104180915,62.9484584076431,-0.0531901408450679,0.527061304268946,0.2971690140845061
104180916,62.949105373237536,-0.052640845070420994,0.6289583853929546,0.48795774647887163
104180917,62.95007582162919,-0.0519999999999996,0.6365063173280664,0.49876056338028
104180918,62.95061495962455,-0.05154225352112718,0.9068301082041401,0.58582394366197
104180919,62.95147758041714,-0.05099295774648027,0.6723050802203107,0.49500704225351955
104180920,62.95234020120973,-0.050443661971833365,0.850975411884313,0.5611971830985897
104180921,62.952987166804164,-0.050077464788735426,0.7739865061461733,0.47559859154929424
104180922,62.953526304799524,-0.049619718309863,0.6753242529943554,0.4937253521126745
104180923,62.95395761519582,-0.04916197183099058,0.5796811726165823,0.5050774647887307
104180924,62.95492806358748,-0.04861267605633657,0.6554839747649188,0.5132253521126744
104180925,62.95568285678099,-0.047971830985915176,0.8065504410662268,0.6312323943661952
104180926,62.95622199477636,-0.04751408450704275,0.7262188797568231,0.5495704225352095
104180927,62.956761132771724,-0.047147887323944815,0.5765541722434645,0.45454225352112526
104180928,62.957300270767085,-0.04669014084507239,0.509916716016335,0.46351408450704074
104180929,62.95794723636152,-0.04641549295774894,0.4026282549386752,0.3345211267605623
104180930,62.958486374356895,-0.046049295774651,0.3006233462155936,0.2662253521126752
104180931,62.958702029555035,-0.04550000000000409,0.13025573968021417,0.24928873239436541
104180932,62.95945682274855,-0.045042253521124564,0.29717286304525686,0.30632394366197085
104180933,62.95999596074391,-0.044767605633808216,0.3329716259375011,0.2903943661971821
104180934,62.96021161594206,-0.04458450704225214,0.2133908185655164,0.1652464788732389
104180935,62.96085858153649,-0.043852112676056265,0.24573909828742393,0.25963380281690057
104180936,62.961289891932786,-0.043852112676056265,0.27140206686680385,0.15361971830985865
104180937,62.96172120232908,-0.04348591549295833,0.38311145950645775,0.22731690140844996
104180938,62.96172120232908,-0.043669014084507296,0.3198166588505921,0.13384507042253477
104180939,62.96226034032445,-0.04330281690140936,0.3269332803894117,0.16259154929577413
104180940,62.96258382312166,-0.04293661971831142,0.2995450702248634,0.16698591549295722
104180941,62.962691650720735,-0.04275352112676245,0.14621422434302186,0.12505633802816862
104180942,62.96312296111703,-0.04257042253521348,0.21759609492936438,0.09566901408450672
104180943,62.96344644391425,-0.04220422535211554,0.17586681408810373,0.09814084507042221
104180944,62.9636620991124,-0.04238732394366451,0.15009601790965077,0.003936619718309846
104180945,62.9636620991124,-0.04229577464789003,0.19797147189807385,0.11169014084507005
104180946,62.963769926711464,-0.04229577464789003,0.16702495096411568,0.06408450704225331
104180947,62.96398558190961,-0.04220422535211554,0.09046735562226794,0.05648591549295757
104180948,62.964093409508685,-0.04220422535211554,0.25662968579379947,0.1175492957746475
104180949,62.96420123710776,-0.04220422535211554,0.17554333129088467,0.06536619718309838
104180950,62.96430906470683,-0.04211267605634106,0.31712096887376645,0.13979577464788687
104180951,62.96463254750405,-0.04220422535211554,0.27226468765938805,0.09209859154929546
104180952,62.964416892305906,-0.04229577464789003,0.12206084215066426,0.023528169014084433
104180953,62.964740375103126,-0.04220422535211554,0.33663776430598397,0.12340845070422496
104180954,62.96463254750405,-0.04229577464789003,0.16087877781695326,0.058408450704225165
104180955,62.96495603030127,-0.04238732394366451,0.23075106201627343,0.038908450704225224
104180956,62.9648482027022,-0.04238732394366451,0.15645784625495923,-0.08953521126760533
104180957,62.9648482027022,-0.042661971830987966,0.10922935786097429,-0.14574647887323897
104180958,62.9648482027022,-0.042845070422536935,0.05553121352260786,-0.13073239436619677
104180959,62.96506385790035,-0.04275352112676245,0.08884994163617257,-0.04980281690140829
104180960,62.96495603030127,-0.04311971830986039,0.02329076139977339,-0.17412676056337972
104180961,62.96495603030127,-0.04339436619718384,-0.035259624896879165,-0.18090140845070363
104180962,62.9648482027022,-0.043669014084507296,-0.01757589864890307,-0.27473943661971745
104180963,62.9648482027022,-0.043943661971837855,-0.014448898275785346,-0.2691549295774639
104180964,62.96495603030127,-0.0442183098591542,0.02296727860255432,-0.25469014084506963
104180965,62.964740375103126,-0.04458450704225214,-0.05132593715875989,-0.24443661971830907
104180966,62.96517168549942,-0.04449295774648476,0.09736832196294155,-0.07891549295774622
104180967,62.964740375103126,-0.045133802816906154,-0.10135794312864346,-0.22685915492957673
104180968,62.96463254750405,-0.0454084507042225,-0.0665296286280564,-0.2963450704225342
104180969,62.9648482027022,-0.04559154929577147,-0.24724868467444625,-0.3939366197183086
104180970,62.964740375103126,-0.046049295774651,-0.19904974788880408,-0.5091056338028153
104180971,62.96495603030127,-0.04641549295774894,-0.015203691469296522,-0.49949295774647723
104180972,62.964740375103126,-0.04687323943662136,-0.12648177371265829,-0.4139859154929564
104180973,62.96517168549942,-0.047147887323944815,0.0011861035898032746,-0.28792253521126665
104180974,62.96452471990498,-0.04760563380281724,-0.1583987430382737,-0.2789507042253512
104180975,62.96463254750405,-0.048154929577464145,-0.061785214268843314,-0.36821126760563266
104180976,62.964740375103126,-0.04861267605633657,-0.03989621165701924,-0.2897535211267596
104180977,62.96495603030127,-0.049070422535216096,0.03224045212283447,-0.3429436619718299
104180978,62.96463254750405,-0.04989436619718646,-0.1010344603314244,-0.50526056338028
104180979,62.9648482027022,-0.05016901408450991,0.1309027052746523,-0.527598591549294
104180980,62.96517168549942,-0.050443661971833365,0.2552279270058501,-0.5891197183098572
104180981,62.96527951309849,-0.05117605633802924,0.16303532979841376,-0.5192676056338011
104180982,62.9648482027022,-0.05181690140845063,0.03784748727463177,-0.5320845070422519
104180983,62.96506385790035,-0.05218309859154857,0.1321966364635286,-0.46140845070422387
104180984,62.96527951309849,-0.05291549295775155,0.15602653585866713,-0.5354718309859138
104180985,62.96527951309849,-0.05346478873239846,0.0962900459722113,-0.4563732394366182
104180986,62.965818651093855,-0.053739436619721914,0.2509148230429291,-0.40235915492957613
104180987,62.965495168296634,-0.054563380281692275,0.0032348279721907494,-0.6178661971830965
104180988,62.96571082349478,-0.05520422535211367,-0.0669609390243485,-0.6897323943661949
104180989,62.96592647869293,-0.055387323943662636,0.04733631599305796,-0.5454507042253504
104180990,62.96624996149014,-0.05611971830986562,0.12432522173119778,-0.6108169014084487
104180991,62.966142133891076,-0.056852112676061495,0.09445697678796988,-0.6592464788732373
104180992,62.96657344428737,-0.05730985915493392,0.055099903126315755,-0.6676690140845049
104180993,62.966681271886436,-0.05795070422535531,0.09855442555274482,-0.6376408450704204
104180994,62.96689692708458,-0.05840845070422773,0.1317653260672365,-0.636725352112674
104180995,62.96711258228273,-0.058866197183100155,0.17640595208346885,-0.5761197183098573
104180996,62.967220409881804,-0.05959859154929603,0.1514977766976001,-0.55982394366197
104180997,62.967867375476246,-0.05996478873239397,0.3359907987115458,-0.4371478873239422
104180998,62.96797520307531,-0.06060563380281536,0.2499443746512719,-0.512035211267604
104180999,62.96775954787717,-0.06142957746479283,0.1394210856014213,-0.6120985915492938
104181000,62.96819085827346,-0.06225352112676319,0.30073117381466663,-0.7380704225352088
104181001,62.96851434107068,-0.06243661971831216,0.29738851824340284,-0.5354718309859138
104181002,62.968622168669754,-0.06298591549295907,0.23323109679495302,-0.542154929577463
104181003,62.9688378238679,-0.06362676056338046,0.1973245063036357,-0.5349225352112659
104181004,62.96937696186326,-0.06417605633802737,0.30439731218314947,-0.49766197183098426
104181005,62.969808272259556,-0.0646338028169069,0.24142599432450293,-0.646338028169012
104181006,62.96991609985863,-0.06545774647887725,0.1675640889594808,-0.6393802816901387
104181007,62.97023958265585,-0.06591549295774968,0.17651377968254187,-0.6024859154929558
104181008,62.970455237854,-0.06655633802817107,0.16961281334186828,-0.6369999999999979
104181009,62.970886548250284,-0.06701408450704349,0.3141017960997217,-0.6357183098591528
104181010,62.97110220344843,-0.0675633802816904,0.26633416971037166,-0.5704436619718292
104181011,62.97142568624565,-0.06820422535211179,0.29652589745081864,-0.5673309859154911
104181012,62.97174916904287,-0.0687535211267587,0.341166523467051,-0.725802816901406
104181013,62.97196482424102,-0.0693943661971872,0.29232062108697066,-0.7078591549295752
104181014,62.97218047943917,-0.07012676056337597,0.2609427897567204,-0.7024577464788709
104181015,62.972288307038234,-0.07067605633802998,0.21425343935810062,-0.6437746478873219
104181016,62.97250396223638,-0.07122535211267689,0.2577079617845297,-0.6323309859154909
104181017,62.97315092783082,-0.07150000000000034,0.40812746249139953,-0.6835985915492935
104181018,62.97336658302896,-0.07223239436620332,0.31712096887376645,-0.7211338028168991
104181019,62.97369006582619,-0.0729647887323921,0.31550355488767107,-0.6348943661971811
104181020,62.97379789342526,-0.073514084507039,0.2098325077961066,-0.6154859154929557
104181021,62.97412137622248,-0.0741549295774675,0.2477878226698114,-0.585549295774646
104181022,62.974337031420625,-0.07488732394366338,0.2276240616431557,-0.6548521126760541
104181023,62.97476834181691,-0.0753450704225358,0.2844492063546399,-0.6158521126760543
104181024,62.97498399701506,-0.07580281690140822,0.27657779162230905,-0.6226267605633782
104181025,62.97541530741135,-0.07644366197183672,0.30633820896646397,-0.6474366197183078
104181026,62.97541530741135,-0.0771760563380326,0.2155473705469769,-0.7175633802816878
104181027,62.9756309626095,-0.0777253521126724,0.2318293380070037,-0.6335211267605613
104181028,62.97595444540672,-0.07854929577464986,0.250483512646637,-0.6215281690140825
104181029,62.97595444540672,-0.07919014084507126,0.18222864243341222,-0.5622042253521108
104181030,62.97649358340208,-0.07964788732395078,0.23031975161998133,-0.47376760563380127
104181031,62.97649358340208,-0.08028873239436507,0.1748963656964465,-0.4995845070422519
104181032,62.9768170661993,-0.08092957746478646,0.23603461437085166,-0.5158802816901392
104181033,62.97670923860023,-0.08184507042253841,0.12162953175437217,-0.5907676056338009
104181034,62.97703272139745,-0.0824859154929598,0.14793946592819027,-0.5234788732394349
104181035,62.9772483765956,-0.08294366197183223,0.21349864616458944,-0.6009295774647868
104181036,62.97735620419467,-0.08358450704225362,0.19656971311012453,-0.5884788732394347
104181037,62.977679686991884,-0.08413380281690053,0.20099064467211855,-0.5271408450704208
104181038,62.977679686991884,-0.08514084507042696,0.17554333129088467,-0.5948873239436601
104181039,62.97789534219003,-0.08569014084506676,0.2172726121321453,-0.6740774647887302
104181040,62.97821882498725,-0.08614788732394629,0.2684907216918322,-0.5665985915492939
104181041,62.97811099738818,-0.08697183098591665,0.1532230182827685,-0.5983661971830967
104181042,62.978326652586325,-0.08742957746478908,0.21587085334419598,-0.5085563380281674
104181043,62.978326652586325,-0.08816197183098495,0.1636822953928519,-0.6437746478873219
104181044,62.97821882498725,-0.08898591549296242,0.13866629240791012,-0.6634577464788711
104181045,62.9784344801854,-0.08962676056338381,0.177052917677907,-0.6012042253521107
104181046,62.97854230778447,-0.09035915492957969,0.17910164206029447,-0.6262887323943641
104181047,62.97897361818076,-0.0909084507042266,0.2828317923685445,-0.6396549295774627
104181048,62.97897361818076,-0.09154929577464799,0.2628836865400349,-0.6027605633802797
104181049,62.97897361818076,-0.0920985915492949,0.09424132158982382,-0.6876267605633781
104181050,62.97886579058169,-0.09283098591549788,-0.03191696932561539,-0.795471830985913
104181051,62.97908144577984,-0.09356338028169375,0.05984431748552886,-0.7521690140845045
104181052,62.97886579058169,-0.09429577464788963,0.028897796551570692,-0.7007183098591526
104181053,62.97918927337891,-0.09484507042253654,-0.06167738666977029,-0.5498450704225334
104181054,62.979728411374275,-0.09521126760563448,-0.030730865735812116,-0.5560704225352094
104181055,62.979404928577054,-0.0962183098591538,-0.10340666751103095,-0.6207957746478853
104181056,62.979512756176135,-0.09667605633802623,-0.012292346294324847,-0.5170704225352096
104181057,62.97983623897335,-0.0975000000000037,0.13025573968021417,-0.5353802816901391
104181058,62.979728411374275,-0.09814084507042509,-0.06264783506142751,-0.6103591549295755
104181059,62.979728411374275,-0.09859859154929751,-0.059305179490163736,-0.4569225352112661
104181060,62.980051894171496,-0.09933098591549339,0.02997607254230094,-0.5264084507042236
104181061,62.980051894171496,-0.10015492957747085,0.03827879767092387,-0.5949788732394347
104181062,62.97994406657242,-0.10079577464789224,0.06458873184474197,-0.5721830985915475
104181063,62.98026754936964,-0.10125352112675756,0.18880612597686672,-0.5296126760563363
104181064,62.980375376968716,-0.10198591549296054,0.19549143711939426,-0.5445352112676038
104181065,62.98048320456779,-0.10244366197183297,0.06275566266050053,-0.6521971830985894
104181066,62.980806687365,-0.10308450704225436,0.1671327785631887,-0.6344366197183078
104181067,62.980806687365,-0.10372535211267575,-0.012400173893397872,-0.715183098591547
104181068,62.981130170162224,-0.10436619718310425,0.10955284065819337,-0.6584225352112655
104181069,62.9812379977613,-0.10509859154930012,0.08227245809271805,-0.7010845070422512
104181070,62.98156148055852,-0.1058309859154889,0.1778077108714182,-0.7277253521126736
104181071,62.98199279095481,-0.10619718309859394,0.11979646257013074,-0.6640070422535189
104181072,62.98210061855388,-0.1070211267605643,0.1343531884449891,-0.7428309859154905
104181073,62.98220844615296,-0.10775352112676728,0.1286383256941188,-0.682957746478871
104181074,62.98253192895017,-0.10857746478873764,0.1451359483522916,-0.6842394366197161
104181075,62.98253192895017,-0.10921830985915193,-0.02577079617845297,-0.7046549295774625
104181076,62.98296323934647,-0.10995070422535491,0.15958484662807695,-0.7602253521126736
104181077,62.98328672214369,-0.11068309859155079,0.19786364429900083,-0.7700211267605609
104181078,62.98382586013905,-0.11141549295774666,0.35734066332800474,-0.8372183098591522
104181079,62.98393368773812,-0.11205633802816806,0.3258550043986815,-0.8368521126760536
104181080,62.98414934293627,-0.11306338028169449,0.3031033809942732,-0.8847323943661943
104181081,62.98447282573349,-0.11397887323943934,0.3024564153998351,-0.8461901408450676
104181082,62.98501196372885,-0.1148028169014097,0.35734066332800474,-0.864042253521124
104181083,62.98533544652607,-0.11553521126761268,0.3553997665446903,-0.9403028169014055
104181084,62.985982412120514,-0.11617605633802697,0.4723927115389224,-0.8539718309859127
104181085,62.985982412120514,-0.11736619718310237,0.40424566892477065,-1.002190140845067
104181086,62.986845032913095,-0.11819014084507273,0.5016139908877122,-0.9599859154929546
104181087,62.987060688111235,-0.11910563380281758,0.38526801148791817,-0.841429577464786
104181088,62.98759982610661,-0.1202042253521114,0.45233677811133977,-0.8945281690140816
104181089,62.98770765370568,-0.12130281690141231,0.3513023177799154,-1.0379859154929545
104181090,62.98835461930012,-0.12212676056338267,0.4529837437057779,-0.9942253521126728
104181091,62.9892172400927,-0.123133802816902,0.5924048293071992,-1.0256267605633769
104181092,62.98975637808807,-0.12441549295774479,0.5212386139190027,-1.1399718309859117
104181093,62.990187688484355,-0.12533098591549674,0.5042018532654647,-1.0235211267605602
104181094,62.9904033436825,-0.12661267605633952,0.4527680885076318,-1.1818098591549258
104181095,62.99126596447509,-0.12761971830985885,0.6158034183060456,-1.211563380281686
104181096,62.99169727487138,-0.12899295774647612,0.5518616520557418,-1.1947183098591512
104181097,62.992020757668605,-0.130274647887326,0.4309869134948808,-1.2026830985915453
104181098,62.99299120606026,-0.13128169014084534,0.5704079990963021,-1.0906267605633768
104181099,62.99353034405562,-0.13247183098592075,0.5285708906559684,-1.04302112676056
104181100,62.993961654451915,-0.1339366197183125,0.46247257242420414,-1.1458309859154892
104181101,62.99450079244728,-0.13521830985915528,0.5593017563917805,-1.2163239436619677
104181102,62.99525558564079,-0.1362253521126746,0.6367219725262124,-1.266676056338024
104181103,62.99590255123523,-0.137598591549299,0.6526804571890201,-1.326183098591545
104181104,62.99665734442874,-0.13888028169014177,0.6923610136478933,-1.3570352112676012
104181105,62.997304310023175,-0.14016197183098456,0.7165143958402509,-1.426246478873235
104181106,62.99805910321669,-0.1416267605633834,0.7400208124381704,-1.4404366197183054
104181107,62.998706068811124,-0.14318309859154965,0.7243858105725818,-1.4629577464788686
104181108,62.999353034405566,-0.14455633802816692,0.7001246007811511,-1.4236830985915447
104181109,62.99978434480185,-0.14620422535211475,0.5967179332701201,-1.5273169014084458
104181110,63.00064696559444,-0.14748591549295753,0.6572092163500871,-1.3943873239436575
104181111,63.0016174139861,-0.14913380281689825,0.7560871247000511,-1.4605774647887275
104181112,63.00226437958054,-0.1506901408450716,0.7347372600835921,-1.4975633802816855
104181113,63.00301917277405,-0.15197183098591438,0.7474609167742091,-1.3940211267605587
104181114,63.00345048317034,-0.15380281690141118,0.708211670711628,-1.7195704225352058
104181115,63.004420931561995,-0.15535915492957741,0.7349529152817382,-1.6499014084506989
104181116,63.00539137995365,-0.15682394366197627,0.7976007503431657,-1.627838028169009
104181117,63.006146173147165,-0.15865492957746596,0.7734473681508081,-1.6028450704225299
104181118,63.00690096634068,-0.1603028169014067,0.8084913378495413,-1.6915563380281635
104181119,63.00776358713326,-0.16213380281690348,0.8231558913234727,-1.715542253521121
104181120,63.00873403552492,-0.16369014084506972,0.837820444797404,-1.6289366197183046
104181121,63.009273173520285,-0.165612676056341,0.7607237114601911,-1.731197183098586
104181122,63.01024362191194,-0.16753521126760518,0.8259594088993713,-1.8776760563380221
104181123,63.01089058750638,-0.16927464788732038,0.7372172948622717,-1.7222253521126702
104181124,63.01207669109618,-0.17083098591549373,0.9213868340789985,-1.6967746478873182
104181125,63.01272365669062,-0.17293661971831398,0.8352325824196515,-1.8289718309859095
104181126,63.01369410508227,-0.17467605633802918,0.8149609937939227,-1.688260563380276
104181127,63.01444889827579,-0.17669014084507495,0.8194897529549898,-1.7987605633802757
104181128,63.01552717426652,-0.17842957746479016,0.8853724159886079,-1.7460281690140786
104181129,63.016066312261884,-0.1805352112676104,0.7575967110870735,-1.823112676056332
104181130,63.01703676065354,-0.18273239436619804,0.8242341673142028,-1.9134718309859091
104181131,63.0180072090452,-0.18456338028169483,0.8555041710453801,-1.9070633802816839
104181132,63.01908548503593,-0.18639436619718452,0.9869460143153975,-2.0015422535211203
104181133,63.01984027822944,-0.18850000000000477,0.8999291418634663,-1.9968732394366133
104181134,63.02081072662109,-0.1906971830985924,0.9083396945911623,-2.000535211267599
104181135,63.0219968302109,-0.19280281690140555,0.9798293927765779,-2.142894366197176
104181136,63.02275162340441,-0.1949084507042258,0.989210393895931,-2.204690140845063
104181137,63.023614244197,-0.19692253521127157,0.9536272862018328,-2.1071901408450633
104181138,63.0248003477868,-0.19893661971831023,0.9694779432655676,-2.054640845070416
104181139,63.02533948578216,-0.20122535211267945,0.8327525476409718,-2.0466760563380215
104181140,63.026309934173824,-0.20351408450704156,0.8853724159886079,-2.1620281690140777
104181141,63.02728038256548,-0.20552816901408733,0.9641943909109894,-2.157176056338021
104181142,63.02846648615528,-0.20772535211267495,1.0473294697962914,-2.2537605633802746
104181143,63.02932910694786,-0.21010563380281866,1.015089017673457,-2.32754929577464
104181144,63.0304073829386,-0.21248591549296236,1.036654537488062,-2.3453098591549217
104181145,63.03137783133025,-0.21468309859155,0.9940626358542172,-2.2934014084506966
104181146,63.032348279721916,-0.21688028169014473,0.9957878774393856,-2.241676056338021
104181147,63.03364221091079,-0.2194436619718374,1.0873335090523837,-2.3292887323943585
104181148,63.03472048690151,-0.221823943661974,1.1202209267696566,-2.482542253521119
104181149,63.03579876289225,-0.2241126760563361,1.114182581221567,-2.458830985915485
104181150,63.03676921128391,-0.22695070422535224,1.0771977147395195,-2.5845281690140762
104181151,63.03784748727463,-0.22942253521127043,1.0892744058356982,-2.5178802816901324
104181152,63.03903359086444,-0.2319859154929631,1.1482561025286429,-2.521633802816893
104181153,63.0400040392561,-0.23427464788732522,1.122808789147409,-2.4179084507042177
104181154,63.04151362564312,-0.23665492957746181,1.2495062180582133,-2.4732042253521045
104181155,63.04226841883663,-0.23940140845071056,1.027704846765001,-2.5742746478873157
104181156,63.04334669482736,-0.2421478873239451,1.0934796821995463,-2.6132746478873154
104181157,63.04464062601624,-0.2450774647887357,0.82876292647527,-2.7836478873239345
104181158,63.04571890200697,-0.2474577464788723,0.8968021414903486,-2.647971830985907
104181159,63.046797177997696,-0.25020422535211395,0.9865147039191053,-2.6951197183098503
104181160,63.04776762638936,-0.25313380281690456,0.9963270154347508,-2.8034225352112583
104181161,63.048953729979154,-0.2559718309859136,1.014873362475311,-2.7354014084506955
104181162,63.050463316366184,-0.25862676056338074,1.1113790636456684,-2.5989014084506956
104181163,63.05154159235691,-0.26164788732394584,1.143403860570357,-2.770464788732385
104181164,63.052404213149494,-0.26448591549296196,1.0860395778635075,-2.8340915492957652
104181165,63.054129454734664,-0.2672323943661965,1.304390465986383,-2.753894366197174
104181166,63.05520773072539,-0.2701619718309871,1.2814231873838289,-2.8133098591549204
104181167,63.05628600671612,-0.2731830985915522,1.179202623462601,-2.8722676056337932
104181168,63.057579937905004,-0.27592957746478675,1.2888632917198675,-2.7745845070422446
104181169,63.05887386909387,-0.27885915492957736,1.2886476365217214,-2.832169014084498
104181170,63.06016780028275,-0.2820633802816914,1.1599014832285295,-2.912457746478864
104181171,63.06135390387255,-0.2850845070422565,1.2241667322760525,-3.0121549295774552
104181172,63.062647835061426,-0.28838028169014507,1.2981364652401475,-3.1376690140844965
104181173,63.064157421448456,-0.2913098591549286,1.311938397921495,-2.9874366197183004
104181174,63.0655591802364,-0.2946971830985916,1.347521505615593,-3.009957746478863
104181175,63.06674528382621,-0.29799295774648016,1.2859519465448959,-2.9975070422535115
104181176,63.06793138741601,-0.3012887323943616,1.2807762217893905,-2.988352112676046
104181177,63.06933314620396,-0.30458450704225726,1.2369982165657425,-3.138676056338018
104181178,63.070627077392835,-0.30769718309858973,1.2807762217893905,-3.021767605633793
104181179,63.07224449137893,-0.31117605633803436,1.2732282898542788,-3.2577816901408343
104181180,63.07321493977059,-0.3145633802816903,1.135855928635245,-3.370387323943651
104181181,63.074616698558536,-0.3182253521126768,1.0705124035969917,-3.458274647887313
104181182,63.07591062974742,-0.32142957746479084,1.1217305131566788,-3.265014084507032
104181183,63.077420216134435,-0.3247253521126794,1.2319303194093103,-3.1701690140844967
104181184,63.078606319724244,-0.32792957746479345,1.3277890549852296,-3.2331549295774544
104181185,63.080008078512186,-0.3313169014084565,1.4448898275785347,-3.256866197183088
104181186,63.08119418210199,-0.3347042253521124,1.2469183556804606,-3.2577816901408343
104181187,63.08238028569179,-0.3383661971830989,1.135532445838026,-3.346767605633792
104181188,63.08378204447975,-0.3419366197183109,1.0737472315691827,-3.469626760563369
104181189,63.0851838032677,-0.3454154929577484,1.2781883594116379,-3.4393239436619605
104181190,63.08658556205564,-0.34898591549296043,1.3531285407673903,-3.436302816901397
104181191,63.087987320843595,-0.35237323943661636,1.3048217763826753,-3.3156408450704116
104181192,63.0891734244334,-0.3563098591549263,1.248751424864702,-3.6064014084506923
104181193,63.09046735562227,-0.3599718309859128,1.273875255448717,-3.567309859154918
104181194,63.091653459212075,-0.3634507042253574,1.3398657460814083,-3.4815281690140734
104181195,63.0931630455991,-0.36738732394366025,1.475944176111566,-3.6272746478873126
104181196,63.0943491491889,-0.37095774647887225,1.4030527191382007,-3.7856549295774524
104181197,63.09575090797685,-0.3747112676056332,1.3763114745680907,-3.900915492957734
104181198,63.09726049436387,-0.3785563380281687,1.5163795257639503,-3.8229154929577343
104181199,63.09855442555275,-0.38221830985915517,1.4968627303317326,-3.695112676056326
104181200,63.100171839538845,-0.3861549295774651,1.4528690699099385,-3.7829084507042126
104181201,63.1011422879305,-0.39000000000000057,1.2443304933027082,-3.8686901408450574
104181202,63.1027597019166,-0.393845070422536,1.4909322123827164,-3.8555070422535085
104181203,63.10405363310547,-0.39778169014084597,1.364234783471912,-3.893316901408438
104181204,63.105563219492495,-0.40135211267605797,1.5043028346677714,-3.638901408450692
104181205,63.1067493230823,-0.4053802816901424,1.459123070656174,-3.753795774647875
104181206,63.10793542667211,-0.4094084507042268,1.4861877980235032,-3.796366197183086
104181207,63.109552840658196,-0.4132535211267623,1.6986081681973624,-3.7862957746478747
104181208,63.110954599446146,-0.4173732394366212,1.640381264697929,-3.8447042253521
104181209,63.112356358234095,-0.42121830985915665,1.4974018683270978,-3.750499999999988
104181210,63.11365028942297,-0.4252464788732411,1.386231613682809,-3.8968873239436492
104181211,63.115159875809994,-0.4293661971831,1.4266669633351934,-3.7582816901408327
104181212,63.11656163459794,-0.43366901408450786,1.5297501480490052,-3.786753521126748
104181213,63.1179633933859,-0.4376971830985923,1.2707482550755993,-3.9594154929577337
104181214,63.11925732457477,-0.44163380281690223,1.3536676787627553,-3.906225352112663
104181215,63.120874738560865,-0.4458450704225356,1.5976815354650111,-4.0512394366197055
104181216,63.122276497348814,-0.450056338028169,1.674778268802224,-4.1457183098591415
104181217,63.12389391133491,-0.45417605633802793,1.4873739016133065,-4.244225352112662
104181218,63.125187842523786,-0.4581126760563379,1.3624017142876705,-4.188197183098578
104181219,63.12669742891081,-0.4625985915492947,1.3763114745680907,-4.371570422535197
104181220,63.127991360099685,-0.4668098591549281,1.1940828321346786,-4.494246478873225
104181221,63.12950094648671,-0.4710211267605615,1.4171781346167671,-4.411394366197169
104181222,63.13122618807188,-0.47514084507042753,1.4785320384893184,-4.436570422535197
104181223,63.13262794685983,-0.4795352112676099,1.5920745003132137,-4.386676056338014
104181224,63.13413753324685,-0.48392957746479226,1.4824138320559472,-4.29540140845069
104181225,63.13521580923758,-0.4884154929577491,1.274198738245936,-4.526197183098577
104181226,63.13661756802553,-0.49299295774648044,1.2545741152146455,-4.589640845070408
104181227,63.13812715441255,-0.4972957746478883,1.3273577445889373,-4.585887323943647
104181228,63.1395289132005,-0.5016901408450707,1.1239948927372123,-4.558880281690126
104181229,63.14114632718659,-0.506084507042253,1.3798697853375004,-4.313894366197169
104181230,63.14265591357362,-0.5104788732394354,1.355500747946997,-4.314169014084493
104181231,63.14405767236156,-0.5148732394366178,1.3447179880396944,-4.262169014084493
104181232,63.145243775951364,-0.5196338028168981,1.2885398089226485,-4.3645211267605495
104181233,63.14664553473932,-0.5240281690140804,1.480796418069852,-4.313985915492943
104181234,63.14815512112634,-0.5284225352112628,1.6398421267025636,-4.3047394366197045
104181235,63.14944905231521,-0.5330000000000013,1.5707246356967548,-4.4651338028168865
104181236,63.15085081110317,-0.5373943661971836,1.6807087867512402,-4.27709154929576
104181237,63.15225256989112,-0.5420633802816894,1.7118709628833446,-4.3495070422535065
104181238,63.15365432867907,-0.5466408450704208,1.7450818633978362,-4.260338028169
104181239,63.15516391506609,-0.5512183098591521,1.7162918944453385,-4.307394366197169
104181240,63.15656567385403,-0.555704225352116,1.4685040717755269,-4.1873732394366066
104181241,63.15807526024106,-0.5603732394366148,1.5094785594232765,-4.41102816901407
104181242,63.159477019029005,-0.5652253521126767,1.4623578986283645,-4.494704225352098
104181243,63.16055529501974,-0.5701690140845059,1.3364152629110715,-4.5949507042253375
104181244,63.16195705380769,-0.5750211267605678,1.368547887434833,-4.717352112676041
104181245,63.16357446779378,-0.5796901408450665,1.3534520235646095,-4.856140845070406
104181246,63.164868398982655,-0.584450704225354,1.4172859622158402,-4.936612676056322
104181247,63.166270157770604,-0.5892112676056342,1.3048217763826753,-4.747563380281675
104181248,63.16777974415763,-0.5938802816901401,1.3406205392749193,-4.744542253521112
104181249,63.169397158143724,-0.5988239436619693,1.41157109946497,-4.767429577464774
104181250,63.17079891693168,-0.6035845070422567,1.21338397236875,-4.795626760563365
104181251,63.17220067571962,-0.608345070422537,1.2876771881300642,-4.893859154929562
104181252,63.173710262106646,-0.6134718309859153,1.416315513824183,-4.949521126760548
104181253,63.175435503691816,-0.6183239436619772,1.468396244176454,-4.844056338028153
104181254,63.17694509007884,-0.6231760563380249,1.425696514943536,-4.768894366197167
104181255,63.17845467646586,-0.6280281690140868,1.4428411031961472,-4.7223873239436465
104181256,63.179964262852884,-0.632971830985916,1.6650737848856516,-4.754887323943646
104181257,63.18125819404175,-0.6380070422535198,1.7342991034905337,-4.640999999999985
104181258,63.18287560802786,-0.643316901408447,1.6374699195229572,-4.78903521126759
104181259,63.18438519441487,-0.6483521126760579,1.5094785594232765,-4.909971830985899
104181260,63.18621826359912,-0.6534788732394361,1.4497420695368208,-5.0228521126760395
104181261,63.18751219478799,-0.6586056338028214,1.411786754663116,-5.117697183098575
104181262,63.18923743637316,-0.6636408450704181,1.3668226458496644,-5.2216056338028
104181263,63.19085485035926,-0.6688591549295779,1.1795261062598201,-5.397197183098574
104181264,63.19236443674628,-0.6738943661971817,1.264386426730291,-5.356457746478855
104181265,63.19408967833145,-0.6790211267605599,1.4022979259446897,-5.258499999999983
104181266,63.195599264718474,-0.6843309859154942,1.4963235923363676,-5.403697183098574
104181267,63.19732450630364,-0.689549295774647,1.5685680837152942,-5.419626760563363
104181268,63.198726265091594,-0.6949507042253487,1.7085283073120807,-5.4399507042253346
104181269,63.20023585147861,-0.7001690140845014,1.7063717553306201,-5.401042253521109
104181270,63.20206892066285,-0.7052042253521122,1.7460523117894933,-5.294478873239419
104181271,63.20368633464895,-0.7106056338028139,1.8632609119818715,-5.23973239436618
104181272,63.205303748635046,-0.7160070422535227,1.8149541475971562,-5.266373239436603
104181273,63.206921162621136,-0.7212253521126755,1.7217911019980627,-5.213091549295758
104181274,63.208322921409085,-0.7262605633802792,1.8032009392981965,-5.06697887323942
104181275,63.20994033539519,-0.7318450704225299,1.713596204468513,-5.142781690140828
104181276,63.211773404579425,-0.7371549295774642,1.6822183731382625,-5.062676056338012
104181277,63.21339081856552,-0.742190140845068,1.8425580129598507,-5.023309859154914
104181278,63.21500823255161,-0.7478661971831002,1.8079453536574097,-5.172352112676039
104181279,63.21694912933493,-0.7531760563380274,1.8788959138474601,-5.221422535211251
104181280,63.21835088812288,-0.7587605633802781,1.7815275918845184,-5.345838028168997
104181281,63.22007612970805,-0.7640704225352124,1.964942337907734,-5.370190140845053
104181283,63.22298747488302,-0.7756056338028188,1.7078813417176424,-5.588260563380263
104181284,63.22482054406726,-0.780732394366197,1.6109443301509931,-5.48279577464787
104181285,63.2266536132515,-0.7863169014084477,1.7058326173352552,-5.482887323943644
104181286,63.228271027237604,-0.7919929577464799,1.5901336035298992,-5.64767605633801
104181287,63.22978061362462,-0.7973028169014071,1.4145902722390147,-5.54230281690139
104181288,63.23161368280886,-0.8027957746478904,1.5262996648786684,-5.419260563380264
104181289,63.23323109679496,-0.8081056338028176,1.541934666744257,-5.36066901408449
104181290,63.23517199357827,-0.8136901408450683,1.8126897680166227,-5.229204225352096
104181291,63.23657375236622,-0.819457746478875,1.740121793840477,-5.379070422535194
104181292,63.23808333875324,-0.8249507042253512,1.6056607777964147,-5.527838028168996
104181293,63.23980858033841,-0.8304436619718274,1.549482598679369,-5.612887323943644
104181294,63.2414259943245,-0.8359366197183107,1.4366949300489849,-5.472908450704208
104181295,63.24336689110782,-0.8415211267605613,1.5609123241811094,-5.442971830985898
104181296,63.24476864989577,-0.8471971830985936,1.542150321942403,-5.407084507042236
104181297,63.246709546679085,-0.8525985915492953,1.5295344928508592,-5.438119718309841
104181298,63.24800347786796,-0.8582746478873204,1.2888632917198675,-5.5174929577464615
104181299,63.24962089185406,-0.8638591549295782,1.515948215367658,-5.344098591549279
104181300,63.25102265064201,-0.8694436619718289,1.5903492587280452,-5.1905704225351945
104181301,63.25274789222718,-0.8753943661971846,1.8014756977130282,-5.3473943661971655
104181302,63.254365306213266,-0.8808873239436608,1.7169388600397766,-5.589542253521109
104181303,63.256090547798436,-0.886563380281693,1.7337599654951685,-5.572788732394348
104181304,63.25770796178453,-0.8921478873239437,1.7172623428369955,-5.485542253521109
104181305,63.2594332033697,-0.8979154929577504,1.7258885507628376,-5.59567605633801
104181306,63.26115844495487,-0.90368309859155,1.6032885706168083,-5.650697183098573
104181307,63.262883686540036,-0.9094507042253497,1.6701416820420838,-5.583774647887306
104181308,63.26450110052614,-0.9154014084507054,1.5121742494001023,-5.716887323943643
104181309,63.26590285931408,-0.9210774647887305,1.5091550766260575,-5.735197183098572
104181310,63.26752027330018,-0.9269366197183047,1.4561038978821292,-5.837915492957728
104181311,63.269137687286275,-0.9327957746478859,1.5749299120606026,-5.885887323943643
104181312,63.270539446074224,-0.9387464788732416,1.5438755635275716,-5.719816901408432
104181313,63.27237251525847,-0.9446971830985902,1.8727497407002978,-5.688140845070404
104181314,63.27377427404642,-0.9506478873239388,1.7782927639123278,-5.622683098591531
104181315,63.275607343230654,-0.9564154929577455,2.0553018659309292,-5.543218309859137
104181316,63.2770091020186,-0.9622746478873196,1.9889878925010187,-5.580661971830968
104181317,63.27841086080656,-0.9684084507042243,1.9725980974419188,-5.80486619718308
104181318,63.2798126195945,-0.974176056338024,1.964403199912369,-5.7877464788732205
104181319,63.2814300335806,-0.9803098591549286,1.8339318050340085,-5.867669014084488
104181320,63.28293961996762,-0.9861690140845027,1.8590556356180234,-5.851190140845051
104181321,63.284449206354644,-0.9922112676056329,1.758021175286599,-5.982014084507022
104181322,63.28585096514259,-0.9981619718309815,1.7732248667558959,-6.000781690140825
104181323,63.287360551529616,-1.0038380281690138,1.6402734370988559,-5.910880281690122
104181324,63.28897796551571,-1.0101549295774603,1.7477775533746618,-6.0460070422535015
104181325,63.290487551902736,-1.0160140845070416,1.8901099841510547,-5.731718309859136
104181326,63.29210496588883,-1.0219647887323973,1.9348584377663602,-5.80349295774646
104181327,63.293506724676774,-1.0280985915492948,1.7813119366863726,-5.9976690140844875
104181328,63.294908483464724,-1.0342323943661924,1.7285842407396632,-5.8944929577464595
104181329,63.296633725049894,-1.0401830985915481,1.7272903095507868,-5.925436619718291
104181330,63.29803548383784,-1.0461338028169038,1.60619991579178,-5.9618732394366
104181331,63.2994372426258,-1.052176056338027,1.5165951809620961,-6.119887323943643
104181332,63.30083900141374,-1.0581267605633755,1.4736797965310322,-6.109359154929558
104181333,63.30224076020169,-1.0643521126760547,1.4754050381162007,-6.35407042253519
104181334,63.30364251898964,-1.0703028169014033,1.41157109946497,-6.166119718309838
104181335,63.30525993297574,-1.076436619718308,1.47217021014401,-6.266274647887303
104181336,63.30623038136739,-1.082845070422536,1.3269264341926452,-6.32294366197181
104181337,63.30795562295256,-1.0887957746478847,1.368008749439468,-6.363957746478853
104181338,63.309249554141445,-1.0950211267605567,1.274090910646863,-6.294654929577444
104181339,63.31075914052846,-1.1011549295774685,1.3465510572239359,-6.2357887323943455
104181340,63.312268726915484,-1.1073802816901406,1.4307644120999683,-6.288704225352093
104181341,63.31356265810436,-1.1133309859154963,1.2716108758681834,-6.447176056338007
104181342,63.314640934095095,-1.1197394366197173,1.2559758740025948,-6.453126760563359
104181343,63.31604269288304,-1.125873239436622,1.2306363882204339,-6.2022816901408255
104181344,63.31733662407192,-1.1321901408450685,1.4693666925681113,-6.266549295774627
104181345,63.31863055526079,-1.1384154929577477,1.3107522943316916,-6.375492957746458
104181346,63.3198166588506,-1.1445492957746453,1.2509079768461626,-6.335302816901388
104181347,63.321110590039474,-1.1505915492957755,1.1209757199631676,-6.286049295774627
104181348,63.32240452122835,-1.1570000000000036,1.1409238257916772,-6.285042253521107
104181349,63.32359062481815,-1.163499999999999,1.1593623452331645,-6.356908450704204
104181350,63.32520803880425,-1.1699084507042272,1.3025573968021418,-6.364323943661951
104181351,63.3266097975922,-1.1759507042253503,1.2065908336271494,-6.402683098591528
104181352,63.327795901182,-1.1825422535211274,1.1518144132980528,-6.359746478873219
104181353,63.32887417717273,-1.1889507042253484,0.8012668887116485,-6.441042253521106
104181354,63.33038376355975,-1.1948098591549297,1.0051688785587387,-6.200725352112656
104181355,63.331569867149554,-1.2014014084506996,1.0603766092841276,-6.400211267605613
104181356,63.33264814314028,-1.2076267605633788,0.9071535910013591,-6.283119718309838
104181357,63.33426555712638,-1.213852112676058,1.0853926122690694,-6.148633802816882
104181358,63.33545166071619,-1.2207183098591514,1.1729486227163657,-6.332098591549276
104181359,63.33663776430599,-1.227035211267605,0.9537351138009059,-6.519591549295753
104181360,63.337931695494866,-1.2333521126760587,1.0375171582806464,-6.34775352112674
104181361,63.339333454282816,-1.2399436619718287,1.1381203082157785,-6.370640845070401
104181362,63.340411730273544,-1.2464436619718242,1.19127931455878,-6.3478450704225144
104181363,63.34170566146242,-1.253126760563383,1.2253528358658559,-6.297492957746458
104181364,63.34289176505222,-1.2594436619718294,1.2199614559122045,-6.242471830985895
104181365,63.34375438584481,-1.265943661971825,1.0134716036873617,-6.367711267605614
104181366,63.34504831703369,-1.272352112676053,1.1251809963270156,-6.297492957746458
104181367,63.34623442062349,-1.2788521126760557,1.1037233041114836,-6.432161971830965
104181368,63.34731269661422,-1.2855352112676002,1.1656163459794,-6.546232394366176
104181369,63.34828314500587,-1.2923098591549262,1.1560196896619006,-6.792499999999977
104181370,63.34990055899197,-1.2988098591549289,1.3033121899956528,-6.558499999999978
104181371,63.35087100738363,-1.3056760563380223,1.2611515987581001,-6.626887323943641
104181372,63.35205711097343,-1.3125422535211229,1.0914309578171588,-6.621852112676035
104181373,63.353243214563236,-1.3191338028169,1.209178696004902,-6.4522112676056125
104181374,63.35421366295489,-1.3259999999999934,1.0488390561833139,-6.452943661971809
104181375,63.355184111346546,-1.3327746478873195,1.0647975408461217,-6.414492957746458
104181376,63.35647804253543,-1.3397323943661945,1.1335915490547115,-6.637049295774627
104181377,63.357448490927084,-1.346415492957746,0.9131919365494485,-6.778492957746456
104181378,63.35874242211596,-1.353373239436614,1.3592747139145527,-6.806781690140823
104181379,63.35982069810669,-1.3602394366197146,1.3796541301393546,-6.735373239436598
104181380,63.36068331889927,-1.3671971830985896,0.9807998411682352,-6.740591549295752
104181381,63.362085077687226,-1.373880281690134,1.1988272464938916,-6.738485915492936
104181382,63.36327118127703,-1.3809295774647907,1.1207600647650215,-6.725211267605611
104181383,63.36424162966868,-1.3878873239436587,0.8467701355204652,-6.783894366197161
104181384,63.36564338845663,-1.3944788732394358,0.7509113999445458,-6.726492957746457
104181385,63.36639818165014,-1.4015281690140853,0.6879400820858993,-6.814563380281668
104181386,63.36769211283902,-1.4080281690140808,1.0160594660651143,-6.796436619718287
104181387,63.36844690603253,-1.4149859154929558,0.8662869309526825,-6.795978873239414
104181388,63.36963300962233,-1.4214859154929513,0.8961551758959106,-6.555112676056317
104181389,63.37038780281585,-1.4285352112676009,0.9541664241971979,-6.6416267605633585
104181390,63.37146607880658,-1.4352183098591524,1.0906761646236476,-6.541288732394345
104181391,63.372544354797306,-1.4419929577464785,1.179310451061674,-6.557309859154908
104181392,63.373622630788034,-1.4487676056338046,1.2544662876155726,-6.556211267605613
104181393,63.37437742398155,-1.455633802816898,1.1908480041624878,-6.516295774647866
104181394,63.375887010368565,-1.462408450704217,1.3438553672471103,-6.481598591549274
104181395,63.37664180356208,-1.4692746478873246,1.1475013093351318,-6.5997887323943445
104181396,63.377720079552816,-1.4758661971830946,0.9354044219584917,-6.618098591549273
104181397,63.37858270034539,-1.4824577464788717,0.8069817514625189,-6.545042253521105
104181398,63.37955314873705,-1.4894154929577468,0.9571855969712426,-6.574887323943641
104181399,63.380954907525,-1.4961901408450657,1.1424334121786996,-6.461457746478852
104181400,63.38192535591666,-1.5029647887323918,0.9616065285332367,-6.43756338028167
104181401,63.383003631907386,-1.5097394366197179,1.0293222607510963,-6.329535211267586
104181402,63.38408190789812,-1.5165140845070368,1.0514269185610665,-6.559049295774627
104181403,63.385375839087,-1.5231971830985884,1.032233605926068,-6.617366197183077
104181404,63.38634628747865,-1.5301549295774635,1.123024444345555,-6.691154929577443
104181405,63.38710108067217,-1.536838028169008,0.8906559683431863,-6.599422535211246
104181406,63.38807152906382,-1.543429577464785,0.9921217390709028,-6.439577464788711
104181407,63.38914980505455,-1.550204225352111,1.0070019477429801,-6.586605633802795
104181408,63.390120253446206,-1.556795774647881,0.9228964204660208,-6.549253521126739
104181409,63.39109070183786,-1.5634788732394327,0.9789667719839937,-6.4928591549295565
104181410,63.3921689778286,-1.5702535211267588,0.9028404870384381,-6.442964788732373
104181411,63.393247253819325,-1.5767535211267543,1.0388110894695226,-6.358830985915473
104181412,63.394109874611914,-1.5833450704225314,0.9696935984637135,-6.466401408450683
104181413,63.39529597820171,-1.5901197183098574,0.9212790064799253,-6.444063380281668
104181414,63.3961585989943,-1.596619718309853,0.9337870079723962,-6.260415492957726
104181415,63.3973447025841,-1.6031197183098556,1.096067544577299,-6.24769014084505
104181416,63.39820732337668,-1.6098028169014,1.0301848815436805,-6.423098591549275
104181417,63.39906994416927,-1.6159366197183047,0.8019138543060867,-6.460450704225331
104181418,63.39971690976371,-1.6225281690140818,0.668962424649047,-6.524901408450683
104181419,63.40057953055629,-1.6290281690140844,0.6664823898703673,-6.446169014084487
104181420,63.40154997894795,-1.6354366197183055,0.5578999976038311,-6.641169014084485
104181421,63.40230477214146,-1.6420281690140826,0.6804999777498606,-6.493591549295754
104181422,63.40338304813219,-1.648528169014078,0.6811469433442987,-6.545591549295754
104181423,63.404030013726626,-1.6552112676056296,0.729885018125306,-6.387760563380261
104181424,63.40510828971736,-1.6617112676056323,0.6236748330383765,-6.425753521126739
104181425,63.40607873810902,-1.6683028169014023,0.8106478898310018,-6.414767605633783
104181426,63.40672570370345,-1.6748028169014049,0.6869696336942421,-6.40213380281688
104181427,63.40737266929789,-1.6814859154929565,0.7306398113188172,-6.318915492957726
104181428,63.40812746249141,-1.6877112676056285,0.820675856544793,-6.143598591549276
104181429,63.40909791088306,-1.6943028169014056,0.7599689182666799,-6.231485915492938
104181430,63.409960531675644,-1.7008943661971756,0.9165345921207123,-6.2318521126760364
104181431,63.41071532486916,-1.7074859154929527,0.8643460341693682,-6.446901408450683
104181432,63.41147011806267,-1.7142605633802788,0.7377564328576368,-6.460816901408429
104181433,63.41276404925154,-1.7205774647887324,0.924190351654897,-6.26206338028167
104181434,63.41330318724691,-1.727077464788728,0.8431039971519821,-6.207316901408431
104181435,63.41448929083671,-1.7337605633802795,0.8385752379909152,-6.414676056338008
104181436,63.41492060123301,-1.7401690140845076,0.6525726295899471,-6.504485915492936
104181437,63.415998877223736,-1.7466690140845031,0.6948410484265729,-6.548338028168993
104181438,63.416861498016324,-1.7528028169014007,0.7261110521577502,-6.523161971830964
104181439,63.41761629120983,-1.7593028169014033,0.7888667148182507,-6.500183098591528
104181440,63.418263256804266,-1.7658943661971804,0.7109073606884536,-6.561978873239416
104181441,63.419018049997774,-1.772211267605634,0.6271253162087133,-6.500183098591528
104181442,63.419988498389436,-1.7787112676056296,0.6486908360233182,-6.457612676056317
104181443,63.420527636384804,-1.7851197183098506,0.6793138741600573,-6.3194647887323745
104181444,63.42117460197924,-1.7915281690140787,0.7653602982203312,-6.3271549295774445
104181445,63.422145050370894,-1.7980281690140814,0.8055799926745696,-6.356176056338008
104181446,63.42268418836626,-1.8042535211267534,0.8311351336548765,-6.220774647887303
104181447,63.42322332636163,-1.8106619718309815,0.8542102398565038,-6.147169014084487
104181448,63.42397811955514,-1.816978873239428,0.9643022185100623,-6.1239154929577255
104181449,63.42462508514957,-1.8232957746478817,0.7606158838611182,-6.143415492957726
104181450,63.425056395545866,-1.8297957746478843,0.8447214111380776,-6.139112676056318
104181451,63.42537987834309,-1.8362042253521054,0.7266501901531153,-6.265633802816881
104181452,63.426242499135675,-1.8426126760563335,0.7801326792933356,-6.304542253521106
104181453,63.42699729232918,-1.849112676056329,0.7696734021832523,-6.36588028169012
104181454,63.42710511992826,-1.855704225352106,0.4735788151287257,-6.232309859154909
104181455,63.427644257923625,-1.8621126760563342,0.4846850578332472,-6.2164718309858955
104181456,63.428183395918985,-1.8686126760563369,0.5411867197475123,-6.301246478873219
104181457,63.42861470631528,-1.8750211267605579,0.6228122122457922,-6.205852112676036
104181458,63.42904601671157,-1.8817042253521095,0.6916062204543822,-6.260690140845051
104181459,63.42947732710786,-1.8879295774647886,0.4553559508853845,-6.180401408450684
104181460,63.429908637504155,-1.8941549295774607,0.4888903341970952,-6.219676056338008
104181461,63.430447775499516,-1.9004718309859143,0.5350405466003499,-6.277535211267586
104181462,63.4305556030986,-1.9069718309859098,0.3376082126976412,-6.3648732394366
104181463,63.43109474109396,-1.9132887323943635,0.2362502695689977,-6.43756338028167
104181464,63.43152605149025,-1.9196971830985845,0.3164740032793283,-6.293556338028148
104181465,63.431633879089325,-1.9261056338028126,0.28002827479264586,-6.220957746478853
104181466,63.43195736188654,-1.9324225352112663,0.3707112856130599,-6.2685633802816705
104181467,63.432173017084686,-1.9388309859154873,0.23312326919587997,-6.24494366197181
104181468,63.43206518948562,-1.9454225352112644,0.011968863497105771,-6.399021126760543
104181469,63.43281998267913,-1.951556338028169,0.2863901031379543,-6.2803732394365985
104181470,63.43281998267913,-1.9578732394366156,0.11300332382853018,-6.346654929577444
104181471,63.432712155080054,-1.9642816901408438,-0.14200894797917388,-6.341253521126739
104181472,63.433035637877275,-1.9704154929577413,-0.08194897529549898,-6.330267605633782
104181473,63.433035637877275,-1.9767323943661879,-0.14200894797917388,-6.316260563380261
104181474,63.43325129307542,-1.9832323943661905,-0.1607709502178802,-6.36880985915491
104181475,63.43314346547634,-1.989732394366193,-0.11386594462111438,-6.368992957746459
104181476,63.43325129307542,-1.9958661971830907,-0.09176128681114425,-6.416598591549275
104181477,63.433035637877275,-2.0024577464788678,-0.25210092663273237,-6.347936619718289
104181478,63.43335912067449,-2.0085915492957724,-0.06124607627347819,-6.237619718309839
104181479,63.43368260347171,-2.0149999999999935,0.13931325800234826,-6.138105633802796
104181480,63.43346694827356,-2.0212253521126726,-0.08669338965471209,-6.1890070422535
104181481,63.43346694827356,-2.0277253521126752,-0.17748422807419909,-6.340704225352092
104181482,63.433574775872636,-2.0339507042253473,0.0056070351517972985,-6.1949577464788534
104181483,63.43346694827356,-2.040267605633801,0.16529970937894728,-6.08656338028167
104181484,63.43379043107078,-2.046492957746473,0.2586784101761869,-6.054978873239417
104181485,63.43368260347171,-2.0526267605633777,0.05650166191426509,-6.100112676056318
104181486,63.43346694827356,-2.058943661971824,0.2388381319467503,-6.096450704225332
104181487,63.43346694827356,-2.0653521126760523,0.14653770714024092,-6.274239436619697
104181488,63.43346694827356,-2.07148591549295,0.016389795059099797,-6.226999999999979
104181489,63.43325129307542,-2.0778028169014036,-0.15128212149945403,-6.261605633802796
104181490,63.43314346547634,-2.0840281690140756,-0.04420931561994024,-6.174267605633783
104181491,63.43281998267913,-2.0904366197183037,-0.054668592730023655,-6.026781690140825
104181492,63.432927810278194,-2.096661971830983,-0.056825144711484164,-6.168683098591529
104181493,63.432712155080054,-2.102704225352106,-0.14653770714024092,-6.117964788732374
104181494,63.43249649988191,-2.1090211267605596,-0.1688580201483571,-6.2791830985915285
104181495,63.43238867228283,-2.114697183098592,-0.1991575754878771,-6.055345070422515
104181496,63.43206518948562,-2.121288732394362,-0.1718771929224018,-6.031725352112656
104181497,63.43174170668839,-2.127514084507034,-0.08583076886212788,-6.0179929577464595
104181498,63.43174170668839,-2.1336478873239386,0.10081880513327834,-5.9976690140844875
104181499,63.43141822389118,-2.1399647887323923,0.10901370266282824,-5.995288732394347
104181500,63.431310396292105,-2.14609859154929,0.030838693334885144,-6.093063380281671
104181501,63.43077125829674,-2.1522323943661874,-0.1269130841089504,-6.169964788732374
104181502,63.4305556030986,-2.1588239436619645,-0.14621422434302186,-6.348119718309839
104181503,63.43001646510322,-2.1646830985915457,-0.2401320631356266,-6.247049295774628
104181504,63.43023212030137,-2.1708169014084433,-0.13952891320049432,-6.288704225352093
104181505,63.42936949950879,-2.177133802816897,-0.2516696162364403,-6.4165070422535
104181506,63.4289381891125,-2.183359154929569,-0.2888701379166339,-6.333288732394346
104181507,63.42861470631528,-2.189767605633797,-0.3190618656570809,-6.250070422535191
104181508,63.428506878716206,-2.1954436619718294,-0.36930952682511053,-6.211802816901388
104181509,63.42796774072084,-2.201760563380276,-0.4637665036130804,-6.262154929577445
104181510,63.427536430324544,-2.207985915492955,-0.6575326991473063,-6.36588028169012
104181511,63.42667380953196,-2.214394366197183,-0.7222292585911212,-6.35407042253519
104181512,63.42656598193289,-2.2208028169014042,-0.5538025488390562,-6.374669014084486
104181513,63.4261346715366,-2.2268450704225273,-0.5610269979769489,-6.154035211267586
104181514,63.42602684393753,-2.2330704225352065,-0.4041378413256976,-6.206035211267586
104181515,63.425056395545866,-2.239570422535209,-0.6410350764891334,-6.1367323943661765
104181516,63.42440942995143,-2.245795774647881,-0.773016057754516,-6.206401408450684
104181517,63.42408594715421,-2.252112676056335,-0.7949050603663401,-6.161816901408431
104181518,63.42365463675792,-2.258154929577458,-0.993631325457925,-6.366429577464769
104181519,63.42289984356441,-2.2642887323943626,-1.032233605926068,-6.407260563380261
104181520,63.422468533168114,-2.2705140845070346,-0.8662869309526825,-6.292274647887304
104181521,63.42192939517275,-2.276739436619714,-0.9100649361763307,-6.23707042253519
104181522,63.42117460197924,-2.2832394366197164,-0.9664587704915228,-6.426302816901387
104181523,63.420743291582944,-2.2892816901408395,-0.6645414930870529,-6.427401408450684
104181524,63.419988498389436,-2.295781690140842,-0.8216463049364503,-6.529021126760543
104181525,63.41944936039407,-2.302007042253514,-0.729777190526233,-6.321845070422515
104181526,63.418802394799634,-2.3082323943661933,-0.7839066452608916,-6.432619718309837
104181527,63.41837108440334,-2.3146408450704143,-0.6297131785864658,-6.4571549295774435
104181528,63.417400636011685,-2.3212323943661914,-0.7207196722040989,-6.624598591549273
104181529,63.417077153214464,-2.3272746478873216,-0.49169385177299385,-6.489654929577444
104181530,63.41664584281818,-2.333591549295768,-0.39216897782859184,-6.42969014084505
104181531,63.415675394426515,-2.3399084507042147,-0.5713784474879593,-6.302436619718289
104181532,63.41492060123301,-2.346499999999992,-0.7753882649341226,-6.396091549295754
104181533,63.414273635638565,-2.35290845070422,-0.8174410285726023,-6.467042253521106
104181534,63.413411014845984,-2.359683098591539,-0.6647571482851989,-6.577542253521105
104181535,63.412871876850616,-2.3659999999999926,-0.7191022582180034,-6.560605633802796
104181536,63.4121170836571,-2.372499999999995,-0.7570575730917084,-6.682640845070401
104181537,63.41125446286453,-2.3791830985915396,-0.7401286400372434,-6.595669014084486
104181538,63.41039184207194,-2.3855915492957678,-0.854965033050015,-6.6149859154929365
104181539,63.4097448764775,-2.3922746478873194,-0.7335511564937889,-6.479950704225331
104181540,63.40877442808584,-2.3988661971830965,-0.7288067421345757,-6.474732394366176
104181541,63.408235290090474,-2.4052746478873175,-0.6857835301044388,-6.612330985915471
104181542,63.407480496896966,-2.41177464788732,-0.7752804373350496,-6.58788732394364
104181543,63.40672570370345,-2.41836619718309,-0.8213228221392311,-6.7497464788732175
104181544,63.40564742771272,-2.4247746478873182,-1.0656601616387058,-6.700035211267584
104181545,63.404892634519214,-2.4315492957746443,-1.0638270924544644,-6.649408450704204
104181546,63.40392218612756,-2.43804929577464,-1.2158640071474296,-6.732169014084485
104181547,63.40338304813219,-2.4449154929577404,-1.0472216421972185,-6.807056338028147
104181548,63.402412599740536,-2.451781690140841,-0.8658556205563905,-6.7980845070422316
104181549,63.40165780654702,-2.458190140845062,-0.7497252963547426,-6.77382394366195
104181550,63.40057953055629,-2.4650563380281625,-0.8730800696942832,-6.83333098591547
104181551,63.39939342696648,-2.4720140845070375,-0.6453481804520544,-6.602718309859134
104181552,63.39831515097576,-2.4789718309859055,-0.7004480835783702,-6.688408450704204
104181553,63.39766818538132,-2.485654929577457,-0.6927923240441854,-6.687950704225331
104181554,63.39658990939059,-2.4925211267605576,-0.7708595057730555,-6.712669014084486
104181555,63.39561946099894,-2.4992957746478766,-0.8588468266166439,-6.568936619718288
104181556,63.394649012607275,-2.5062535211267516,-0.7996494747255531,-6.741781690140823
104181557,63.39357073661654,-2.513302816901401,-0.8558276538425992,-6.808154929577443
104181558,63.392384633026744,-2.520260563380276,-0.9043500734254605,-6.809070422535189
104181559,63.39162983983323,-2.527401408450693,-0.941442767506581,-7.020091549295752
104181560,63.390982874238794,-2.534176056338019,-0.8468779631195381,-7.005535211267583
104181561,63.38979677064899,-2.5412253521126686,-0.963331770118405,-6.963147887323921
104181562,63.38882632225733,-2.5481830985915437,-0.9817702895598924,-6.8209718309858935
104181563,63.387855873865675,-2.5553239436619606,-1.006139326950396,-6.839922535211246
104181564,63.38710108067217,-2.5620985915492867,-1.0066784649457612,-6.674492957746457
104181565,63.38602280468144,-2.5690563380281617,-1.1217305131566788,-6.8795633802816685
104181566,63.3849445286907,-2.576105633802811,-1.066307127233144,-6.87645070422533
104181567,63.3837584251009,-2.583246478873228,-1.2153248691520644,-7.0123098591549065
104181568,63.382464493912025,-2.590204225352103,-1.3381405044962398,-7.076669014084485
104181569,63.38149404552036,-2.5972535211267527,-1.1899853833699037,-7.046274647887301
104181570,63.38030794193056,-2.604302816901402,-1.0511034357638473,-6.8126408450704
104181571,63.37869052794447,-2.6112605633802772,-1.2848736705541655,-6.8558521126760334
104181572,63.377720079552816,-2.618401408450694,-1.0253326395853946,-7.006359154929555
104181573,63.37631832076486,-2.625542253521118,-1.2072377992215875,-6.886429577464766
104181574,63.37491656197691,-2.632499999999993,-1.3376013665008746,-6.888901408450681
104181575,63.37373045838711,-2.639640845070417,-1.2408800101323714,-7.1445070422534975
104181576,63.37189738920287,-2.6472394366197065,-1.4279608945240696,-7.233950704225329
104181577,63.37103476841028,-2.6540140845070326,-1.1114868912447413,-7.078408450704202
104181578,63.36952518202326,-2.6611549295774566,-1.1470699989388395,-6.976788732394343
104181579,63.36801559563624,-2.668204225352106,-1.2198536283131316,-6.887528169014062
104181580,63.36661383684829,-2.6756197183098536,-1.1238870651381392,-6.993633802816879
104181581,63.365427733258485,-2.6825774647887215,-1.0667384376294362,-6.810535211267584
104181582,63.36391814687146,-2.689992957746469,-1.3097818459400343,-6.917739436619696
104181583,63.36262421568259,-2.696950704225344,-1.4043466503270774,-7.046732394366174
104181584,63.361114629295564,-2.704274647887317,-1.6291671943943342,-7.263887323943639
104181585,63.35949721530947,-2.711415492957741,-1.4647301058079714,-7.1229929577464555
104181586,63.3577719737243,-2.7188309859154813,-1.420305134989885,-7.062845070422512
104181587,63.35647804253543,-2.7259718309859124,-1.2626611851451224,-6.9634225352112455
104181588,63.35475280095026,-2.733204225352104,-1.3868785792772471,-6.988507042253499
104181589,63.353243214563236,-2.740528169014077,-1.4275295841277778,-7.044352112676034
104181590,63.35162580057714,-2.74785211267605,-1.5932606039030168,-7.253633802816878
104181591,63.34968490379382,-2.7553591549295717,-1.7689117627929747,-7.4794859154929325
104181592,63.348175317406806,-2.76259154929577,-1.5937997418983822,-7.255281690140822
104181593,63.3465579034207,-2.7698239436619687,-1.5554131166283853,-7.265809859154906
104181594,63.34504831703369,-2.7771478873239346,-1.5131446977917595,-7.287140845070399
104181595,63.34343090304758,-2.784197183098584,-1.4869425912170144,-7.349760563380259
104181596,63.341813489061494,-2.7917957746478805,-1.5526095990524866,-7.475915492957721
104181597,63.33998041987725,-2.7989366197183045,-1.7556489681069927,-7.451014084507018
104181598,63.33814735069301,-2.805985915492947,-1.955776991986527,-7.3810704225351875
104181599,63.33652993670692,-2.813309859154927,-1.86606442955777,-7.272218309859132
104181600,63.3345890399236,-2.8207253521126674,-1.994702755251889,-7.4422253521126525
104181601,63.33297162593751,-2.828140845070415,-1.9775581669992779,-7.587697183098567
104181602,63.33113855675326,-2.8351901408450644,-1.8225020795322682,-7.468225352112651
104181603,63.3289820047718,-2.842697183098579,-1.7764596947280864,-7.395169014084483
104181604,63.32747241838478,-2.8501126760563267,-1.6371464367257382,-7.387845070422512
104181605,63.32563934920054,-2.857528169014074,-1.6340194363526206,-7.479760563380257
104181606,63.32359062481815,-2.8649436619718216,-1.6885802014835711,-7.455499999999975
104181607,63.32186538323298,-2.8724507042253435,-1.6638876812958483,-7.511436619718285
104181608,63.32024796924689,-2.879316901408444,-1.671219958032814,-7.405514084507018
104181609,63.31841490006265,-2.886640845070417,-1.666259888475455,-7.421535211267582
104181610,63.31668965847748,-2.8940563380281645,-1.658819784139416,-7.332457746478849
104181611,63.314640934095095,-2.901654929577461,-1.7664317280142952,-7.385739436619694
104181612,63.31313134770807,-2.9090704225352013,-1.7215754467999167,-7.1573239436619485
104181613,63.31108262332568,-2.916119718309851,-1.7410922422321344,-7.164922535211244
104181614,63.30935738174051,-2.9237183098591473,-1.489422625995694,-7.183781690140822
104181615,63.307739967754415,-2.9311338028168947,-1.6921385122529806,-7.424556338028145
104181616,63.30525993297574,-2.93891549295774,-1.9576100611707685,-7.711288732394341
104181617,63.30364251898964,-2.946422535211255,-1.7459444841904206,-7.541190140845046
104181618,63.3018094498054,-2.9538380281690024,-1.921272160283159,-7.510887323943638
104181619,63.29986855302209,-2.9613450704225244,-1.8900021565519816,-7.499352112676032
104181620,63.29814331143692,-2.968760563380272,-1.8495668068995974,-7.421992957746455
104181621,63.2962024146536,-2.97645070422535,-2.030178035346914,-7.51171126760561
104181622,63.29447717306844,-2.9837746478873157,-2.089806697634297,-7.445063380281667
104181623,63.29264410388419,-2.9916478873239356,-1.8915117429390038,-7.459711267605609
104181624,63.29081103469995,-2.999063380281683,-1.8630452567837257,-7.362669014084482
104181625,63.288762310317566,-3.006570422535205,-2.165932982579853,-7.40102816901406
104181626,63.2866057583361,-3.014260563380276,-2.30201141261001,-7.510887323943638
104181627,63.28455703395372,-3.0216760563380234,-2.391292664642475,-7.551169014084483
104181628,63.28261613717041,-3.029366197183087,-2.2122988501812535,-7.5045704225351875
104181629,63.280998723184304,-3.0367816901408347,-2.043872140429188,-7.42071126760561
104181630,63.27894999880192,-3.0444718309859127,-2.0889440768417127,-7.496056338028144
104181631,63.27690127441953,-3.052253521126751,-2.276779754426922,-7.622485915492933
104181632,63.27549951563159,-3.059760563380273,-2.010122101919331,-7.497887323943638
104181633,63.27355861884827,-3.0675422535211183,-2.0769752133446073,-7.676042253521102
104181634,63.271402066866806,-3.0753239436619637,-2.0452738992171375,-7.715683098591525
104181635,63.26967682528164,-3.0830140845070346,-1.9345349549691409,-7.6142464788732145
104181636,63.26784375609739,-3.0905211267605566,-2.060261935488288,-7.611408450704201
104181637,63.26557937651686,-3.0982112676056275,-2.032981552922813,-7.533133802816876
104181638,63.26353065213448,-3.1062676056337963,-2.1096469758637335,-7.649767605633778
104181639,63.26158975535117,-3.11395774647886,-1.9249382986516417,-7.694992957746454
104181640,63.25964885856785,-3.1217394366197055,-1.8732888786956627,-7.599415492957721
104181641,63.257815789383606,-3.1297957746478815,-1.8426658405589238,-7.567922535211244
104181642,63.25598272019936,-3.1374859154929453,-1.732250379108146,-7.53240140845068
104181643,63.253826168217905,-3.1454507042253397,-1.8762002238706343,-7.651415492957722
104181644,63.25166961623644,-3.153049295774636,-1.8758767410734154,-7.724014084507017
104181645,63.24962089185406,-3.1610140845070305,-1.943484645692202,-7.846140845070397
104181646,63.24746433987259,-3.168978873239425,-2.072015143787248,-7.7922183098591296
104181647,63.24487647749484,-3.176943661971819,-2.2515480962438343,-7.694901408450679
104181648,63.24261209791431,-3.1850915492957697,-2.2340800251940043,-7.762190140845045
104181649,63.240455545932846,-3.193239436619713,-2.1922429167536706,-7.924690140845045
104181650,63.23808333875324,-3.2011126760563258,-2.306432344172004,-7.810894366197158
104181651,63.236250269569,-3.20907746478872,-2.365629696063095,-7.957464788732368
104181652,63.23398588998847,-3.216950704225347,-2.326811760396806,-8.048373239436595
104181653,63.231829338007,-3.225190140845058,-2.267830063703861,-8.050570422535186
104181654,63.22956495842647,-3.2333380281690083,-2.0325502425265207,-7.826640845070397
104181655,63.227084923647794,-3.24139436619717,-2.1462005319494892,-7.853739436619693
104181656,63.2250361992654,-3.249633802816895,-2.133261220060726,-7.778669014084482
104181657,63.22234050928858,-3.2581478873239362,-2.3310170367606537,-7.935401408450679
104181658,63.22018395730712,-3.266204225352105,-2.266428304915912,-7.952978873239411
104181659,63.21813523292473,-3.274626760563372,-2.4433733949947456,-8.1700422535211
104181660,63.215763025745126,-3.282957746478864,-2.547427028100215,-8.125183098591522
104181661,63.213498646164595,-3.291197183098582,-2.383852560306436,-8.024112676056312
104181662,63.21123426658406,-3.2993450704225253,-2.3563565225428147,-8.12847887323941
104181663,63.20918554220167,-3.3076760563380176,-2.353984315363208,-8.174619718309833
104181664,63.20648985222485,-3.316190140845059,-2.449303912943762,-8.23128873239434
104181665,63.20422547264431,-3.324612676056333,-2.5703943067027692,-8.378225352112649
104181666,63.20206892066285,-3.332943661971818,-2.3818038359240488,-8.293267605633776
104181667,63.19958888588417,-3.34173239436619,-2.3878421814721382,-8.421345070422507
104181668,63.19732450630364,-3.350063380281682,-2.354092142962281,-8.39223239436617
104181669,63.19506012672311,-3.358485915492949,-2.354739108556719,-8.390676056338
104181670,63.192795747142576,-3.3668169014084413,-2.3541999705613543,-8.502549295774621
104181671,63.19063919516111,-3.375239436619708,-2.3297231055717775,-8.536514084507013
104181672,63.18859047077872,-3.383661971830975,-2.2433531987142845,-8.481584507042227
104181673,63.18621826359912,-3.392176056338016,-2.1665799481742907,-8.635387323943634
104181674,63.18373822882044,-3.4010563380281624,-2.274623202445462,-8.586957746478845
104181675,63.181366021640834,-3.4093873239436547,-2.2945713082739716,-8.528091549295747
104181676,63.17899381446122,-3.4181760563380195,-2.493405400964629,-8.541823943661944
104181677,63.176837262479765,-3.4266901408450607,-2.40218325214885,-8.505661971830959
104181678,63.17489636569645,-3.4351126760563275,-2.1740200525103295,-8.470873239436592
104181679,63.17263198611592,-3.4439929577464667,-2.2985609294396734,-8.51023943661969
104181680,63.1706910893326,-3.452323943661966,-2.2003299866841477,-8.58585915492955
104181681,63.168642364950216,-3.4613873239436543,-2.218013712932124,-8.61286619718307
104181682,63.1667014681669,-3.4699014084506956,-2.2561846830039745,-8.654795774647859
104181683,63.16443708858637,-3.478781690140835,-2.132722082065361,-8.663584507042225
104181684,63.16228053660491,-3.487661971830974,-2.1440439799680284,-8.687661971830957
104181685,63.160123984623446,-3.4964507042253388,-2.214563229761787,-8.621746478873211
104181686,63.15796743264198,-3.505514084507034,-2.215318022955298,-8.806218309859126
104181687,63.155810880660525,-3.5146690140844967,-2.236667887571757,-8.8388098591549
104181688,63.15419346667443,-3.5232746478873125,-1.9373384725450398,-8.765112676056308
104181689,63.15203691469297,-3.5324295774647823,-2.0312563113376445,-8.991788732394337
104181690,63.15063515590502,-3.541401408450696,-1.9416515765079605,-8.942169014084477
104181691,63.14847860392356,-3.550464788732384,-2.256939476197486,-8.993894366197154
104181692,63.14664553473932,-3.559253521126749,-2.1906255027675754,-8.82086619718307
104181693,63.14459681035693,-3.568316901408444,-2.2694474776899565,-8.870943661971802
104181694,63.14265591357362,-3.5773802816901323,-2.23213912841069,-8.807133802816873
104181695,63.1407150167903,-3.5868098591549185,-2.1871750195972384,-9.056239436619688
104181696,63.13866629240791,-3.59614788732393,-2.1747748457038405,-9.200704225352084
104181697,63.13704887842182,-3.6055774647887233,-2.1237723913423,-9.302323943661943
104181698,63.13575494723294,-3.6148239436619605,-2.0158369646702017,-9.471415492957716
104181699,63.13402970564777,-3.624161971830979,-1.9549143711939427,-9.189352112676026
104181700,63.13241229166168,-3.633866197183089,-1.9465038184662466,-9.324295774647856
104181701,63.130794877675584,-3.643112676056326,-1.960844889142959,-9.462718309859124
104181702,63.12896180849135,-3.6529999999999845,-1.8407249437756092,-9.542183098591519
104181703,63.127667877302464,-3.6624295774647777,-1.6467430930432374,-9.527260563380251
104181704,63.12615829091544,-3.672225352112669,-1.7901537998103605,-9.539161971830955
104181705,63.12464870452842,-3.6819295774647784,-1.6566632321579555,-9.459056338028137
104181706,63.1231391181414,-3.6911760563380156,-1.5321223552286118,-9.430859154929546
104181707,63.12184518695252,-3.700880281690125,-1.5190752157407759,-9.477183098591519
104181708,63.1203356005655,-3.710584507042249,-1.6257167112239974,-9.46757042253518
104181709,63.118933841777555,-3.719830985915479,-1.5907805691243375,-9.412640845070392
104181710,63.117532082989605,-3.72962676056337,-1.68426709752065,-9.539802816901378
104181711,63.11602249660258,-3.7390563380281563,-1.9045588824268402,-9.433422535211237
104181712,63.1147285654137,-3.7484859154929495,-1.5697541873050975,-9.30525352112673
104181713,63.113218979026676,-3.7582816901408336,-1.6240992972379023,-9.253711267605604
104181714,63.11170939263966,-3.7681690140844992,-1.558755772199649,-9.536323943661941
104181715,63.11009197865356,-3.7775985915492853,-1.550992185066391,-9.370528169014054
104181716,63.108690219865615,-3.7872112676056204,-1.4012196499539595,-9.66632394366194
104181717,63.10718063347859,-3.797098591549286,-1.4887756604012556,-9.890619718309827
104181718,63.105563219492495,-3.806528169014072,-1.624530607634194,-9.787901408450672
104181719,63.10426928830362,-3.8159577464788583,-1.4920104883734466,-9.658176056337997
104181720,63.102975357114744,-3.825661971830975,-1.5389154939702123,-9.732422535211237
104181721,63.101573598326794,-3.8353661971830917,-1.6124539165380154,-9.81857042253518
104181722,63.0999561843407,-3.8449788732394268,-1.5441990463247905,-9.685274647887292
104181723,63.098123115156454,-3.8548661971830853,-1.714458825261097,-9.620274647887292
104181724,63.09661352876943,-3.864204225352097,-1.687609753091914,-9.590612676056308
104181725,63.09499611478334,-3.873816901408439,-1.5884083619447307,-9.455302816901378
104181726,63.09327087319817,-3.8836126760563303,-1.6591432669366353,-9.560218309859124
104181727,63.09143780401393,-3.89331690140844,-1.5663037041347607,-9.626225352112645
104181728,63.09014387282505,-3.9028380281690076,-1.4175016174139863,-9.559302816901377
104181729,63.088526458838956,-3.9122676056337866,-1.5391311491683584,-9.796232394366166
104181730,63.086801217253786,-3.921880281690129,-1.524466595694427,-9.715302816901376
104181731,63.085615113663984,-3.931492957746471,-1.4451054827766807,-9.578894366197153
104181732,63.08378204447975,-3.9413802816901296,-1.4429489307952201,-9.649021126760532
104181733,63.08216463049365,-3.9511760563380136,-1.4860799704244303,-9.544105633802786
104181734,63.08097852690384,-3.9606971830985813,-1.5187517329435567,-9.884943661971798
104181735,63.079145457719605,-3.970767605633789,-1.640381264697929,-9.85500704225349
104181736,63.077743698931656,-3.980380281690131,-1.5493747710802959,-9.708161971830954
104181737,63.07591062974742,-3.990176056338022,-1.441654999606344,-9.738098591549265
104181738,63.074293215761315,-4.000063380281681,-1.5519626334580483,-9.622288732394335
104181739,63.07321493977059,-4.009950704225339,-1.3520502647766601,-9.592901408450674
104181740,63.07159752578449,-4.019563380281674,-1.4839234184429697,-9.625584507042221
104181741,63.07019576699654,-4.0293591549295655,-1.649654438218209,-9.509591549295743
104181742,63.068362697812304,-4.039338028168999,-1.5698620149041707,-9.644901408450673
104181743,63.06706876662343,-4.049408450704213,-1.507429835040889,-9.674746478873207
104181744,63.0655591802364,-4.05966197183097,-1.537729390380409,-9.720063380281658
104181745,63.0643730766466,-4.06964084507041,-1.4234321353630026,-9.810880281690109
104181746,63.062647835061426,-4.079802816901392,-1.4662396921949936,-9.896204225352081
104181747,63.06092259347626,-4.089598591549283,-1.4446741723803886,-10.075366197183065
104181748,63.059520834688314,-4.099485915492949,-1.3800854405356466,-10.104295774647854
104181749,63.05822690349944,-4.109647887323938,-1.3183002262668033,-10.045978873239404
104181750,63.05660948951334,-4.119535211267596,-1.382888958111545,-9.96633098591546
104181751,63.055315558324466,-4.12978873239436,-1.3809480613282308,-9.951225352112644
104181752,63.05391379953652,-4.139767605633793,-1.3369544009064367,-10.047260563380249
104181753,63.05208073035227,-4.150021126760549,-1.3522659199748062,-10.116929577464756
104181754,63.0507867991634,-4.1601830985915385,-1.4689353821718192,-10.09001408450701
104181755,63.0491693851773,-4.1703450704225205,-1.6026416050223702,-10.146591549295742
104181756,63.04776762638936,-4.1805070422535096,-1.4434880687905853,-10.104753521126728
104181757,63.04625804000233,-4.190760563380273,-1.3284360205796675,-10.117753521126728
104181758,63.04431714321902,-4.201105633802804,-1.5302892860443704,-10.205274647887292
104181759,63.042807556831995,-4.211450704225342,-1.403699684732639,-10.161147887323912
104181760,63.04129797044497,-4.221338028169008,-1.5657645661393955,-10.137436619718276
104181761,63.0400040392561,-4.231683098591539,-1.4402532408183946,-10.0990774647887
104181762,63.03892576326537,-4.24202816901407,-1.472817175738448,-10.153457746478841
104181763,63.03730834927927,-4.252190140845059,-1.5654410833421766,-10.274028169014052
104181764,63.03525962489688,-4.262718309859139,-1.3223976750315782,-10.022450704225319
104181765,63.033965693708005,-4.27251408450703,-1.126367099916819,-10.196760563380248
104181766,63.032240452122835,-4.2829507042253425,-1.4657005541996284,-10.113816901408418
104181767,63.03073086573582,-4.293661971830971,-1.442733275597074,-10.131760563380249
104181768,63.028897796551576,-4.3041901408450585,-1.5866831203595626,-10.255169014084474
104181769,63.02728038256548,-4.31480985915492,-1.5810760852077652,-10.323281690140812
104181770,63.02587862377753,-4.325338028169,-1.4394984476248833,-10.629056338028134
104181771,63.02447686498958,-4.3357746478873125,-1.3664991630524455,-10.543366197183065
104181772,63.02296727860256,-4.3461197183098506,-1.3832124409087645,-10.48376760563377
104181773,63.02188900261183,-4.3566478873239305,-1.2713952206700374,-10.514802816901375
104181774,63.02027158862573,-4.367084507042243,-1.3407283668739924,-10.451176056337994
104181775,63.01876200223871,-4.3778873239436535,-1.3569025067349463,-10.511781690140811
104181776,63.01736024345076,-4.3884154929577335,-1.4628970366237297,-10.55865492957743
104181777,63.01574282946467,-4.399492957746467,-1.4350775160628892,-10.718133802816867
104181778,63.0140175878795,-4.410204225352103,-1.4400375856202485,-10.758232394366162
104181779,63.01250800149247,-4.421098591549281,-1.4492029315414556,-10.521211267605599
104181780,63.011537553100816,-4.431901408450692,-1.2688073582922847,-10.598295774647852
104181781,63.009812311515645,-4.44279577464787,-1.4988036271150469,-10.823049295774613
104181782,63.00862620792585,-4.453781690140829,-1.3966908907928923,-10.718316901408416
104181783,63.00711662153882,-4.464676056338014,-1.3055765695761865,-10.908556338028133
104181784,63.0056070351518,-4.4760281690140715,-1.4258043425426092,-10.958359154929541
104181785,63.00409744876478,-4.4871056338028055,-1.5453851499145939,-10.937577464788696
104181786,63.002695689976825,-4.498640845070405,-1.408120616294633,-11.068676056337992
104181787,63.00129393118888,-4.509718309859146,-1.4059640643131726,-11.055676056337992
104181788,62.99956868960371,-4.521436619718301,-1.428607860118508,-11.149422535211231
104181789,62.99816693081576,-4.533063380281682,-1.3822419925171072,-11.332246478873204
104181790,62.99698082722596,-4.544598591549281,-1.4127572030547733,-11.334809859154893
104181791,62.99579472363615,-4.556042253521113,-1.2991069136318047,-11.351746478873203
104181792,62.9948242752445,-4.567852112676043,-1.4489872763433096,-11.560570422535173
104181793,62.993638171654695,-4.579478873239424,-1.615365261712987,-11.657063380281652
104181794,62.99245206806489,-4.591197183098579,-1.3744784053838492,-11.637471830985879
104181795,62.99094248167787,-4.6030985915492835,-1.3232602958241624,-11.418485915492921
104181796,62.98975637808807,-4.614908450704213,-1.2015229364707172,-11.40566901408447
104181797,62.98867810209734,-4.626718309859143,-1.2228728010871763,-11.358887323943625
104181798,62.98727634330938,-4.638528169014073,-1.3219663646352862,-11.305697183098555
104181799,62.98555110172422,-4.650521126760552,-1.4042388227280043,-11.388091549295737
104181800,62.984257170535344,-4.662239436619707,-1.4198738245935927,-11.372711267605597
104181801,62.98296323934647,-4.673683098591539,-1.3015869484104845,-11.61760563380278
104181802,62.981453652959445,-4.685401408450694,-1.3216428818380672,-11.660816901408413
104181803,62.980375376968716,-4.696845070422519,-1.4018666155483976,-11.595176056337989
104181804,62.97897361818076,-4.7080140845070275,-1.183407899826449,-11.482753521126725
104181805,62.9772483765956,-4.719640845070408,-1.3798697853375004,-11.364288732394328
104181806,62.9756309626095,-4.731542253521113,-1.615580916911133,-11.451535211267569
104181807,62.97390572102434,-4.742985915492945,-1.7544628645171894,-11.534936619718271
104181808,62.97250396223638,-4.7542464788732275,-1.7477775533746618,-11.43835211267602
104181809,62.97067089305214,-4.765232394366187,-1.770852659576289,-11.431394366197146
104181810,62.96959261706141,-4.776401408450688,-1.4930887643641768,-11.22110563380278
104181811,62.967867375476246,-4.787570422535197,-1.515409077372293,-11.185767605633766
104181812,62.96624996149014,-4.79883098591548,-1.6053372949991958,-11.108866197183064
104181813,62.964416892305906,-4.809908450704214,-1.8270308386933352,-10.933732394366162
104181814,62.963015133517956,-4.820894366197166,-1.5911040519215565,-11.080852112676022
104181815,62.96096640913557,-4.831788732394351,-1.5669506697291988,-11.044964788732358
104181816,62.9592411675504,-4.843140845070408,-1.641028230292367,-11.152535211267569
104181817,62.957300270767085,-4.85458450704224,-1.6395186439053446,-11.185126760563344
104181818,62.955898511979136,-4.865661971830974,-1.502146282686311,-11.097330985915457
104181819,62.95449675319119,-4.876464788732385,-1.3748018881810682,-11.152260563380246
104181820,62.95277151160602,-4.887908450704209,-1.4400375856202485,-11.242985915492921
104181821,62.95136975281807,-4.899352112676041,-1.549806081476588,-11.41079577464785
104181822,62.94975233883198,-4.91052112676055,-1.5808604300096192,-11.294894366197147
104181823,62.94791926964773,-4.921690140845058,-1.558647944600576,-11.151345070422499
104181824,62.94597837286442,-4.933408450704206,-1.6471744034395295,-11.148140845070387
104181825,62.944468786477394,-4.9444859154929475,-1.5352493556017297,-11.027387323943627
104181826,62.942743544892224,-4.956112676056321,-1.5598340481903792,-11.068950704225315
104181827,62.941126130906135,-4.96728169014083,-1.4745424173236164,-11.12516197183095
104181828,62.939400889320964,-4.978816901408436,-1.5264074924777415,-11.022077464788696
104181829,62.93756782013672,-4.990443661971817,-1.7820667298798838,-11.08973239436616
104181830,62.9360582337497,-5.0017042253521,-1.8014756977130282,-11.171028169014049
104181831,62.93476430256083,-5.012781690140827,-1.5752533948578218,-11.119119718309822
104181832,62.93271557817843,-5.024225352112666,-1.7381808970571624,-11.515436619718272
104181833,62.931205991791415,-5.035394366197167,-1.7206049984082594,-11.355866197183062
104181834,62.92969640540439,-5.047021126760548,-1.7964078005565962,-11.375457746478837
104181835,62.92797116381922,-5.058281690140831,-1.8691914299308878,-11.334901408450667
104181836,62.92646157743221,-5.069633802816888,-2.0188561374442466,-11.277225352112639
104181837,62.9248441634461,-5.0808028169013895,-1.7195267224175292,-11.480190140845034
104181838,62.92301109426187,-5.0922464788732285,-1.7734405219540417,-11.425077464788696
104181839,62.9212858526767,-5.103690140845053,-1.9695789246678743,-11.501154929577426
104181840,62.91999192148782,-5.114492957746464,-1.7211441364036246,-11.322816901408414
104181841,62.9184823351008,-5.126211267605619,-1.7463757945867122,-11.428830985915456
104181842,62.917296231510996,-5.1373802816901275,-1.641890851084951,-11.197943661971793
104181843,62.91535533472768,-5.148732394366185,-1.7293390339331745,-11.39266901408447
104181844,62.9140614035388,-5.159901408450693,-1.7063717553306201,-11.31485211267602
104181845,62.91233616195363,-5.171253521126751,-1.8701618783225449,-11.34854225352109
104181846,62.911042230764764,-5.182605633802801,-1.7286920683387363,-11.466640845070385
104181847,62.90964047197681,-5.194049295774633,-1.6135321925287456,-11.344971830985878
104181848,62.90802305799071,-5.20540140845069,-1.524466595694427,-11.269443661971794
104181849,62.90629781640554,-5.217119718309846,-1.7527376229320208,-11.311556338028133
104181850,62.90511171281574,-5.227922535211256,-1.6700338544430107,-11.522211267605597
104181851,62.903925609225944,-5.239183098591532,-1.4327053088832828,-11.471950704225316
104181852,62.90263167803706,-5.250901408450687,-1.4441350343850234,-11.694964788732356
104181853,62.90144557444726,-5.262345070422519,-1.273659600250571,-11.767471830985878
104181854,62.90004381565931,-5.273880281690126,-1.3924856144290445,-11.661732394366158
104181855,62.89885771206951,-5.28578169014083,-1.2638472887349257,-11.850507042253483
104181856,62.89777943607877,-5.297225352112662,-1.1735955883108038,-11.709795774647848
104181857,62.8964855048899,-5.309218309859141,-1.4001413739632291,-11.597922535211229
104181858,62.894868090903806,-5.320936619718296,-1.5225256989111127,-11.727190140845032
104181859,62.89378981491307,-5.332838028169,-1.3307004001602012,-11.680225352112638
104181860,62.89303502171956,-5.3449225352112535,-1.1818983134394268,-11.706774647887285
104181861,62.89184891812976,-5.356915492957732,-1.321535054238994,-11.88355633802813
104181862,62.891094124936245,-5.36909154929576,-1.2459479072888036,-11.742387323943623
104181863,62.890231504143664,-5.381176056338013,-1.2810997045866095,-11.863598591549257
104181864,62.88926105575201,-5.393718309859139,-1.1316506522713972,-12.041021126760524
104181865,62.888506262558494,-5.40616901408449,-1.0114228793049742,-12.106661971830947
104181866,62.887427986567765,-5.418345070422518,-0.9832798759469148,-12.16406338028165
104181867,62.886888848572404,-5.430338028168997,-0.8551806882481611,-12.050633802816861
104181868,62.88581057258167,-5.442514084507025,-0.8514067222806052,-12.406943661971791
104181869,62.88505577938815,-5.454873239436601,-0.5916500361136879,-12.30138732394362
104181870,62.88462446899187,-5.467049295774629,-0.6355358689364091,-12.090915492957706
104181871,62.883761848199285,-5.479042253521108,-0.7271893281484804,-12.092929577464748
104181872,62.88300705500577,-5.491126760563368,-0.8023451647023788,-12.006507042253482
104181873,62.88236008941133,-5.503485915492945,-0.7358155360743224,-12.345697183098551
104181874,62.881713123816894,-5.515478873239424,-0.7260032245586772,-12.367302816901367
104181875,62.880634847826165,-5.527746478873219,-0.7624489530453595,-12.086704225352074
104181876,62.8800957098308,-5.539281690140825,-0.6282035921994434,-11.88456338028165
104181877,62.87944874423636,-5.551366197183086,-0.6609831823176431,-12.056950704225313
104181878,62.87858612344378,-5.5633591549295645,-0.721258810199464,-12.026373239436582
104181879,62.87783133025027,-5.57461971830984,-0.8061191306699347,-11.827436619718272
104181880,62.877184364655825,-5.586246478873221,-0.768271643395303,-11.679950704225314
104181881,62.87675305425953,-5.5974154929577296,-0.6677763210592436,-11.48229577464785
104181882,62.87589043346695,-5.608950704225336,-0.6693937350453391,-11.387999999999963
104181883,62.875243467872515,-5.62085211267604,-0.7367859844659795,-11.326021126760526
104181884,62.87470432987715,-5.632112676056323,-0.6323010409642185,-11.331971830985879
104181885,62.87373388148549,-5.6436478873239295,-0.7746334717406114,-11.299929577464752
104181886,62.87341039868827,-5.654633802816882,-0.712309119476403,-11.58885915492954
104181887,62.87308691589105,-5.666077464788714,-0.6449168700557624,-11.429563380281653
104181888,62.87243995029662,-5.677521126760546,-0.8116183382226589,-11.524408450704188
104181889,62.87200863990032,-5.688873239436603,-0.764389849828674,-11.458035211267568
104181890,62.87146950190496,-5.700133802816886,-0.7640663670314549,-11.327028169014048
104181891,62.8704990535133,-5.711760563380267,-0.6106276935505404,-11.705126760563342
104181892,62.86985208791886,-5.722838028169001,-0.6856757025053658,-11.717760563380244
104181893,62.86942077752257,-5.7343732394366,-0.5989823128506537,-11.678943661971791
104181894,62.8688816395272,-5.7455422535211085,-0.6058832791913273,-11.480281690140808
104181895,62.86801901873462,-5.756894366197166,-0.5370892709827374,-11.260838028168978
104181896,62.86823467393277,-5.7679718309859,-0.4424166389966214,-11.161140845070387
104181897,62.86737205314018,-5.779323943661957,-0.6228122122457922,-11.161964788732359
104181898,62.867048570342966,-5.790767605633782,-0.5994136232469458,-11.063274647887287
104181899,62.866401604748525,-5.8019366197182904,-0.5617817911704601,-11.418211267605596
104181900,62.86607812195131,-5.813197183098573,-0.3401960750753938,-11.176063380281654
104181901,62.86543115635687,-5.824640845070405,-0.4382113626327735,-11.24216197183095
104181902,62.864999845960575,-5.835626760563365,-0.23474068318197538,-11.120309859154894
104181903,62.864676363163355,-5.847070422535197,-0.3334029363337932,-11.241704225352077
104181904,62.864137225167994,-5.858422535211247,-0.3762104931657841,-11.35110563380278
104181905,62.86381374237077,-5.869957746478853,-0.5965022780719741,-11.354401408450666
104181906,62.863382431974486,-5.881309859154911,-0.6685311142527548,-11.20416901408447
104181907,62.86284329397912,-5.892478873239419,-0.6940862552330618,-11.285190140845033
104181908,62.862411983582824,-5.9038309859154765,-0.6760790461878666,-11.35366901408447
104181909,62.86230415598375,-5.914999999999978,-0.4428479493929136,-11.285190140845033
104181910,62.86187284558746,-5.926077464788719,-0.5802203106119475,-11.263401408450667
104181911,62.861657190389316,-5.936971830985897,-0.591326553316469,-11.150612676056301
104181912,62.861549362790235,-5.948140845070405,-0.4220372227718197,-11.042401408450669
104181913,62.86144153519117,-5.959309859154914,-0.44166184580311024,-10.99122535211264
104181914,62.86111805239395,-5.9705704225351965,-0.5410788921484393,-10.989302816901374
104181915,62.86111805239395,-5.981739436619705,-0.332432487942136,-10.905260563380246
104181916,62.861010224794875,-5.992999999999981,-0.14718467273467908,-10.996992957746444
104181917,62.860471086799514,-6.004169014084489,-0.18449302201394574,-11.21835915492954
104181918,62.86057891439858,-6.015338028168998,-0.30267207059798107,-11.316774647887287
104181919,62.86025543160137,-6.026507042253499,-0.2306432344172004,-11.190894366197147
104181920,62.85982412120507,-6.037676056338007,-0.35777197372429687,-11.195380281690104
104181921,62.86014760400229,-6.048661971830967,-0.13564711963386542,-11.013838028168978
104181922,62.86003977640322,-6.059647887323926,-0.1933348851379338,-11.160591549295738
104181923,62.859931948804146,-6.071091549295758,-0.14017587879493246,-11.147499999999964
104181924,62.859716293606,-6.082626760563365,-0.0941334939907508,-11.248478873239401
104181925,62.859716293606,-6.093978873239422,-0.04863024718193426,-11.237584507042216
104181926,62.859716293606,-6.105330985915472,-0.06189304186791633,-11.082316901408413
104181927,62.85982412120507,-6.116774647887311,-0.03601441809039034,-11.10309859154926
104181928,62.859931948804146,-6.1283098591549106,-0.06502004224103405,-11.183387323943625
104181929,62.859608466006925,-6.139936619718291,-0.06361828345308473,-11.250126760563344
104181930,62.859608466006925,-6.151746478873221,-0.17672943488068793,-11.47185915492954
104181931,62.859716293606,-6.163281690140828,0.040651004850530414,-11.432767605633765
104181932,62.86014760400229,-6.175366197183081,0.05660948951333811,-11.648732394366158
104181933,62.85982412120507,-6.18735915492956,-0.07095056019005043,-11.890239436619678
104181934,62.86003977640322,-6.1991690140844895,-0.10222056392122766,-11.734147887323907
104181935,62.859716293606,-6.210887323943645,-0.25803144458174876,-11.71492253521123
104181936,62.859931948804146,-6.223154929577447,-0.2361424419699247,-11.725725352112638
104181937,62.859931948804146,-6.2352394366197,-0.23991640793748056,-11.816084507042214
104181938,62.859931948804146,-6.246957746478856,-0.05445293753187761,-11.83842253521123
104181939,62.86003977640322,-6.25885915492956,0.05197290275319803,-11.685718309859118
104181940,62.86036325920043,-6.27021126760561,0.0937021835944587,-11.895732394366158
104181941,62.86014760400229,-6.282204225352089,-0.09844659795367179,-11.782028169014046
104181942,62.86025543160137,-6.293922535211252,-0.10804325427117102,-11.699359154929539
104181943,62.86003977640322,-6.305549295774625,-0.2151160601506848,-11.667225352112638
104181944,62.86014760400229,-6.316992957746464,-0.20713681781928098,-11.41628873239433
104181945,62.86014760400229,-6.328619718309838,-0.26805941129554006,-11.386077464788695
104181946,62.859931948804146,-6.34006338028167,-0.1182868761831084,-11.376373239436584
104181947,62.859931948804146,-6.351323943661953,-0.11429725501740647,-11.346711267605597
104181948,62.85950063840785,-6.362401408450687,-0.46301171041956923,-11.362457746478837
104181949,62.85939281080878,-6.373845070422519,-0.2470330294763002,-11.297640845070386
104181950,62.85950063840785,-6.384830985915478,-0.1179633933858893,-10.9884788732394
104181951,62.85939281080878,-6.3958169014084305,-0.062324352264208426,-10.948105633802781
104181952,62.859284983209704,-6.406619718309841,-0.0003234827972190749,-10.927598591549259
104181953,62.85939281080878,-6.417330985915477,0.09769180476016062,-11.141640845070386
104181954,62.859608466006925,-6.4283169014084365,0.18945309157130488,-11.03040845070419
104181955,62.859608466006925,-6.43911971830984,0.0807628717056957,-10.969161971830951
104181956,62.85982412120507,-6.449830985915476,0.15656567385403225,-10.97978169014081
104181957,62.859716293606,-6.460816901408435,0.032995245316345644,-10.903521126760527
104181958,62.86014760400229,-6.472169014084493,0.1810425388436089,-11.208471830985879
104181959,62.86057891439858,-6.482788732394347,0.26396196253076515,-11.082683098591513
104181960,62.86025543160137,-6.493957746478856,0.05757993790499533,-11.051922535211231
104181961,62.86036325920043,-6.50457746478871,0.10340666751103095,-10.957352112676022
104181962,62.86057891439858,-6.5157464788732185,-0.03148565892932329,-10.962570422535176
104181963,62.86025543160137,-6.52719014084505,-0.005714862750870324,-10.966140845070386
104181964,62.86036325920043,-6.537992957746461,0.010243621911937372,-10.863239436619683
104181965,62.86079456959673,-6.549070422535188,-0.07278362937429186,-10.837056338028134
104181966,62.86068674199766,-6.559964788732373,-0.17899381446122145,-10.773429577464753
104181967,62.861010224794875,-6.571042253521107,-0.06254000746235448,-10.71227464788729
104181968,62.86122587999302,-6.5823028169013895,-0.07677325053999377,-10.584929577464754
104181969,62.86122587999302,-6.593288732394342,-0.12324694574046753,-10.693507042253486
104181970,62.86176501798838,-6.603999999999985,0.19150181595369234,-10.5728450704225
104181971,62.86230415598375,-6.614802816901388,0.37804356235002556,-10.944901408450669
104181972,62.86230415598375,-6.625971830985897,0.2167334741367802,-10.936295774647851
104181973,62.86262763878097,-6.636866197183082,0.19031571236388908,-10.92933802816898
104181974,62.86295112157819,-6.64776056338026,0.1839538840185806,-10.938218309859119
104181975,62.863274604375405,-6.658838028168994,0.23517199357826749,-10.969161971830951
104181976,62.86359808717263,-6.669732394366179,0.23775985595602006,-11.065014084507006
104181977,62.86359808717263,-6.68035211267604,0.16033963982158814,-10.972823943661936
104181978,62.86381374237077,-6.691246478873218,-0.09855442555274482,-10.93135211267602
104181979,62.86435288036614,-6.701774647887305,0.04119014284589554,-10.797781690140809
104181980,62.86446070796521,-6.712577464788708,0.14416549996063438,-10.675105633802783
104181981,62.864676363163355,-6.723563380281668,0.03860228046814294,-10.716302816901374
104181982,62.86543115635687,-6.734091549295755,0.3204636244450302,-10.580352112676023
104181983,62.865323328757796,-6.745077464788707,0.27312730845197225,-10.581725352112642
104181984,62.86553898395594,-6.755880281690118,0.1878356775852095,-10.680873239436584
104181985,62.86607812195131,-6.766408450704205,0.22061526770340908,-10.679774647887289
104181986,62.866401604748525,-6.777394366197164,0.09833877035459877,-10.810323943661936
104181987,62.867048570342966,-6.787922535211244,0.12680525650987737,-10.6642112676056
104181988,62.86758770833833,-6.798725352112655,0.09812311515645272,-10.675746478873204
104181989,62.86834250153184,-6.80961971830984,0.4219293951727467,-11.04542253521123
104181990,62.86898946712628,-6.820147887323927,0.565555757138016,-10.883838028168979
104181991,62.86995991551794,-6.831316901408428,0.6023249684219175,-10.957260563380245
104181992,62.87082253631052,-6.84193661971829,0.5794655174184362,-11.026197183098557
104181993,62.871253846706814,-6.8533802816901215,0.5726723786768356,-11.174598591549259
104181994,62.87222429509847,-6.864640845070404,0.9765945648043872,-11.224767605633765
104181995,62.872655605494764,-6.875535211267582,0.6764025289850857,-11.150521126760527
104181996,62.87341039868827,-6.886795774647872,0.7706438505749095,-11.250767605633767
104181997,62.87427301948085,-6.89769014084505,0.8587389990175709,-11.076183098591512
104181998,62.87545912307066,-6.9092253521126565,1.0468981593999995,-11.108499999999964
104181999,62.87642957146232,-6.920577464788707,1.0023653609828402,-11.067943661971796
104182000,62.87696870945768,-6.932021126760546,0.8624051373860537,-11.292605633802781
104182001,62.87793915784934,-6.943739436619694,1.0003166366004528,-11.313661971830948
104182002,62.87869395104285,-6.9552746478873,0.7781917825100212,-11.408232394366161
104182003,62.879772227033584,-6.966718309859132,0.807520889457884,-11.276950704225316
104182004,62.880958330623386,-6.978253521126739,0.876422725265547,-11.339387323943624
104182005,62.881497468618754,-6.989971830985894,0.6015701752284063,-11.41473239436616
104182006,62.8828992274067,-7.001049295774628,0.8800888636340299,-11.207464788732358
104182007,62.883761848199285,-7.012401408450685,1.0131481208901425,-11.387999999999963
104182008,62.88473229659094,-7.023570422535194,0.9429523538936033,-11.343690140845034
104182009,62.88581057258167,-7.034739436619695,0.8264985468947363,-11.41610563380278
104182010,62.886888848572404,-7.045999999999978,0.8910872787394785,-11.534936619718271
104182011,62.88721233136962,-7.05744366197181,0.7834753348645994,-11.381774647887287
104182012,62.88839843495942,-7.068338028168995,0.7460591579862598,-11.263859154929541
104182013,62.889153228152935,-7.07923239436618,0.7959833363570703,-11.11023943661968
104182014,62.89033933174274,-7.090218309859132,0.7619098150499944,-10.959183098591513
104182015,62.89066281453995,-7.10157042253519,0.5335309602133276,-11.068676056337992
104182016,62.89174109053069,-7.112098591549277,0.5256595454809967,-10.637204225352079
104182017,62.89271153892235,-7.122901408450687,0.6841661161183434,-10.62878169014081
104182018,62.893681987314004,-7.133338028168993,0.8190584425586978,-10.529359154929544
104182019,62.894221125309365,-7.144323943661952,0.7508035723454728,-10.531190140845036
104182020,62.895083746101946,-7.154852112676039,0.82876292647527,-10.426823943661937
104182021,62.89551505649824,-7.165563380281668,0.7152204646513747,-10.431218309859121
104182022,62.89670116008804,-7.176274647887304,0.89399862391445,-10.516633802816868
104182023,62.89756378088063,-7.1870774647887075,0.9660274600952307,-10.534485915492924
104182024,62.898534229272286,-7.197971830985892,0.8089226482458334,-10.696619718309824
104182025,62.89961250526302,-7.208408450704205,0.9333556975761041,-10.802359154929542
104182026,62.90058295365468,-7.219302816901383,0.9052126942180446,-10.899309859154894
104182027,62.901661229645406,-7.229739436619695,0.8783636220488614,-10.662014084507007
104182028,62.902739505636134,-7.240176056338008,0.8873133127719225,-10.677394366197149
104182029,62.903925609225944,-7.250887323943637,0.9838190139422799,-10.720056338028135
104182030,62.90521954041482,-7.261323943661949,0.9951409118449474,-10.528718309859121
104182031,62.906082161207394,-7.2718521126760365,1.0865787158588724,-10.454105633802783
104182032,62.90748391999535,-7.282746478873214,1.1039389593096296,-10.45978169014081
104182033,62.90856219598608,-7.293549295774625,1.0728846107765986,-10.571380281690107
104182034,62.909856127174955,-7.304260563380261,1.1453447573536713,-10.595640845070388
104182035,62.91093440316568,-7.315246478873213,1.208963040806756,-10.601133802816866
104182036,62.91201267915642,-7.325591549295751,1.1954845909226277,-10.542359154929542
104182037,62.913198782746214,-7.336577464788711,1.1968863497105773,-10.731499999999965
104182038,62.9144927139351,-7.347288732394347,1.2330085954000407,-10.937669014084472
104182039,62.915894472723046,-7.357542253521103,1.1926810733467292,-10.60003521126757
104182040,62.91718840391192,-7.368436619718288,1.0218821564150575,-10.624204225352077
104182041,62.91826667990265,-7.379056338028143,0.9529803206073947,-10.545654929577431
104182042,62.91945278349245,-7.389950704225335,0.9299052144057673,-10.555999999999965
104182043,62.92074671468133,-7.400753521126738,0.984250324338572,-10.680049295774612
104182044,62.92193281827113,-7.411464788732374,1.0245778463918833,-10.775352112676021
104182045,62.92322674946001,-7.422084507042236,1.0077567409364914,-10.665218309859121
104182046,62.92430502545074,-7.43270422535209,1.0529365049480888,-10.757316901408416
104182047,62.925814611837765,-7.443323943661952,1.294685982069811,-10.715753521126725
104182048,62.927216370625715,-7.453943661971806,1.4357244816573276,-10.631985915492923
104182049,62.92872595701274,-7.464380281690119,1.3598138519099179,-10.622190140845037
104182050,62.93066685379605,-7.474999999999973,1.6762878551892462,-10.66933802816898
104182051,62.93196078498492,-7.4856197183098345,1.3998178911660102,-10.659542253521092
104182052,62.933470371371946,-7.4963309859154705,1.4911478675808623,-10.621823943661937
104182053,62.93476430256083,-7.506950704225325,1.4610639674394883,-10.622098591549262
104182054,62.936597371745066,-7.5175704225351865,1.524250940496281,-10.82790140845067
104182055,62.93843044092931,-7.5280985915492735,1.658927611738489,-10.596830985915458
104182056,62.93983219971725,-7.538718309859135,1.5839874303827368,-10.541626760563346
104182057,62.94123395850521,-7.549338028168997,1.6252854008277053,-10.416295774647853
104182058,62.94306702768945,-7.559957746478851,1.6907367534650315,-10.347359154929544
104182059,62.944468786477394,-7.570760563380254,1.6344507467489124,-10.405859154929544
104182060,62.94640968326071,-7.58147183098589,1.8553894972495406,-10.42114788732391
104182061,62.94802709724681,-7.592549295774624,1.9390637141302078,-10.898211267605598
104182062,62.949967994030125,-7.602985915492937,1.8542033936597373,-10.757225352112641
104182063,62.951585408016214,-7.613971830985896,1.831667425453475,-10.850239436619683
104182064,62.953526304799524,-7.624866197183074,1.7327895171035115,-10.937760563380246
104182065,62.95546720158284,-7.635943661971808,1.799426973330641,-10.845021126760528
104182066,62.956976787969865,-7.647295774647866,1.6269028148138007,-10.906267605633767
104182067,62.959025512352255,-7.658281690140818,1.8543112212588104,-10.94746478873236
104182068,62.96118206433372,-7.669084507042228,1.9337801617756296,-10.768302816901373
104182069,62.96279947831981,-7.680253521126737,1.9229974018683271,-10.946823943661936
104182070,62.96495603030127,-7.69151408450702,2.0357850704987115,-11.152535211267569
104182071,62.96700475468366,-7.702957746478845,2.0539001071429794,-11.187507042253484
104182072,62.96894565146697,-7.713943661971804,2.045489554415284,-11.142739436619681
104182073,62.97077872065122,-7.725570422535185,1.9916835824778443,-11.067485915492922
104182074,62.972935272632675,-7.736556338028144,2.0407451400560706,-10.929704225352078
104182075,62.974660514217845,-7.7482746478873,1.8470867721209177,-11.181007042253485
104182076,62.97703272139745,-7.759626760563357,1.8140915268045719,-11.20554225352109
104182077,62.97897361818076,-7.77088732394364,1.8400779781811711,-11.164802816901373
104182078,62.981130170162224,-7.782330985915465,1.6808166143503132,-11.170661971830949
104182079,62.98328672214369,-7.793774647887304,1.6267949872147276,-11.441098591549258
104182080,62.985227618927,-7.804577464788707,1.6894428222761553,-11.188330985915456
104182081,62.98759982610661,-7.815746478873216,1.8382449089969297,-11.154183098591513
104182082,62.98954072288992,-7.8270070422534985,1.9204095394905747,-11.22742253521123
104182083,62.991373792074164,-7.8377183098591345,1.834578770628447,-10.964126760563344
104182084,62.99374599925377,-7.848704225352087,1.9375541277431856,-10.936570422535176
104182085,62.995579068438005,-7.859415492957723,1.8857968801881337,-10.889147887323908
104182086,62.99773562041947,-7.870126760563359,1.960844889142959,-10.751823943661938
104182087,62.999676517202786,-7.880838028168988,1.9294670578127089,-10.753929577464755
104182088,63.00172524158517,-7.891457746478849,1.896471812496363,-10.543549295774614
104182089,63.00377396596756,-7.902077464788711,1.9241835054581307,-10.491640845070387
104182090,63.0056070351518,-7.912605633802791,1.8584086700235853,-10.537415492957711
104182091,63.0072244491379,-7.923225352112652,1.7734405219540417,-10.446140845070389
104182092,63.00884186312399,-7.93357042253519,1.7389356902506736,-10.536133802816867
104182093,63.0107827599073,-7.944007042253496,1.7758127291336483,-10.48495774647884
104182094,63.01272365669062,-7.954443661971801,1.7502575881533413,-10.306436619718276
104182095,63.01455672587486,-7.964697183098565,1.7957608349621577,-10.36209859154926
104182096,63.0163897950591,-7.9749507042253285,1.7973782489482533,-10.300119718309826
104182097,63.018330691842415,-7.9854788732394155,1.8773863274604377,-10.7028450704225
104182098,63.01994810582851,-7.995549295774623,1.8071905604638985,-10.483676056337995
104182099,63.021781175012755,-8.006169014084485,1.82185511393783,-10.478915492957713
104182100,63.023829899395146,-8.016514084507016,1.7989956629343486,-10.313119718309826
104182101,63.025447313381235,-8.027133802816877,1.7433566218126675,-10.304605633802783
104182102,63.02728038256548,-8.037845070422513,1.6990394785936545,-10.427373239436585
104182103,63.0287899689525,-8.048373239436593,1.7769988327234516,-10.312753521126726
104182104,63.030623038136746,-8.058809859154906,1.7195267224175292,-10.448521126760529
104182105,63.03267176251913,-8.069429577464767,1.8528016348717882,-10.479556338028136
104182106,63.03418134890615,-8.080232394366178,1.70993006610003,-10.461612676056303
104182107,63.03612224568947,-8.091035211267581,1.79619214535845,-10.415380281690107
104182108,63.03784748727463,-8.101471830985886,1.7393670006469657,-10.453647887323909
104182109,63.03978838405795,-8.112183098591522,1.856252118042125,-10.47314788732391
104182110,63.041944936039414,-8.122894366197158,2.0528218311522495,-10.745415492957711
104182111,63.04377800522365,-8.133422535211245,1.9722746146446999,-10.63271830985912
104182112,63.04550324680882,-8.144042253521107,1.9010005716574303,-10.523316901408416
104182113,63.04744414359213,-8.154570422535187,1.959874440751302,-10.54977464788729
104182114,63.04938504037545,-8.165098591549274,1.9719511318474805,-10.445499999999967
104182115,63.05154159235691,-8.175626760563354,2.0698585918057875,-10.586852112676022
104182116,63.05305117874393,-8.186246478873215,1.9116755039656599,-10.525697183098558
104182117,63.055099903126326,-8.196683098591521,1.7795866951012043,-10.426091549295741
104182118,63.05714862750871,-8.207028169014059,1.896040502100071,-10.429295774647853
104182119,63.05887386909387,-8.217739436619695,1.8822385694187238,-10.492464788732361
104182120,63.06103042107534,-8.228267605633775,1.9116755039656599,-10.48321830985912
104182121,63.062971317858654,-8.238429577464764,1.9474742668579041,-10.501985915492924
104182122,63.064588731844744,-8.248957746478844,1.8618591531939224,-10.378119718309826
104182123,63.066313973429914,-8.259302816901382,2.075789109754804,-10.508485915492923
104182124,63.06814704261416,-8.269739436619695,1.8383527365960028,-10.489626760563347
104182125,63.070087939397474,-8.280450704225323,1.6857766839076722,-10.625485915492924
104182126,63.07224449137893,-8.290429577464764,2.020797034227561,-10.504183098591517
104182127,63.0739697329641,-8.301323943661941,2.066192453437304,-10.57797183098588
104182128,63.07612628494556,-8.311394366197156,2.255969027805828,-10.691218309859119
104182129,63.0779593541298,-8.322014084507018,2.1039321131128634,-10.644070422535176
104182130,63.07936111291775,-8.332816901408421,1.7462679669876395,-10.688288732394332
104182131,63.08173332009736,-8.342704225352087,1.8999222956667,-10.407415492957712
104182132,63.08324290648438,-8.353690140845046,1.4557804150849103,-10.694330985915458
104182133,63.085615113663984,-8.364401408450682,1.7206049984082594,-10.782767605633767
104182134,63.087340355249154,-8.374838028168988,1.7509045537477794,-10.65908450704222
104182135,63.08895776923525,-8.385640845070398,1.6252854008277053,-10.602873239436585
104182136,63.090790838419494,-8.39626056338026,1.7424940010200836,-10.568999999999965
104182137,63.09262390760373,-8.407246478873219,1.7908007654047988,-10.63152816901405
104182138,63.09488828718426,-8.418507042253495,1.9184686427072601,-10.826985915492921
104182139,63.09672135636851,-8.429309859154898,1.9417594041070336,-10.751915492957712
104182140,63.098770080750896,-8.440021126760541,2.227286886452404,-10.548859154929543
104182141,63.100710977534206,-8.451098591549275,2.163884258197465,-10.753838028168978
104182142,63.102975357114744,-8.462176056338002,2.245294095497599,-10.829915492957712
104182143,63.1051319090962,-8.47352816901406,2.047646106396744,-10.924577464788698
104182144,63.10718063347859,-8.48433098591547,2.0306093457432066,-10.718499999999965
104182145,63.1091215302619,-8.49568309859152,2.0543314175392715,-10.799338028168979
104182146,63.11149373744151,-8.506760563380254,2.0626341426678945,-11.236943661971795
104182147,63.113758117022044,-8.51792957746477,2.193321192744401,-11.249760563380246
104182148,63.1159146690035,-8.529556338028144,2.012709964297084,-11.359528169014046
104182149,63.11785556578682,-8.540542253521103,1.8166793891823245,-11.313753521126724
104182150,63.12022777296643,-8.551802816901386,1.9982610660212987,-11.353119718309822
104182151,63.122599980146035,-8.563063380281669,2.025325793388628,-11.226049295774612
104182152,63.12464870452842,-8.574323943661945,2.195909055122154,-11.185126760563344
104182153,63.12669742891081,-8.585492957746446,2.07708304094368,-11.057781690140809
104182154,63.1287461532932,-8.59620422535209,2.2820633067815,-10.928788732394331
104182155,63.13101053287373,-8.607281690140823,2.432051497092078,-10.802176056337993
104182156,63.133059257256114,-8.618816901408422,2.4226704959727248,-10.873767605633768
104182157,63.13532363683665,-8.629436619718284,2.4680659151824687,-10.75466197183095
104182158,63.13769584401626,-8.640056338028145,2.6226906922531863,-10.541169014084472
104182159,63.13974456839865,-8.650676056338,2.660646007126891,-10.719232394366163
104182160,63.142116775578245,-8.661478873239403,2.5310372330411153,-10.739647887323908
104182161,63.143842017163415,-8.672647887323919,2.227933852046842,-10.733056338028133
104182162,63.14610639674395,-8.683084507042224,2.3864404226841884,-10.447056338028135
104182163,63.14783163832912,-8.693612676056304,2.1128818038359243,-10.46527464788729
104182164,63.14998819031058,-8.704140845070398,2.201623917873024,-10.779105633802782
104182165,63.15203691469297,-8.714577464788704,2.2075544358220403,-10.644619718309825
104182166,63.15376215627814,-8.725471830985889,2.224052058480213,-10.5992112676056
104182167,63.15602653585867,-8.735450704225322,2.1996830210897094,-10.440098591549262
104182168,63.157859605042916,-8.74625352112674,2.082150938100112,-10.572936619718275
104182169,63.16023181222251,-8.75678169014082,2.275809306035265,-10.355690140845036
104182170,63.16217270900583,-8.76740140845068,2.237638335963414,-10.607816901408416
104182171,63.164005778190074,-8.778021126760542,1.8796507070409711,-10.526704225352079
104182172,63.16594667497339,-8.788274647887299,1.6997942717871657,-10.538697183098558
104182173,63.168103226954855,-8.79861971830983,1.7688039351939016,-10.493105633802783
104182174,63.17015195133724,-8.809056338028142,1.550668702269172,-10.370429577464755
104182175,63.17209284812055,-8.819309859154906,1.5434442531312795,-10.210859154929544
104182176,63.17424940010201,-8.829838028168986,1.657741508148686,-10.178542253521094
104182177,63.17608246928625,-8.839999999999968,1.95124823282546,-10.49145774647884
104182178,63.17834684886679,-8.850436619718288,1.9759407530131827,-10.456302816901374
104182179,63.18017991805103,-8.860873239436593,2.0678098674234,-10.40970422535208
104182180,63.18179733203713,-8.871492957746447,2.0625263150688213,-10.391760563380247
104182181,63.18406171161766,-8.88156338028167,2.0120629987026457,-10.208753521126727
104182182,63.185894780801895,-8.892091549295749,1.8933448121232457,-10.383795774647853
104182183,63.187943505184286,-8.902253521126731,1.8682209815392308,-10.284281690140812
104182184,63.18999222956667,-8.912873239436593,1.8369509778080533,-10.420507042253487
104182185,63.192472264345355,-8.923126760563349,2.1602181198289823,-10.35083802816898
104182186,63.1943053335296,-8.933380281690113,2.137466496424574,-10.233380281690108
104182187,63.19635405791198,-8.94372535211265,2.236452232373611,-10.276499999999967
104182188,63.198187127096226,-8.954436619718287,2.1316438060746306,-10.409521126760529
104182189,63.20023585147861,-8.964781690140818,1.9731372354372838,-10.313577464788699
104182190,63.20228457586099,-8.975035211267574,2.0578897283086817,-10.14814788732391
104182191,63.20422547264431,-8.985380281690112,2.1264680813191252,-10.226239436619684
104182192,63.20616636942763,-8.995999999999974,2.0322267597293013,-10.34214084507039
104182193,63.208322921409085,-9.00625352112673,1.8375979434024916,-10.490359154929543
104182194,63.21015599059333,-9.016781690140817,1.946395990867174,-10.402014084507009
104182195,63.212096887376646,-9.0269436619718,1.9868313405195583,-10.677028169014049
104182196,63.21446909455625,-9.037288732394337,2.0783769721325562,-10.597563380281656
104182197,63.21640999133957,-9.047999999999973,2.146739669944854,-10.445316901408416
104182198,63.21845871572195,-9.058253521126737,2.017993516651662,-10.348732394366163
104182199,63.220291784906195,-9.068690140845042,1.714027514864805,-10.39633802816898
104182200,63.222556164486726,-9.079126760563355,2.1947229515323503,-10.498690140845037
104182201,63.22471271646819,-9.089746478873217,1.9484447152495612,-10.611112676056303
104182202,63.2266536132515,-9.100183098591522,1.861966980792995,-10.469119718309825
104182203,63.22891799283203,-9.110436619718278,1.9662362690966104,-10.492190140845036
104182204,63.230535406818134,-9.121239436619696,1.6003772254418365,-10.622007042253486
104182205,63.232799786398665,-9.131950704225318,1.8364118398126883,-10.624387323943628
104182206,63.23484851078105,-9.142478873239412,1.8816994314233588,-10.540436619718276
104182207,63.23700506276251,-9.153281690140815,1.830696977061818,-10.464999999999966
104182208,63.238730304347676,-9.163992957746451,1.7161840668462653,-10.438999999999966
104182209,63.240994683928214,-9.174612676056313,1.6209722968647844,-10.628232394366163
104182210,63.24293558071153,-9.185507042253498,1.636930781527592,-10.773246478873205
104182211,63.24509213269299,-9.196676056338,1.8638000499772365,-10.70046478873236
104182212,63.247248684674446,-9.207661971830959,1.8990596748741158,-10.767112676056303
104182213,63.24929740905684,-9.218190140845039,2.2440001643087224,-10.917619718309824
104182214,63.251238305840154,-9.229450704225329,2.1030694923202793,-10.947007042253485
104182215,63.252963547425324,-9.240894366197153,1.9832730297501482,-11.051464788732359
104182216,63.255227927005855,-9.252063380281669,2.0689959710132033,-11.132852112676021
104182217,63.257492306586386,-9.263323943661945,1.8452537029366762,-11.08341549295771
104182218,63.2594332033697,-9.274676056338002,1.9330253685821184,-11.278690140845034
104182219,63.26126627255395,-9.286302816901383,1.9383089209366968,-11.419950704225315
104182220,63.26331499693633,-9.297929577464764,1.771823107967946,-11.517176056337991
104182221,63.26557937651686,-9.309098591549265,1.882993362612235,-11.394133802816864
104182222,63.26784375609739,-9.320633802816879,2.033844173715397,-11.515070422535175
104182223,63.27010813567794,-9.332352112676027,2.055733176327221,-11.401640845070386
104182224,63.27204903246125,-9.343612676056317,2.0103377571174774,-11.334718309859118
104182225,63.27388210164548,-9.355330985915458,2.060154107889215,-11.289767605633767
104182226,63.2758229984288,-9.3664084507042,2.2185528509274888,-11.05247183098588
104182227,63.277979550410265,-9.377943661971798,2.0577819007096085,-11.35229577464785
104182228,63.2798126195945,-9.389478873239412,1.9251539538497877,-11.340119718309824
104182229,63.281645688778745,-9.400464788732371,1.8728575682993707,-11.216528169014047
104182230,63.28380224076021,-9.411633802816873,1.930868816600658,-11.113260563380246
104182231,63.28531182714723,-9.422711267605607,1.8896786737547624,-11.31878873239433
104182232,63.28714489633147,-9.433605633802792,1.8762002238706343,-11.061077464788696
104182233,63.289301448312926,-9.444866197183067,2.1447987731615394,-10.946823943661936
104182234,63.29113451749718,-9.455577464788703,2.0271588625728696,-10.819112676056303
104182235,63.29285975908234,-9.466563380281663,1.964403199912369,-10.83797183098588
104182236,63.29480065586566,-9.477549295774622,2.086464042063033,-11.160683098591512
104182237,63.296633725049894,-9.488352112676026,1.8580851872263664,-11.120126760563345
104182238,63.297819828639696,-9.49924647887321,1.4454289655738997,-11.074443661971795
104182239,63.300084208220234,-9.509591549295749,1.8062201120722412,-10.680964788732359
104182240,63.30148596700818,-9.520302816901385,1.7362400002738483,-10.808859154929543
104182241,63.3034268637915,-9.531014084507007,1.7519828297385096,-10.596281690140811
104182242,63.30504427777759,-9.5415422535211,1.6690634060513534,-10.58428873239433
104182243,63.306661691763686,-9.552161971830962,1.5945545350918933,-10.418859154929544
104182244,63.30827910574978,-9.562873239436591,1.784870247455782,-10.446323943661938
104182245,63.309788692136806,-9.573767605633769,1.6999020993862388,-10.615964788732361
104182246,63.31162176132104,-9.584753521126729,1.571802911687485,-10.697077464788698
104182247,63.31313134770807,-9.595464788732365,1.6053372949991958,-10.864063380281655
104182248,63.314640934095095,-9.60635915492955,1.6811400971475323,-10.537323943661937
104182249,63.31615052048211,-9.616978873239404,1.5617749449736937,-10.87541549295771
104182250,63.31755227927007,-9.627781690140822,1.562529738167205,-10.759330985915458
104182251,63.31895403805801,-9.638859154929548,1.5372980799841172,-10.848591549295739
104182252,63.32067927964318,-9.649295774647861,1.4539473459006687,-10.669246478873205
104182253,63.3221888660302,-9.66028169014082,1.6790913727651449,-10.619443661971797
104182254,63.323698452417226,-9.671176056337998,1.5998380874464715,-11.033429577464753
104182255,63.3249923836061,-9.681978873239402,1.5709402908949008,-11.053478873239401
104182256,63.32628631479498,-9.69278169014082,1.368547887434833,-10.99516197183095
104182257,63.327903728781074,-9.703492957746448,1.3811637165263768,-11.089183098591514
104182258,63.329089832370876,-9.714204225352084,1.4403610684174675,-10.960190140845036
104182259,63.3305994187579,-9.725007042253488,1.4621422434302185,-10.774528169014049
104182260,63.332216832743995,-9.735352112676026,1.2114430755854355,-10.648739436619683
104182261,63.3334029363338,-9.746246478873204,1.3565790239377271,-10.478366197183064
104182262,63.33426555712638,-9.756866197183065,1.4576134842691515,-10.276866197183065
104182263,63.33545166071619,-9.767760563380257,1.1227009615483359,-10.488619718309826
104182264,63.33674559190506,-9.77856338028166,1.0733159211728904,-10.589049295774613
104182265,63.33782386789579,-9.78909154929574,1.0337431923130904,-10.625394366197149
104182266,63.338686488688374,-9.799802816901376,1.0800012323154182,-10.525697183098558
104182267,63.33998041987725,-9.810330985915463,1.3132323291103711,-10.657253521126727
104182268,63.34116652346705,-9.820950704225325,1.2815310149829018,-10.763816901408415
104182269,63.34224479945779,-9.831661971830961,1.1500891717128843,-10.648922535211234
104182270,63.342999592651296,-9.842556338028139,1.0301848815436805,-10.608732394366163
104182271,63.34397004104296,-9.853359154929542,1.0472216421972185,-10.709070422535175
104182272,63.345263972231834,-9.864345070422502,1.2150013863548454,-10.767021126760529
104182273,63.34623442062349,-9.875056338028138,1.3668226458496644,-10.82515492957743
104182274,63.347204869015144,-9.885950704225323,1.205081247240127,-10.670253521126726
104182275,63.34795966220866,-9.896753521126733,1.0679245412192393,-10.756126760563346
104182276,63.34914576579846,-9.907556338028137,1.0572496089110097,-10.752922535211233
104182277,63.35000838659104,-9.918725352112638,1.1127808224336175,-10.807943661971795
104182278,63.35108666258178,-9.92961971830983,0.9567542865749507,-10.930345070422499
104182279,63.3521649385725,-9.940697183098557,0.88936203715431,-10.884753521126726
104182280,63.353243214563236,-9.951499999999974,0.7199648790105877,-11.005049295774612
104182281,63.35410583535582,-9.9629436619718,0.7609393666583372,-10.88960563380278
104182282,63.35529193894562,-9.974478873239406,0.8414865831658869,-11.048718309859119
104182283,63.35637021493635,-9.985556338028132,0.8242341673142028,-11.013838028168978
104182284,63.35755631852615,-9.996725352112648,0.8840784847997317,-11.05228873239433
104182285,63.35874242211596,-10.008169014084473,1.3108601219307645,-11.292880281690104
104182286,63.359712870507614,-10.019704225352086,1.1947297977291167,-11.410154929577427
104182287,63.36100680169649,-10.031056338028144,1.1544022756758054,-11.236211267605597
104182288,63.361977250088145,-10.042591549295743,1.053583470542527,-11.484767605633765
104182289,63.363163353677955,-10.05412676056335,0.9844659795367179,-11.518457746478838
104182290,63.36424162966868,-10.06593661971828,0.9490985270407659,-11.561394366197147
104182291,63.36553556085756,-10.077288732394337,1.1033998213142646,-11.507654929577427
104182292,63.36661383684829,-10.088915492957717,1.2464870452841688,-11.442929577464753
104182293,63.36726080244273,-10.100542253521098,1.002257533383767,-11.498408450704186
104182294,63.368554733631605,-10.11198591549293,1.049593849376825,-11.543084507042217
104182295,63.36941735442419,-10.123795774647853,0.7614785046537023,-11.625661971830947
104182296,63.37027997521677,-10.135514084507008,0.7430399852122151,-11.786422535211228
104182297,63.37125042360843,-10.146957746478847,0.9403644915158508,-11.405485915492921
104182298,63.37200521680194,-10.158126760563349,0.8123731314161701,-11.37179577464785
104182299,63.37297566519359,-10.169661971830948,1.0596218160906166,-11.306521126760527
104182300,63.373622630788034,-10.181014084507005,0.8005120955181374,-11.436063380281652
104182301,63.37437742398155,-10.19218309859152,0.7616941598518484,-11.34359859154926
104182302,63.37502438957599,-10.203443661971804,0.5887386909387163,-11.353485915492922
104182303,63.37567135517042,-10.214429577464756,0.8759914148692548,-11.412901408450667
104182304,63.376210493165786,-10.225507042253483,0.786063197242352,-11.34240845070419
104182305,63.3769652863593,-10.236492957746442,0.9750849784173649,-11.058239436619681
104182306,63.37718094155744,-10.24729577464786,0.8261750640975174,-10.93803521126757
104182307,63.377720079552816,-10.25828169014082,0.6978602212006176,-10.936204225352077
104182308,63.3781513899491,-10.269359154929539,0.7354920532771033,-10.899492957746443
104182309,63.37858270034539,-10.2799788732394,0.6552683195667728,-10.905169014084471
104182310,63.37912183834076,-10.290781690140818,0.7966303019515084,-10.723809859154896
104182311,63.379660976336126,-10.301492957746454,0.7272971557475535,-10.683345070422499
104182312,63.379876631534266,-10.312295774647858,0.599952761242311,-10.656612676056303
104182313,63.38041576952964,-10.323098591549261,0.5900326221275927,-10.72353521126757
104182314,63.380739252326855,-10.333626760563355,0.6849209093118546,-10.632992957746444
104182315,63.380954907525,-10.344704225352075,0.518003785946812,-10.590147887323909
104182316,63.38127839032222,-10.355232394366162,0.49438954174981947,-10.568542253521093
104182317,63.38181752831758,-10.365669014084474,0.6210869706606239,-10.328866197183066
104182318,63.38181752831758,-10.376654929577434,0.4218215675736737,-10.591704225352078
104182319,63.38268014911017,-10.386999999999972,0.5736428270684929,-10.463169014084473
104182320,63.383003631907386,-10.397802816901375,0.24121033912635684,-10.567992957746444
104182321,63.383111459506466,-10.408422535211237,0.44123053540681817,-10.768119718309825
104182322,63.38343494230368,-10.419316901408415,0.4032752205331134,-10.771781690140811
104182323,63.38343494230368,-10.430394366197156,0.2514539610382942,-10.806021126760529
104182324,63.38408190789812,-10.440830985915454,0.4462984325632504,-10.664760563380247
104182325,63.38451321829441,-10.451816901408414,0.4479158465493457,-10.769859154929541
104182326,63.38483670109163,-10.4623450704225,0.574505447861077,-10.609556338028135
104182327,63.3849445286907,-10.47333098591546,0.682333046934102,-10.714380281690106
104182328,63.38526801148792,-10.484316901408413,0.565879239935235,-10.744499999999965
104182329,63.38548366668606,-10.494936619718274,0.22061526770340908,-10.670802816901373
104182330,63.386130632280505,-10.505556338028136,0.5242577866930475,-10.60671830985912
104182331,63.38634628747865,-10.516176056337997,0.3558310769409824,-10.613492957746443
104182332,63.38666977027587,-10.526704225352077,0.5642618259491397,-10.507295774647853
104182333,63.38699325307309,-10.537323943661939,0.457835985664064,-10.376929577464756
104182334,63.387316735870314,-10.547485915492928,0.38278797670923864,-10.323739436619686
104182335,63.387208908271234,-10.558380281690113,0.44457319097808196,-10.488985915492924
104182336,63.38764021866753,-10.568816901408418,0.4064022209062311,-10.404302816901374
104182337,63.3877480462666,-10.57925352112673,0.4525524333094858,-10.385260563380248
104182338,63.38828718426197,-10.58978169014081,0.6304679717799769,-10.239056338028135
104182339,63.388502839460116,-10.600676056337996,0.7417460540233387,-10.573119718309824
104182340,63.38817935666289,-10.611204225352076,0.673599011409187,-10.630704225352078
104182341,63.388395011861036,-10.621915492957712,0.7072412223199708,-10.556457746478838
104182342,63.38882632225733,-10.632535211267573,0.5929439673025644,-10.537598591549262
104182343,63.38914980505455,-10.643063380281653,0.5164941995597896,-10.473880281690107
104182344,63.389257632653624,-10.654049295774612,0.5460389617057985,-10.545197183098557
104182345,63.38914980505455,-10.66485211267603,0.3444013514392417,-10.707605633802782
104182346,63.38968894304992,-10.675746478873208,0.39033590864435036,-10.663112676056302
104182347,63.38968894304992,-10.686640845070393,0.20368633464894417,-10.639859154929542
104182348,63.39022808104529,-10.69753521126757,0.2668733077057368,-10.692957746478838
104182349,63.390875046639714,-10.70852112676053,0.33469686752266953,-10.721246478873205
104182350,63.3905515638425,-10.720239436619686,0.11785556578681629,-11.033795774647851
104182351,63.390875046639714,-10.731408450704187,0.09035952802319493,-10.895556338028133
104182352,63.39130635703601,-10.74266901408447,0.21371430136273548,-11.200690140845033
104182353,63.39162983983323,-10.754112676056302,0.36510425046126255,-11.167640845070386
104182354,63.39206115022952,-10.766014084507006,0.5290022010522605,-11.11490845070419
104182355,63.392708115823964,-10.777274647887289,0.6120294523384897,-11.175422535211231
104182356,63.39303159862118,-10.789176056338,0.7226605689874133,-11.333802816901372
104182357,63.3933550814184,-10.800985915492923,0.46613871079268693,-11.47497183098588
104182358,63.39357073661654,-10.812795774647853,0.2963102422526726,-11.707415492957708
104182359,63.39367856421562,-10.824514084507008,0.019840278229436594,-11.681415492957708
104182360,63.394649012607275,-10.836140845070389,0.4938504037544543,-11.701007042253483
104182361,63.39486466780542,-10.848042253521093,0.6191460738773094,-11.701922535211228
104182362,63.39518815060264,-10.860126760563347,0.5557434456223707,-11.90287323943658
104182363,63.395835116197084,-10.871661971830946,0.4087744280858377,-11.882915492957707
104182364,63.39626642659337,-10.883288732394341,0.5098088884172621,-11.659077464788695
104182365,63.39658990939059,-10.894915492957715,0.6155877631078995,-11.69523943661968
104182366,63.39669773698966,-10.906908450704194,0.6698250454416311,-11.7356126760563
104182367,63.3973447025841,-10.918260563380251,0.6487986636223912,-11.58336619718306
104182368,63.39799166817854,-10.929338028168978,0.8357717204150166,-11.469387323943625
104182369,63.39799166817854,-10.940964788732359,0.5288943734531875,-11.394866197183061
104182370,63.398099495777615,-10.95240845070419,0.49622261093406095,-11.75749295774644
104182371,63.398746461372056,-10.963485915492925,0.5045253360626838,-11.650197183098554
104182372,63.39917777176834,-10.974563380281651,0.6392020073048921,-11.383880281690104
104182373,63.39928559936742,-10.985823943661934,0.20228457586099485,-11.41473239436616
104182374,63.399501254565564,-10.996901408450668,0.18729653958984438,-11.410521126760527
104182375,63.39993256496185,-11.007887323943628,0.2473565122735193,-11.566246478873202
104182376,63.40014822016,-11.018781690140813,0.32628631479497355,-11.476070422535173
104182377,63.40014822016,-11.029950704225321,0.3531353869641568,-11.333253521126723
104182378,63.400363875358146,-11.040753521126724,0.24724868467444625,-11.313021126760527
104182379,63.40047170295722,-11.051830985915466,0.4289381891124933,-11.316591549295739
104182380,63.40057953055629,-11.063091549295741,0.46139429643347385,-11.22641549295771
104182381,63.40111866855165,-11.0740774647887,0.6699328730407041,-11.163612676056301
104182382,63.40144215134888,-11.085338028168984,0.7276206385447724,-11.130380281690105
104182383,63.40154997894795,-11.096415492957718,0.25490444420863106,-11.027387323943627
104182384,63.40187346174517,-11.107676056337993,0.40888225568491066,-11.169929577464751
104182385,63.401765634146095,-11.119028169014058,0.4097448764774949,-11.144845070422498
104182386,63.401765634146095,-11.130014084507003,0.29264410388418977,-11.117105633802781
104182387,63.40165780654702,-11.141640845070391,-0.0019408967833144494,-11.368683098591513
104182388,63.401765634146095,-11.152718309859118,0.133921878048697,-11.550774647887287
104182389,63.402089116943316,-11.163978873239401,-0.021996830210897093,-11.499690140845033
104182390,63.40198128934424,-11.175605633802789,-0.09219259720743635,-11.468838028168976
104182391,63.40198128934424,-11.18677464788729,-0.2431512359096713,-11.49053521126757
104182392,63.40219694454239,-11.198126760563348,-0.15764394984476252,-11.515161971830949
104182393,63.402628254938676,-11.209295774647849,0.2611584449548665,-11.689105633802777
104182394,63.402412599740536,-11.22092253521123,0.10869021986560917,-11.609549295774611
104182395,63.402628254938676,-11.231999999999964,0.07105838778912345,-11.490626760563345
104182396,63.402412599740536,-11.24353521126757,0.13834280961069104,-11.393767605633766
104182397,63.40273608253775,-11.25433802816898,0.2650402385214954,-11.31210563380278
104182398,63.40273608253775,-11.265964788732362,0.3046129673812955,-11.366211267605596
104182399,63.40273608253775,-11.277042253521095,0.24886609866054166,-11.45867605633799
104182400,63.402628254938676,-11.288394366197146,0.14351853436619622,-11.323457746478837
104182401,63.4025204273396,-11.299380281690105,0.35744849092707776,-11.291690140845034
104182402,63.402628254938676,-11.310732394366163,0.44996457093173314,-11.326478873239399
104182403,63.40273608253775,-11.32208450704222,0.4309869134948808,-11.326112676056301
104182404,63.40284391013682,-11.333161971830954,0.19376619553422586,-11.452267605633766
104182405,63.4025204273396,-11.344514084507011,0.04496410881345141,-11.476345070422498
104182406,63.402412599740536,-11.355774647887294,0.099309218746256,-11.776443661971793
104182407,63.402412599740536,-11.36703521126757,0.08734035524915022,-11.75904929577461
104182408,63.40230477214146,-11.378661971830951,0.08874211403709954,-11.732133802816863
104182409,63.402412599740536,-11.389739436619685,-0.06577483543454522,-11.715654929577427
104182410,63.4025204273396,-11.401366197183066,0.11990429016920376,-11.700183098591511
104182411,63.402412599740536,-11.412992957746447,0.12033560056549587,-11.784774647887286
104182412,63.40230477214146,-11.424711267605602,-0.16131008821324536,-11.867626760563342
104182413,63.402412599740536,-11.436429577464757,-0.09143780401392518,-11.840345070422497
104182414,63.402412599740536,-11.44823943661968,-0.2681672388946131,-11.97592957746475
104182415,63.402412599740536,-11.459957746478835,-0.2283788548366669,-11.99387323943658
104182416,63.402628254938676,-11.47213380281687,-0.1497725351124317,-11.994880281690103
104182417,63.4029517377359,-11.484126760563349,-0.16864236495021107,-12.191894366197145
104182418,63.40305956533497,-11.496577464788693,0.12065908336271494,-12.18695070422531
104182419,63.403167392934044,-11.508478873239405,0.0032348279721907494,-12.419852112676017
104182420,63.403167392934044,-11.520746478873207,-0.03396569370800287,-12.344323943661934
104182421,63.4029517377359,-11.533288732394332,-0.2301040964218353,-12.354302816901368
104182422,63.40305956533497,-11.54546478873236,-0.30504427777758764,-12.345330985915453
104182423,63.40305956533497,-11.558007042253486,-0.20950902499888752,-12.410605633802776
104182424,63.40305956533497,-11.569999999999965,0.13467667124220817,-12.475697183098552
104182425,63.40305956533497,-11.582450704225309,0.1320888088644556,-12.373528169014044
104182426,63.4029517377359,-11.594992957746442,-0.006361828345308473,-12.466542253521085
104182427,63.40305956533497,-11.607077464788695,-0.08227245809271805,-12.456563380281649
104182428,63.4029517377359,-11.619253521126723,-0.23571113157363258,-12.464619718309818
104182429,63.40273608253775,-11.631704225352074,-0.13014791208114113,-12.377922535211226
104182430,63.40219694454239,-11.643330985915455,-0.103622322709177,-12.219725352112638
104182431,63.40230477214146,-11.655415492957708,-0.09596656317499222,-12.139985915492918
104182432,63.401765634146095,-11.667042253521089,-0.15484043226886385,-12.111330985915453
104182433,63.4013343237498,-11.679218309859124,-0.14470463795599953,-12.042577464788693
104182434,63.40144215134888,-11.690845070422498,-0.18115036644268195,-11.883007042253482
104182435,63.400903013353506,-11.702197183098555,-0.48932164459338734,-11.988105633802778
104182436,63.40047170295722,-11.714007042253485,-0.44597494976603125,-11.902781690140806
104182437,63.400040392560925,-11.725542253521091,-0.26795158369646704,-12.098514084507002
104182438,63.39960908216463,-11.73726056338024,-0.1826599528297043,-12.01099295774644
104182439,63.39906994416927,-11.748887323943627,-0.46678567638712515,-11.873028169014045
104182440,63.39853080617391,-11.760330985915452,-0.24746433987259234,-11.641042253521087
104182441,63.39831515097576,-11.77168309859151,-0.3623007328853639,-11.581443661971793
104182442,63.39766818538132,-11.783126760563349,-0.6204400050661857,-11.59416901408447
104182443,63.39712904738595,-11.794570422535173,-0.5984431748552886,-11.395781690140808
104182444,63.39626642659337,-11.806197183098547,-0.7525288139306413,-11.562035211267567
104182445,63.395727288598,-11.817640845070386,-0.6964584624126683,-11.387816901408414
104182446,63.39561946099894,-11.828992957746443,-0.6276644542040783,-11.411070422535175
104182447,63.39475684020635,-11.840619718309824,-0.6532195951843853,-11.322999999999963
104182448,63.39421770221098,-11.851971830985882,-0.5449606857150683,-11.305330985915456
104182449,63.39357073661654,-11.863781690140812,-0.543882409724338,-11.181464788732358
104182450,63.39292377102211,-11.874767605633764,-0.5723488958796166,-11.268711267605598
104182451,63.39249246062582,-11.886028169014054,-0.4699126767602428,-11.189429577464752
104182452,63.39195332263045,-11.897746478873195,-0.41319535964783166,-11.251316901408414
104182453,63.39109070183786,-11.90937323943659,-0.49999657690161675,-11.184943661971795
104182454,63.39022808104529,-11.921091549295731,-0.6152642803106805,-11.276584507042218
104182455,63.38979677064899,-11.932352112676021,-0.6222730742504271,-11.258457746478836
104182456,63.38882632225733,-11.94407042253517,-0.760076745865753,-11.472866197183063
104182457,63.387855873865675,-11.956063380281648,-0.864238206570295,-11.610373239436582
104182458,63.38764021866753,-11.96750704225348,-0.7987868539329689,-11.621084507042216
104182459,63.386130632280505,-11.979408450704184,-0.8242341673142028,-11.754654929577427
104182460,63.38569932188421,-11.990852112676016,-0.444681018577155,-11.427457746478836
104182461,63.3849445286907,-12.001929577464757,-0.41254839405339355,-11.36035211267602
104182462,63.38429756309626,-12.013647887323913,-0.37265218239637427,-11.447323943661935
104182463,63.38343494230368,-12.024633802816858,-0.46214908962698503,-11.233922535211232
104182464,63.38268014911017,-12.036352112676013,-0.5490581344798432,-11.512964788732358
104182465,63.38181752831758,-12.048070422535176,-0.7610471942574103,-11.552330985915455
104182466,63.380739252326855,-12.059330985915452,-0.9088788325865276,-11.605521126760525
104182467,63.3797688039352,-12.070866197183065,-0.8187349597614786,-11.611014084507005
104182468,63.37912183834076,-12.082035211267566,-0.6136468663245851,-11.510767605633767
104182469,63.378474872746324,-12.093478873239405,-0.6899888064682868,-11.581077464788695
104182470,63.377612251953735,-12.10519718309856,-0.8358795480140896,-11.558830985915456
104182471,63.37685745876023,-12.116366197183062,-0.8629442753814188,-11.629323943661934
104182472,63.37610266556671,-12.127992957746443,-0.690635772062725,-11.582359154929538
104182473,63.37502438957599,-12.139528169014042,-0.8211071669410852,-11.687091549295737
104182474,63.37437742398155,-12.15115492957743,-0.8133435798078273,-11.71373239436616
104182475,63.37373045838711,-12.163147887323909,-0.7938267843756098,-11.811415492957707
104182476,63.37243652719823,-12.175140845070388,-0.6834113229248322,-11.809767605633764
104182477,63.371681734004724,-12.187133802816867,-0.28865448271848787,-11.785507042253482
104182478,63.37092694081121,-12.199309859154887,-0.4439262253836438,-11.994147887323903
104182479,63.37006432001862,-12.211485915492922,-0.7554401591056129,-12.197295774647847
104182480,63.369201699226046,-12.223936619718273,-0.854749377851869,-12.124697183098553
104182481,63.368554733631605,-12.235838028168978,-0.7611550218564833,-12.189422535211227
104182482,63.36790776803716,-12.248197183098554,-0.6008153820348952,-12.200957746478833
104182483,63.36726080244273,-12.26101408450701,-0.6668058726675864,-12.379753521126721
104182484,63.36639818165014,-12.273464788732355,-0.7621254702481405,-12.328394366197143
104182485,63.36553556085756,-12.285823943661939,-0.6741381494045521,-12.254788732394326
104182486,63.36478076766405,-12.298183098591515,-0.5491659620789162,-12.288387323943622
104182487,63.363702491673315,-12.31090845070419,-0.651925663995509,-12.4827464788732
104182488,63.362839870880734,-12.323450704225316,-0.6191460738773094,-12.36007042253517
104182489,63.36262421568259,-12.335260563380245,-0.47002050435931586,-12.336450704225314
104182490,63.36122245689464,-12.348169014084469,-0.7465982959816249,-12.657605633802776
104182491,63.36046766370113,-12.360070422535166,-1.057788746906375,-12.196654929577425
104182492,63.35928156011132,-12.372338028168976,-1.1149373744150781,-12.177795774647848
104182493,63.35820328412059,-12.384422535211236,-0.9366983531473679,-12.038640845070384
104182494,63.357448490927084,-12.396415492957715,-0.9743301852238537,-11.994788732394326
104182495,63.35637021493635,-12.408225352112638,-0.8672573793443398,-11.7811126760563
104182496,63.355723249341914,-12.420126760563349,-0.7250327761670199,-11.734056338028132
104182497,63.35464497335118,-12.431753521126723,-0.8328603752400449,-11.755570422535172
104182498,63.3537823525586,-12.443380281690104,-0.8103244070337826,-11.680866197183061
104182499,63.35270407656787,-12.454640845070386,-1.1675572427627146,-11.589591549295738
104182500,63.35205711097343,-12.466176056337986,-0.8743740008831594,-11.603323943661934
104182501,63.35076317978455,-12.478169014084465,-1.092940544204181,-11.688556338028132
104182502,63.349792731392895,-12.489429577464747,-1.3237994338195276,-11.575035211267567
104182503,63.34849880020402,-12.501056338028135,-1.2150013863548454,-11.475338028168977
104182504,63.34742052421329,-12.51249999999996,-1.061670540473004,-11.513788732394328
104182505,63.34666573101978,-12.524035211267574,-1.0125011552957046,-11.596274647887286
104182506,63.34558745502905,-12.536028169014052,-0.9214946616780714,-11.611746478873203
104182507,63.34450917903832,-12.547654929577426,-0.9228964204660208,-11.499598591549258
104182508,63.34386221344388,-12.559190140845033,-0.48845902380080314,-11.428190140845032
104182509,63.34246045465593,-12.57109154929573,-0.8467701355204652,-11.630514084507004
104182510,63.34149000626427,-12.582718309859118,-0.8834315192052936,-11.617056338028132
104182511,63.34051955787262,-12.594802816901364,-0.9764867372053141,-11.842450704225314
104182512,63.33944128188189,-12.606338028168977,-0.885264588389535,-11.834943661971792
104182513,63.33814735069301,-12.618239436619682,-1.0817264739005865,-11.918711267605595
104182514,63.337284729900425,-12.63041549295771,-0.8795497256386646,-11.923563380281651
104182515,63.33599079871155,-12.642133802816858,-1.027704846765001,-11.88492957746475
104182516,63.33512817791897,-12.65357746478869,-0.9968661534301159,-11.754563380281652
104182517,63.333942074329165,-12.66566197183095,-0.7593219526722418,-12.046514084507004
104182518,63.33275597073936,-12.677471830985873,-0.9553525277870012,-12.023809859154891
104182519,63.331893349946775,-12.689190140845028,-0.9121136605587181,-11.964760563380244
104182520,63.330815073956046,-12.700816901408409,-0.7848770936525488,-11.910654929577426
104182521,63.32973679796531,-12.712535211267564,-0.6916062204543822,-11.869915492957707
104182522,63.32811938397922,-12.724161971830945,-1.0310475023362646,-11.55443661971827
104182523,63.32725676318663,-12.735788732394319,-0.7971694399468736,-11.463345070422497
104182524,63.32563934920054,-12.74769014084503,-0.9940626358542172,-11.606161971830948
104182525,63.325100211205175,-12.759042253521088,-0.6619536307093004,-11.457943661971793
104182526,63.323698452417226,-12.770760563380243,-0.971742322846101,-11.436338028168977
104182527,63.32251234882742,-12.782204225352068,-1.209610006401194,-11.585197183098552
104182528,63.32143407283669,-12.793830985915449,-1.248751424864702,-11.536309859154894
104182529,63.32024796924689,-12.805640845070386,-1.1301410658843747,-11.418852112676019
104182530,63.318846210458936,-12.81708450704221,-1.2831484289689972,-11.525781690140809
104182531,63.317660106869134,-12.828528169014042,-1.1292784450917905,-11.295901408450668
104182532,63.316581830878405,-12.840246478873198,-1.175105174697826,-11.360260563380246
104182533,63.31528789968953,-12.851598591549255,-1.2901572229087437,-11.41079577464785
104182534,63.31431745129787,-12.863408450704178,-1.2706404274765262,-11.571007042253484
104182535,63.31302352010899,-12.874943661971791,-1.2499375284545053,-11.321809859154893
104182536,63.31194524411827,-12.886753521126714,-1.0940188201949115,-11.460781690140807
104182537,63.31075914052846,-12.898746478873193,-1.2145700759585532,-11.622549295774611
104182538,63.309788692136806,-12.910190140845032,-1.239478251344422,-11.595267605633765
104182539,63.30881824374515,-12.92218309859151,-1.1859957622042017,-11.76792957746475
104182540,63.30709300215998,-12.934084507042208,-1.3573338171312384,-11.932169014084469
104182541,63.305799070971105,-12.946443661971799,-1.3987396151752798,-12.087802816901368
104182542,63.30472079498037,-12.958711267605594,-1.4373418956434227,-11.980415492957707
104182543,63.303750346588714,-12.970795774647854,-1.3070861559632088,-12.07599295774644
104182544,63.30245641539984,-12.982971830985875,-1.352589402772025,-12.105380281690103
104182545,63.30116248421096,-12.99523943661967,-1.473571968931959,-12.400077464788692
104182546,63.29997638062116,-13.007598591549261,-1.4453211379748265,-12.350823943661931
104182547,63.29857462183321,-13.02014084507038,-1.2926372576874234,-12.352105633802775
104182548,63.29717286304526,-13.032499999999956,-1.4841390736411157,-12.510394366197142
104182549,63.29609458705453,-13.044950704225315,-1.1908480041624878,-12.369133802816862
104182550,63.29458500066751,-13.05721830985911,-1.1610875868183328,-12.154267605633763
104182551,63.29329106947863,-13.069119718309814,-1.3069783283641356,-12.18923943661968
104182552,63.29199713828975,-13.08147887323939,-1.537082424785971,-12.317957746478834
104182553,63.29091886229903,-13.093105633802779,-1.3148497430964665,-11.611654929577428
104182554,63.28908579311478,-13.105373239436581,-1.680169648755875,-11.762070422535174
104182555,63.28800751712406,-13.117183098591504,-1.473571968931959,-11.806746478873201
104182556,63.28692924113332,-13.128809859154892,-1.2021699020651553,-11.705126760563342
104182557,63.285096171949085,-13.140436619718272,-1.5278092512656907,-11.598288732394328
104182558,63.28347875796298,-13.151971830985872,-1.6161200549064982,-11.583640845070384
104182559,63.28218482677411,-13.163507042253478,-1.7252415851683995,-11.611929577464752
104182560,63.28067524038709,-13.175042253521084,-1.55023739187288,-11.486781690140807
104182561,63.27916565400007,-13.18648591549291,-1.7730092115577496,-11.637471830985879
104182562,63.277871722811184,-13.19756338028165,-1.6507327142089392,-11.545464788732357
104182563,63.27603865362695,-13.209007042253482,-1.5921823279122866,-11.547845070422497
104182564,63.274636894839,-13.22035915492954,-1.589055327539169,-11.451809859154892
104182565,63.27323513605105,-13.23171126760559,-1.6514875074024504,-11.47185915492954
104182566,63.27161772206495,-13.24297183098588,-1.6919228570548348,-11.529443661971793
104182567,63.27032379087608,-13.25395774647884,-1.5743907740652374,-11.201697183098554
104182568,63.26849072169183,-13.265401408450664,-1.5309362516388085,-11.223302816901372
104182569,63.26687330770574,-13.276387323943617,-1.601671156630713,-11.255985915492921
104182570,63.265363721318714,-13.2876478873239,-1.8806211554326286,-11.317323943661934
104182571,63.263746307332624,-13.298908450704182,-1.9017553648509413,-11.124429577464753
104182572,63.262344548544675,-13.310352112676014,-1.7039995481510137,-11.047161971830949
104182573,63.26051147936043,-13.321795774647853,-1.8260603903016777,-11.019605633802781
104182574,63.258678410176195,-13.332873239436573,-1.691707201856689,-11.047802816901372
104182575,63.25706099619009,-13.344408450704186,-1.5651176005449574,-11.060253521126725
104182576,63.25533575460493,-13.355577464788688,-1.6897663050733744,-10.88878169014081
104182577,63.253826168217905,-13.366929577464745,-1.7282607579424443,-10.964035211267571
104182578,63.252100926632735,-13.378373239436584,-1.7210363088045515,-11.08240845070419
104182579,63.250375685047565,-13.389450704225311,-1.7080969969157886,-11.150704225352078
104182580,63.24875827106147,-13.400894366197143,-1.6561240941625905,-11.21579577464785
104182581,63.246709546679085,-13.4122464788732,-1.9558848195855998,-11.293429577464751
104182582,63.244984305093915,-13.423415492957702,-2.0177778614535162,-11.465816901408413
104182583,63.24315123590967,-13.43458450704221,-1.9840278229436594,-11.4499788732394
104182584,63.24110251152729,-13.445570422535162,-1.9506012672310216,-11.393584507042215
104182585,63.23948509754119,-13.456739436619678,-1.7884285582251922,-11.314028169014048
104182586,63.23743637315881,-13.467816901408405,-1.5998380874464715,-11.219823943661934
104182587,63.23571113157364,-13.478711267605597,-1.5805369472124,-11.231999999999964
104182588,63.233662407191254,-13.490063380281654,-1.7249181023711806,-11.126626760563344
104182589,63.23172151040794,-13.500683098591502,-1.8168950443804708,-10.71996478873236
104182590,63.22978061362462,-13.511669014084461,-1.9927618584685747,-10.922929577464753
104182591,63.22816319963852,-13.522746478873195,-1.8840716386029652,-10.851063380281655
104182592,63.22611447525614,-13.533549295774613,-1.877601982658584,-10.948563380281655
104182593,63.22406575087375,-13.544718309859114,-1.7103613764963221,-10.915239436619682
104182594,63.22212485409043,-13.555612676056292,-1.8005052493213711,-11.028760563380246
104182595,63.22050744010434,-13.566232394366153,-1.7086361349111536,-10.964492957746444
104182596,63.21835088812288,-13.577676056337992,-1.797054766151034,-11.201056338028133
104182597,63.21673347413678,-13.588661971830945,-1.775057935940137,-11.14466197183095
104182598,63.21479257735347,-13.599922535211228,-2.0105534123156237,-11.407499999999962
104182599,63.21328299096645,-13.611274647887285,-1.8515077036829117,-11.413633802816864
104182600,63.21155774938128,-13.622352112676012,-1.8388918745913678,-11.487514084507005
104182601,63.20961685259796,-13.633795774647844,-1.8574382216319283,-11.51699295774644
104182602,63.20756812821558,-13.644873239436585,-2.145984876751343,-11.265049295774611
104182603,63.20584288663041,-13.656408450704184,-2.2206015753098765,-11.509577464788695
104182604,63.20422547264431,-13.667852112676016,-1.8799741898381903,-11.401091549295739
104182605,63.20250023105914,-13.679204225352066,-1.9577178887698412,-11.612845070422496
104182606,63.20055933427583,-13.69073943661968,-1.9129694351545359,-11.632802816901371
104182607,63.19904974788881,-13.701999999999956,-1.66679902647082,-11.288943661971794
104182608,63.19721667870457,-13.713626760563336,-1.4977253511243167,-11.42260563380278
104182609,63.1954914371194,-13.725253521126717,-1.6963437886168287,-11.613943661971794
104182610,63.19355054033608,-13.736880281690098,-1.8638000499772365,-11.924845070422498
104182611,63.19171747115184,-13.748415492957704,-1.834578770628447,-11.741197183098553
104182612,63.1898844019676,-13.75995070422531,-1.9660206138984642,-11.870830985915454
104182613,63.18826698798151,-13.771394366197143,-1.9192234359007714,-11.734788732394327
104182614,63.18611043600004,-13.78292957746475,-1.908225020795323,-11.703936619718274
104182615,63.184169539216725,-13.794373239436581,-1.9361523689552362,-11.500056338028132
104182616,63.18233647003249,-13.805542253521082,-1.8806211554326286,-11.45373239436616
104182617,63.1802877456501,-13.816802816901365,-2.034275484111689,-11.482112676056301
104182618,63.17845467646586,-13.827971830985874,-2.183940191625048,-11.439633802816864
104182619,63.176513779682544,-13.839232394366157,-1.9761564082113285,-11.476070422535173
104182620,63.17446505530016,-13.849943661971786,-1.999986307606467,-11.052929577464754
104182621,63.17241633091777,-13.860929577464745,-2.165932982579853,-11.049908450704189
104182622,63.17079891693168,-13.871823943661923,-1.782929350672468,-10.95616197183095
104182623,63.16885802014836,-13.882443661971784,-1.7263198611591297,-11.068492957746443
104182624,63.16648581296875,-13.8936126760563,-1.82649170069797,-11.084697183098555
104182625,63.16443708858637,-13.90414084507038,-1.9172825391174573,-10.751915492957712
104182626,63.16228053660491,-13.914852112676016,-1.9479055772541962,-10.723992957746443
104182627,63.16023181222251,-13.925563380281645,-1.765676934820784,-10.784781690140811
104182628,63.15764394984477,-13.936366197183055,-2.0143273782831796,-10.60433802816898
104182629,63.15570305306145,-13.947169014084459,-2.1366038756319896,-10.59527464788729
104182630,63.15376215627814,-13.957697183098553,-1.8464398065264795,-10.548950704225318
104182631,63.15117429390038,-13.96859154929573,-2.10166773353233,-10.736077464788698
104182632,63.14923339711707,-13.97957746478869,-1.8309126322599638,-10.693964788732359
104182633,63.14740032793283,-13.990197183098552,-2.0457052096134296,-10.653133802816866
104182634,63.145351603550445,-14.001183098591504,-2.112666148637778,-10.691950704225318
104182635,63.143626361965275,-14.01189436619714,-1.8846107765983304,-10.531739436619684
104182636,63.141577637582884,-14.022788732394318,-1.8813759486261399,-10.644436619718276
104182637,63.13963674079957,-14.033591549295735,-1.9985845488185177,-10.632992957746444
104182638,63.13726453361996,-14.044394366197139,-2.3454659350364393,-10.58346478873236
104182639,63.135431464435726,-14.055380281690098,-2.2137006089692024,-10.757683098591514
104182640,63.13349056765241,-14.06636619718305,-2.370266282823235,-10.932450704225316
104182641,63.131334015670944,-14.07753521126756,-2.313656793309897,-11.100443661971795
104182642,63.12950094648671,-14.088429577464751,-2.223620748083921,-10.984359154929543
104182643,63.127128739307096,-14.099323943661929,-2.4857496414304445,-10.884021126760528
104182644,63.12540349772193,-14.110218309859114,-2.1640999133956114,-10.750359154929543
104182645,63.12357042853769,-14.121295774647848,-1.9027258132425984,-10.747887323943628
104182646,63.12184518695252,-14.131732394366153,-1.7075578589204234,-10.41052816901405
104182647,63.119472979772915,-14.142901408450662,-1.9846747885380975,-10.490176056337994
104182648,63.117532082989605,-14.153704225352065,-2.033844173715397,-10.521943661971797
104182649,63.115699013805354,-14.164507042253476,-1.8185124583665664,-10.542359154929542
104182650,63.113434634224824,-14.175309859154886,-2.1336925304570182,-10.60690140845067
104182651,63.11138590984244,-14.186021126760522,-2.157738085050303,-10.519288732394333
104182652,63.10944501305912,-14.197007042253475,-2.2994235502322575,-10.771873239436585
104182653,63.107288461077665,-14.208084507042209,-2.275593650837119,-10.832387323943626
104182654,63.10534756429435,-14.218612676056289,-1.9967514796342765,-10.691218309859119
104182655,63.103191012312884,-14.229323943661925,-1.8043870428879998,-10.58245774647884
104182656,63.10103446033143,-14.24003521126756,-2.037294656885734,-10.563140845070388
104182657,63.09909356354811,-14.250838028168971,-2.033197208120959,-10.741204225352078
104182658,63.09736832196294,-14.26200704225348,-2.123125425747862,-10.909746478873204
104182659,63.094780459585195,-14.272535211267567,-2.38255862911756,-10.97309859154926
104182660,63.09283956280188,-14.283154929577421,-2.2876703419332975,-10.966415492957712
104182661,63.09068301082042,-14.29386619718305,-2.0726621093816857,-10.656246478873205
104182662,63.08863428643803,-14.304943661971784,-2.2208172305080223,-10.915605633802782
104182663,63.086801217253786,-14.315929577464743,-2.1304577024848275,-10.88722535211264
104182664,63.08464466527233,-14.32664084507038,-2.217905885333051,-10.691767605633768
104182665,63.08216463049365,-14.337992957746437,-2.2598508213724573,-10.851429577464753
104182666,63.079792423314046,-14.34925352112672,-2.2816319963852085,-10.99378873239433
104182667,63.07817500932795,-14.360056338028123,-2.086571869662106,-10.7873450704225
104182668,63.07580280214834,-14.371316901408406,-2.270849236477906,-11.028485915492922
104182669,63.07353842256781,-14.382577464788682,-2.2780736856157984,-10.960739436619683
104182670,63.07159752578449,-14.393838028168972,-2.108245217075784,-11.060619718309823
104182671,63.06944097380303,-14.405281690140797,-2.1031773199193524,-11.099985915492923
104182672,63.06760790461879,-14.416176056337981,-1.929574885411782,-11.168373239436583
104182673,63.06545135263733,-14.427711267605588,-2.1672269137687286,-11.37692253521123
104182674,63.0631869730568,-14.438788732394315,-2.2253459896690893,-11.171760563380245
104182675,63.06135390387255,-14.450140845070372,-2.136819530830136,-11.110422535211232
104182676,63.05930517949017,-14.461676056337986,-2.1490040495253875,-11.211676056337993
104182677,63.05682514471149,-14.47311971830981,-2.1026381819239868,-11.018690140845035
104182678,63.055099903126326,-14.484380281690093,-2.019395275439612,-10.967514084507007
104182679,63.05261986834764,-14.495457746478827,-2.1520232222994324,-10.757499999999965
104182680,63.05057114396525,-14.506443661971787,-2.1352021168440403,-10.815450704225318
104182681,63.04863024718194,-14.517612676056288,-2.0388042432727564,-10.847859154929543
104182682,63.04625804000233,-14.52850704225348,-2.0366476912912956,-10.440190140845036
104182683,63.04410148802087,-14.53949295774644,-2.0052698599610452,-10.631253521126725
104182684,63.04183710844033,-14.550295774647843,-2.1221549773562045,-10.787528169014049
104182685,63.039357073661655,-14.561007042253479,-2.306755826969223,-10.877887323943627
104182686,63.03741617687834,-14.571901408450657,-2.1975264691082486,-10.822957746478838
104182687,63.034828314500594,-14.582521126760518,-2.143073531576371,-10.458499999999965
104182688,63.032563934920056,-14.592866197183056,-2.309990654941414,-10.588316901408415
104182689,63.030299555339525,-14.603577464788685,-2.2614682353585525,-10.664485915492923
104182690,63.0276038653627,-14.614197183098547,-2.3766281111685434,-10.756309859154895
104182692,63.023182933800705,-14.634704225352067,-2.3732854555972795,-10.403112676056304
104182693,63.02102638181924,-14.64514084507038,-2.3304778987652885,-10.561126760563345
104182694,63.01865417463964,-14.655852112676008,-2.4069276665080634,-10.672359154929543
104182695,63.016066312261884,-14.666380281690103,-2.6746635950063844,-10.548767605633769
104182696,63.013586277483206,-14.676725352112626,-2.815162956598536,-10.425633802816867
104182697,63.011214070303595,-14.687161971830946,-2.686524630904417,-10.544922535211233
104182698,63.00873403552492,-14.697690140845026,-2.574491755467544,-10.489443661971796
104182699,63.00625400074624,-14.70849295774643,-2.7358018436807896,-10.505007042253487
104182700,63.00377396596756,-14.718838028168967,-2.5544358220399617,-10.11326760563377
104182701,63.0016174139861,-14.729183098591506,-2.3910770094443285,-10.209119718309827
104182702,62.999029551608345,-14.739802816901367,-2.40466328692753,-10.456302816901374
104182703,62.99687299962689,-14.750147887323905,-2.2400105431430206,-10.648739436619683
104182704,62.99460862004635,-14.760859154929527,-2.2466958542855484,-10.64059154929574
104182705,62.99223641286675,-14.771021126760509,-2.304599274987763,-10.433140845070389
104182706,62.98954072288992,-14.781732394366152,-2.1824306052380256,-10.619992957746444
104182707,62.987060688111235,-14.792535211267563,-2.214455402162714,-10.785880281690106
104182708,62.98468848093164,-14.802880281690094,-2.2838963759657416,-10.525971830985881
104182709,62.98210061855388,-14.81340845070418,-2.3410450034744454,-10.389197183098558
104182710,62.979728411374275,-14.823753521126712,-2.5458096141141193,-10.365119718309826
104182711,62.97735620419467,-14.834190140845024,-2.4980419877247697,-10.307992957746446
104182712,62.97498399701506,-14.844809859154886,-2.3468676938243886,-10.464176056337994
104182713,62.97250396223638,-14.855429577464747,-2.4589005692612615,-10.276042253521092
104182714,62.969808272259556,-14.86559154929573,-2.4551266032937056,-10.299387323943629
104182715,62.967543892679025,-14.876119718309809,-2.361424419699247,-10.51077464788729
104182716,62.96495603030127,-14.886464788732347,-2.5393399581697382,-10.679042253521093
104182717,62.96258382312166,-14.896901408450653,-2.4465003953678637,-10.533021126760529
104182718,62.96021161594206,-14.907063380281649,-2.5703943067027692,-10.349098591549263
104182719,62.95751592596523,-14.917591549295729,-2.685877665309979,-10.61083802816898
104182720,62.95492806358748,-14.928028169014034,-3.022299774417817,-10.83678169014081
104182721,62.95266368400695,-14.938098591549249,-2.7672875026101127,-10.749992957746445
104182722,62.95007582162919,-14.948535211267554,-2.8967884490968157,-10.743950704225318
104182723,62.94759578685051,-14.958605633802769,-3.041061776656523,-10.537323943661937
104182724,62.944792269274615,-14.969133802816856,-2.9351750743668124,-10.438542253521092
104182725,62.94231223449594,-14.979478873239394,-2.794136574779296,-10.352943661971798
104182726,62.9400478549154,-14.989549295774601,-2.6665765250759073,-10.095873239436587
104182727,62.93724433733951,-14.99989436619714,-2.8964649662995967,-10.29014084507039
104182728,62.93465647496175,-15.010239436619678,-2.7821677112821903,-10.188978873239403
104182729,62.932607750579365,-15.020218309859104,-2.5651107543481912,-10.211683098591516
104182730,62.92991206060254,-15.030746478873198,-2.5725508586842296,-10.385809859154897
104182731,62.92678506022942,-15.041274647887278,-2.742487154823317,-10.280161971830953
104182732,62.924628508247956,-15.05189436619714,-2.5506618560724057,-10.418035211267572
104182733,62.92225630106835,-15.062147887323896,-2.4412168430132852,-10.354499999999966
104182734,62.91988409388875,-15.072767605633757,-2.3552782465520847,-10.506105633802783
104182735,62.91708057631285,-15.083478873239386,-2.6452266604594485,-10.57797183098588
104182736,62.91438488633602,-15.09409859154924,-2.6536372131871446,-10.3590774647887
104182737,62.91136571356198,-15.104718309859102,-2.879320378046986,-10.40027464788729
104182738,62.90920916158051,-15.115246478873196,-2.6832898029322263,-10.506654929577431
104182739,62.90629781640554,-15.1260492957746,-2.5820396874026557,-10.802267605633768
104182740,62.903602126428716,-15.136852112676003,-2.5148630931801614,-10.934922535211232
104182741,62.90090643645189,-15.147563380281639,-2.5930381025081046,-10.795401408450669
104182742,62.89788726367785,-15.15864084507038,-2.740869740837222,-10.905443661971796
104182743,62.895083746101946,-15.169809859154881,-2.624631589036501,-10.901507042253487
104182744,62.89271153892235,-15.18015492957742,-2.3857934570897505,-10.517457746478838
104182745,62.88958453854923,-15.191415492957695,-2.6144957947236365,-10.679499999999965
104182746,62.88656536577518,-15.201943661971782,-2.8026549551060653,-10.488161971830952
104182747,62.88397750339743,-15.212838028168974,-2.92902890121965,-10.71804225352109
104182748,62.88117398582153,-15.223640845070378,-2.793166126387639,-10.40933802816898
104182749,62.87847829584471,-15.234077464788683,-2.641668349690039,-10.285563380281657
104182750,62.875782605867876,-15.244971830985875,-2.4589005692612615,-10.355415492957713
104182751,62.87276343309383,-15.25559154929573,-2.4725946743435356,-10.457126760563346
104182752,62.86985208791886,-15.266028169014035,-2.4401385670225553,-10.487063380281656
104182753,62.86683291514482,-15.276647887323897,-2.664743455891666,-10.423802816901375
104182754,62.86424505276706,-15.286809859154879,-2.6850150445173946,-10.355690140845036
104182755,62.86111805239395,-15.297246478873191,-2.8626071001906666,-10.40183098591546
104182756,62.8585301900162,-15.307499999999955,-2.8138690254096597,-10.511323943661937
104182757,62.855618844841224,-15.317570422535162,-2.9351750743668124,-10.358253521126727
104182758,62.852491844468105,-15.327640845070377,-2.8894561723598504,-10.240612676056305
104182759,62.849364844094985,-15.33789436619714,-3.233857523799092,-10.320901408450672
104182760,62.84634567132094,-15.347781690140799,-3.2401115245453274,-10.36209859154926
104182761,62.8433264985469,-15.35812676056333,-3.037719121085259,-10.386450704225318
104182762,62.84019949817378,-15.368014084506996,-2.989412356700544,-10.12352112676053
104182763,62.83761163579602,-15.377809859154887,-2.7668561922138206,-10.07683098591546
104182764,62.83437680782384,-15.38778873239432,-2.8127907494189297,-9.709443661971799
104182765,62.83135763504979,-15.397584507042204,-2.7177946346355943,-9.782408450704194
104182766,62.827799324280384,-15.407838028168968,-2.7882060568302798,-9.84182394366194
104182767,62.82478015150634,-15.417816901408408,-2.8435216151547413,-9.81051408450701
104182768,62.8217609787323,-15.428161971830932,-2.7420558444270253,-10.01750704225349
104182769,62.8185261507601,-15.438323943661928,-2.6312090725799555,-10.072802816901376
104182770,62.81539915038699,-15.448577464788691,-2.8043801966912336,-10.062183098591516
104182771,62.81227215001387,-15.458830985915448,-2.6885733552868047,-10.00533098591546
104182772,62.809360804838896,-15.468718309859113,-2.804919334686599,-9.816647887323912
104182773,62.806449459663924,-15.479154929577419,-2.63066993458459,-9.90581690140842
104182774,62.80310680409266,-15.489591549295731,-3.034592120712142,-10.011098591549263
104182775,62.80008763131862,-15.500028169014037,-3.022299774417817,-10.107591549295742
104182776,62.7969606309455,-15.510373239436575,-2.9861775287283536,-10.162612676056304
104182777,62.79361797537424,-15.520626760563331,-3.3737099197968057,-10.31852112676053
104182778,62.79016749220389,-15.531246478873193,-3.3883744732707366,-10.484499999999965
104182779,62.787363974628,-15.541591549295724,-3.2066849688326897,-10.507661971830952
104182780,62.78423697425488,-15.551478873239382,-3.462559861432978,-10.172316901408418
104182781,62.78143345667898,-15.561732394366146,-2.866704548955442,-10.0470774647887
104182782,62.77798297350865,-15.572077464788684,-3.111688854049355,-9.980154929577433
104182783,62.77474814553645,-15.58233098591544,-3.1267847179195782,-10.069323943661939
104182784,62.77172897276241,-15.592584507042204,-2.939488178329734,-9.941246478873207
104182785,62.76860197238929,-15.602746478873186,-2.8966806214977425,-9.778105633802785
104182786,62.76547497201617,-15.612725352112626,-2.7602787086703664,-9.887049295774615
104182787,62.76267145444027,-15.622978873239383,-2.579020514628611,-9.965049295774616
104182788,62.75932879886901,-15.633049295774605,-2.6708896290388284,-10.067035211267573
104182789,62.756525281293115,-15.643119718309805,-2.732998326104891,-10.281718309859121
104182790,62.75382959131629,-15.653098591549245,-2.6410213840956005,-9.971640845070391
104182791,62.750271280546876,-15.663260563380227,-2.9221279348789766,-10.147873239436587
104182792,62.74725210777283,-15.67351408450699,-2.8354345452242646,-10.11601408450701
104182793,62.74423293499879,-15.683676056337973,-2.8439529255510334,-9.98345070422532
104182794,62.74132158982382,-15.693471830985871,-2.9283819356252123,-10.035359154929546
104182796,62.735175416676654,-15.713521126760511,-3.04451225982686,-10.066119718309826
104182797,62.73226407150168,-15.723591549295733,-2.958573663365659,-10.072802816901376
104182798,62.72902924352949,-15.733661971830934,-3.0282302923668336,-9.901147887323912
104182799,62.7257944155573,-15.744098591549239,-3.1851194490180843,-9.858943661971798
104182800,62.7234222083777,-15.753802816901356,-3.0516288813656796,-10.097429577464757
104182801,62.720403035603645,-15.763964788732345,-2.927734970030774,-10.316232394366162
104182802,62.71727603523053,-15.774309859154883,-3.0972399557735693,-10.286845070422503
104182803,62.714472517654634,-15.784471830985865,-3.122471613956657,-10.20783802816898
104182804,62.71145334488059,-15.794908450704177,-3.2019405544734765,-10.359352112676023
104182805,62.70864982730469,-15.805161971830941,-3.012918773298464,-10.386908450704192
104182806,62.70573848212972,-15.815598591549247,-2.9120999681651853,-10.19264084507039
104182807,62.70271930935567,-15.825943661971785,-2.850530409094488,-10.125992957746446
104182808,62.69959230898255,-15.83638028169009,-3.037287810688967,-10.089647887323911
104182809,62.69668096380758,-15.846999999999944,-3.0213293260261596,-10.4952112676056
104182810,62.6942009290289,-15.857619718309806,-3.087751127055143,-10.733514084507007
104182811,62.69107392865578,-15.868056338028119,-2.815594266994828,-10.405492957746445
104182812,62.68794692828267,-15.87867605633798,-2.7703066753841576,-10.567809859154895
104182813,62.684927755508625,-15.88920422535206,-2.630454279386444,-10.519197183098557
104182814,62.682124237932726,-15.899640845070365,-2.7341844296946944,-10.58721830985912
104182815,62.67888940996053,-15.910809859154881,-2.965690284904479,-10.76372535211264
104182816,62.67619371998371,-15.921063380281645,-2.8010375411199697,-10.362556338028135
104182817,62.67317454720966,-15.93177464788728,-2.9873636323181567,-10.546661971830952
104182818,62.67026320203469,-15.942394366197128,-3.031788603136243,-10.626492957746445
104182819,62.667567512057865,-15.953105633802764,-2.8370519592103602,-10.798697183098557
104182820,62.664440511684745,-15.963725352112625,-2.801576679115335,-10.643521126760529
104182821,62.66152916650978,-15.974070422535164,-2.9228827280724876,-10.559387323943627
104182822,62.65829433853759,-15.984598591549243,-3.268038872705241,-10.779380281690106
104182823,62.65581430375891,-15.99512676056333,-2.917814830916056,-10.767021126760529
104182824,62.652579475786716,-16.00528873239432,-3.3111699123344507,-10.559661971830952
104182825,62.64988378580989,-16.0154507042253,-2.9908141154884937,-10.34296478873236
104182826,62.64643330263956,-16.02561267605629,-3.0462375014120284,-10.148697183098559
104182827,62.64373761266273,-16.03549999999995,-2.859264444619403,-10.048725352112644
104182828,62.64071843988868,-16.04566197183093,-2.892906655530187,-10.112901408450671
104182829,62.638130577510935,-16.055366197183048,-2.773649330955421,-9.884028169014053
104182830,62.63457226674152,-16.06552816901403,-2.7249112561744138,-9.841183098591516
104182831,62.63122961117026,-16.075323943661914,-2.5973512064710254,-9.56388028169011
104182832,62.628426093594356,-16.084936619718256,-2.538908647773446,-9.598669014084475
104182833,62.62519126562217,-16.09500704225347,-3.005802151759644,-9.97319718309856
104182834,62.622172092848125,-16.104802816901355,-3.1368126846333695,-10.017049295774616
104182835,62.619045092475005,-16.114415492957697,-3.1875994837967645,-9.919091549295743
104182836,62.61581026450282,-16.124119718309807,-3.0822519195024185,-9.948661971830953
104182837,62.61246760893155,-16.133915492957698,-3.2718128386727967,-9.675478873239406
104182838,62.60901712576122,-16.14407746478868,-3.1113653712521354,-9.79257042253518
104182839,62.60567447018995,-16.153964788732345,-3.3010341180215863,-9.693971830985884
104182840,62.60276312501498,-16.16339436619713,-3.225554798670469,-9.655338028168982
104182841,62.59952829704279,-16.17328169014079,-3.0775075051432057,-9.72720422535208
104182842,62.5962934690706,-16.183169014084456,-3.185550759414377,-9.879999999999969
104182843,62.59327429629655,-16.193056338028114,-2.953074455812935,-9.804929577464756
104182844,62.589823813126216,-16.203035211267554,-3.173042757921906,-9.655612676056306
104182845,62.58594201955959,-16.212922535211213,-3.389129266464248,-9.84127464788729
104182846,62.58281501918647,-16.222901408450653,-3.1459780305545766,-9.971732394366166
104182847,62.579364536016136,-16.23278873239432,-3.0583141925082074,-9.762359154929545
104182848,62.57612970804394,-16.24285915492952,-2.871017652918363,-9.856838028168982
104182849,62.57257139727454,-16.252654929577417,-3.056804606121185,-9.692232394366165
104182850,62.569336569302344,-16.2628169014084,-3.041493087052815,-9.881647887323911
104182851,62.56610174133015,-16.27279577464784,-2.8282100960863716,-9.798978873239406
104182852,62.56297474095704,-16.282683098591498,-2.914148692547573,-9.665408450704195
104182853,62.55930860258855,-16.29293661971826,-3.026828533578884,-9.793943661971799
104182854,62.555965947017285,-16.302732394366146,-2.8733898600979697,-9.778654929577433
104182855,62.55262329144602,-16.312711267605586,-3.162259998014603,-9.696901408450673
104182856,62.549496291072906,-16.322690140845026,-2.9154426237364492,-9.786985915492926
104182857,62.546045807902566,-16.33248591549291,-3.0253189471918613,-9.626774647887292
104182858,62.542379669534085,-16.342556338028118,-3.1126593024410116,-9.824246478873208
104182859,62.539037013962826,-16.35253521126755,-3.181776793446821,-9.91726056338025
104182860,62.53537087559434,-16.362330985915435,-3.251433422447995,-9.872126760563349
104182861,62.531812564824925,-16.372309859154875,-3.321197879048242,-9.903345070422503
104182862,62.52857773685274,-16.381830985915443,-3.5062300390575527,-9.80676056338025
104182863,62.525019426083325,-16.391443661971778,-3.5368530771942917,-9.879816901408418
104182864,62.52124546011577,-16.401514084506992,-3.6209586044712516,-9.956992957746445
104182865,62.51811845974265,-16.41076056338023,-3.6869490951039428,-9.753936619718278
104182866,62.51445232137417,-16.420464788732346,-3.437651686047109,-9.79888732394363
104182867,62.510786183005685,-16.43026056338023,-3.5405192155627754,-9.870295774647854
104182868,62.50733569983535,-16.44014788732389,-3.540842698359994,-9.822049295774615
104182869,62.50388521666502,-16.449852112676005,-3.5873163935604677,-9.82919014084504
104182870,62.50054256109375,-16.459556338028115,-3.6218212252638358,-9.647922535211237
104182871,62.49655293992805,-16.469443661971773,-3.5478514922997406,-9.777281690140814
104182872,62.49299462915864,-16.47914788732389,-3.38600226609113,-9.794126760563348
104182873,62.48965197358738,-16.488669014084458,-3.4373282032498897,-9.588140845070392
104182874,62.486201490417045,-16.498556338028116,-3.3302553973703763,-9.705049295774616
104182875,62.48264317964763,-16.50816901408446,-3.471833034953258,-9.633640845070392
104182876,62.479084868878225,-16.5181478873239,-3.406597337514078,-9.747528169014053
104182877,62.475957868505105,-16.5282183098591,-3.4276237193333174,-9.856014084507011
104182878,62.47272304053291,-16.538014084506983,-3.3138656023112762,-9.723908450704194
104182879,62.46927255736257,-16.547992957746423,-3.3919327840401463,-9.966239436619686
104182880,62.46592990179131,-16.55769718309854,-3.2188694875279413,-9.732056338028137
104182881,62.462048108224685,-16.567767605633748,-3.299524531634564,-9.886225352112644
104182882,62.45848979745527,-16.577654929577413,-3.4182427182139645,-9.99782394366194
104182883,62.454931486685865,-16.58754225352107,-3.4998682107122447,-9.90288732394363
104182884,62.45126534831738,-16.597521126760512,-3.576641461252238,-10.105302816901377
104182885,62.448354003142406,-16.60722535211263,-3.46762775858941,-9.933098591549264
104182886,62.444687864773925,-16.617295774647836,-3.576210150855946,-9.88338732394363
104182887,62.44134520920266,-16.62736619718305,-3.5514098030691503,-9.851161971830955
104182888,62.4380025536314,-16.637345070422477,-3.5694170121143456,-9.824612676056306
104182889,62.434444242861986,-16.6474154929577,-3.6451119866636095,-9.878169014084474
104182890,62.431640725286094,-16.6571197183098,-3.2290052818408057,-9.939507042253489
104182891,62.42775893171946,-16.66746478873234,-3.566182184142155,-9.961845070422502
104182892,62.424524103747274,-16.67744366197178,-3.4793809668883697,-10.147781690140812
104182893,62.42075013777971,-16.687697183098543,-3.6217133976647626,-10.216535211267573
104182894,62.417407482208446,-16.6975845070422,-3.573406633280048,-10.269999999999968
104182895,62.41417265423626,-16.707746478873183,-3.5751318748652157,-10.320443661971797
104182896,62.41072217106592,-16.71763380281685,-3.6607469885291977,-10.099169014084474
104182897,62.40705603269744,-16.727521126760507,-3.531569524839714,-10.007253521126728
104182898,62.4036055495271,-16.737225352112624,-3.5434305607377468,-9.985830985915461
104182899,62.40047854915398,-16.74711267605629,-3.31505170590108,-10.010183098591517
104182900,62.39648892798829,-16.75709154929573,-3.3061020151780185,-10.033070422535179
104182901,62.39293061721887,-16.76661267605629,-3.6663540236809946,-9.930443661971799
104182902,62.38937230644947,-16.77649999999995,-3.4481109631571925,-9.921929577464757
104182903,62.38613747847727,-16.785746478873193,-3.4691373449764322,-9.678866197183067
104182904,62.38290265050508,-16.79535915492952,-3.535882628802635,-9.581549295774616
104182905,62.37966782253289,-16.80469718309854,-3.4648242410135115,-9.535499999999969
104182906,62.37610951176348,-16.813943661971784,-3.6151359141213084,-9.418774647887293
104182907,62.372551200994074,-16.82328169014079,-3.472048690151404,-9.43406338028166
104182908,62.36920854542281,-16.832528169014033,-3.2888495993263347,-9.310105633802786
104182909,62.36586588985155,-16.84186619718305,-3.6456511246589742,-9.377852112676026
104182910,62.362307579082135,-16.851021126760514,-3.509249211831597,-9.364577464788702
104182911,62.35874926831273,-16.860084507042195,-3.4646085858153652,-9.20299295774645
104182912,62.355190957543314,-16.869056338028116,-3.406489509915005,-9.255084507042223
104182913,62.35174047437298,-16.878394366197128,-3.4408865140193,-9.394788732394336
104182914,62.34828999120264,-16.887274647887267,-3.3915014736438547,-9.187978873239407
104182915,62.344947335631375,-16.89642957746473,-3.220379073914964,-9.211232394366167
104182916,62.34106554206475,-16.905584507042192,-3.4891932784040147,-9.152274647887294
104182917,62.33761505889441,-16.91492253521121,-3.40950868268905,-9.066859154929547
104182918,62.334056748125,-16.92444366197178,-3.3190413270667816,-9.142478873239407
104182919,62.33092974775189,-16.93350704225346,-3.4047642683298363,-9.005063380281662
104182920,62.327694919779695,-16.94284507042248,-3.255746526410916,-9.189901408450675
104182921,62.323920953812134,-16.95199999999995,-3.4595406886589335,-9.364302816901379
104182922,62.32036264304273,-16.961429577464727,-3.406381682315932,-9.159507042253491
104182923,62.31658867707517,-16.97113380281685,-3.5703874605060033,-9.48963380281687
104182924,62.31303036630577,-16.980197183098532,-3.4305350645082897,-9.054408450704196
104182925,62.309472055536354,-16.98999295774643,-3.295642738067935,-9.326859154929547
104182926,62.30656071036138,-16.999330985915435,-3.2620005271571517,-9.463542253521096
104182927,62.302894571992894,-17.008760563380235,-3.6195568456833023,-9.486521126760532
104182928,62.29944408882256,-17.01819014084502,-3.617400293701842,-9.528725352112644
104182929,62.29599360565222,-17.02743661971826,-3.5711422536995143,-9.464274647887294
104182930,62.29232746728374,-17.036866197183045,-3.481106208473538,-9.234669014084478
104182931,62.28855350131619,-17.046478873239387,-3.4441213419914902,-9.341507042253491
104182932,62.285318673343994,-17.05563380281685,-3.220918211910329,-9.123161971830957
104182933,62.2820838453718,-17.065063380281636,-3.2878791509346774,-9.406873239436589
104182934,62.27863336220147,-17.074309859154873,-3.1659261363830864,-9.191091549295745
104182935,62.2752907066302,-17.08364788732389,-3.165386998387721,-9.121788732394338
104182936,62.271624568261714,-17.093352112676,-3.324432707020433,-9.283464788732363
104182937,62.268281912690455,-17.10259859154924,-3.1974117953124095,-9.093225352112647
104182938,62.264939257119195,-17.111753521126708,-3.299093221238272,-9.219014084507013
104182939,62.261488773948855,-17.120999999999945,-3.1417727541907285,-9.411267605633773
104182940,62.257499152783154,-17.130338028168964,-3.268901493497825,-9.276232394366167
104182941,62.254695635207256,-17.139401408450652,-2.9995481510134083,-9.293992957746449
104182942,62.25146080723506,-17.14846478873234,-3.0210058432289406,-9.219929577464757
104182943,62.247902496465656,-17.157894366197134,-3.0036455997781832,-9.376478873239407
104182944,62.24423635809717,-17.167415492957694,-3.0733022287793577,-9.349654929577435
104182945,62.24089370252591,-17.176478873239382,-3.165602653585867,-9.182485915492927
104182946,62.237658874553716,-17.18590845070417,-2.872419411706312,-9.244098591549266
104182947,62.23410056378431,-17.19506338028163,-3.020790188030795,-9.231922535211238
104182948,62.23097356341119,-17.204492957746425,-3.243130697319372,-9.271929577464759
104182949,62.227415252641784,-17.21373943661967,-3.2625396651525165,-9.468577464788702
104182950,62.224288252268664,-17.2229859154929,-3.286046081750436,-9.37812676056335
104182951,62.221161251895545,-17.232140845070376,-3.2280348334491484,-9.406415492957716
104182952,62.217710768725205,-17.241570422535155,-3.328422328186135,-9.294359154929547
104182953,62.214583768352085,-17.251091549295722,-3.238386282960159,-9.290056338028139
104182954,62.2113489403799,-17.260612676056283,-3.253482146830382,-9.387464788732364
104182955,62.207898457209566,-17.27004225352107,-3.312679498721473,-9.436535211267575
104182956,62.20434014644015,-17.27983802816896,-3.320982223850096,-9.718415492957714
104182957,62.20121314606704,-17.289176056337972,-3.247767284079512,-9.700838028168983
104182958,62.19819397329299,-17.29851408450699,-3.1888934149856403,-9.595373239436588
104182959,62.194743490122654,-17.30840140845065,-3.1926673809531962,-9.648746478873209
104182960,62.19150866215046,-17.317830985915435,-3.1670044123738164,-9.451457746478843
104182961,62.188166006579195,-17.32762676056332,-3.3743568853912436,-9.735352112676026
104182962,62.185039006206075,-17.337330985915436,-3.2347201445916762,-9.817105633802784
104182963,62.181696350634816,-17.34712676056332,-3.320874396251023,-9.816281690140814
104182964,62.17846152266263,-17.35692253521122,-3.2127233143807787,-9.802732394366165
104182965,62.17501103949229,-17.366901408450644,-3.375219506183828,-10.10026760563377
104182966,62.17188403911918,-17.37678873239431,-3.285614771354144,-10.007619718309826
104182967,62.16854138354791,-17.38676760563375,-3.2143407283668743,-10.085161971830953
104182968,62.16541438317479,-17.396563380281634,-3.1156784752150566,-9.840359154929546
104182969,62.1621795552026,-17.406542253521067,-3.0676951936275603,-9.877894366197152
104182970,62.15883689963133,-17.41633802816895,-3.193530001745781,-9.610295774647856
104182971,62.15549424406007,-17.426408450704173,-3.173797551115417,-9.638584507042223
104182972,62.15236724368695,-17.436204225352057,-3.2659901483228535,-9.81857042253518
104182973,62.14880893291754,-17.445908450704174,-3.5089257290343787,-9.848140845070391
104182974,62.145574104945354,-17.455704225352058,-3.402823371546522,-9.877436619718278
104182975,62.14266275977038,-17.465133802816844,-3.4441213419914902,-9.862605633802785
104182976,62.13856531100561,-17.475021126760502,-3.57847453043648,-9.71200704225349
104182977,62.13586962102878,-17.48454225352107,-3.280331218999566,-9.630253521126729
104182978,62.131987827462154,-17.494063380281638,-3.455119757096939,-9.47150704225349
104182979,62.12864517189089,-17.503676056337973,-3.136057891439858,-9.367049295774619
104182980,62.1254103439187,-17.513288732394308,-3.1498598241212052,-9.420422535211237
104182981,62.12239117114465,-17.522352112676003,-3.1365970294352232,-9.236683098591518
104182982,62.11915634317246,-17.531507042253473,-3.3685341950413,-9.231556338028138
104182983,62.11559803240306,-17.540661971830936,-3.3610940907052616,-9.074732394366167
104182984,62.11225537683179,-17.5498169014084,-3.514856246983395,-9.122795774647857
104182985,62.108697066062376,-17.559063380281636,-3.4546884467006467,-9.243549295774619
104182986,62.10546223809019,-17.568126760563324,-3.588502497150271,-9.170767605633772
104182987,62.101580444523556,-17.57755633802811,-3.606186223398247,-9.309281690140814
104182988,62.0982377889523,-17.58652816901403,-3.6892134746844767,-9.219563380281661
104182989,62.094787305781956,-17.59549999999995,-3.7683589324040767,-9.116387323943632
104182990,62.09122899501255,-17.604929577464738,-3.8863223257899655,-9.357619718309829
104182991,62.08777851184222,-17.6140845070422,-3.852140976883817,-9.379225352112645
104182992,62.08443585627095,-17.623239436619663,-3.677891576781809,-9.12993661971828
104182993,62.080877545501544,-17.632211267605584,-3.516581488568564,-9.237415492957718
104182994,62.07731923473213,-17.64164084507037,-3.6936344062464705,-9.27055633802814
104182995,62.07408440675994,-17.650795774647833,-3.3949519568141913,-9.325852112676026
104182996,62.07041826839146,-17.66004225352107,-3.151585065706374,-9.269915492957717
104182997,62.066644302423896,-17.66938028169009,-3.4929672443715707,-9.233295774647857
104182998,62.06351730205078,-17.67853521126755,-3.4531788603136246,-9.221028169014055
104182999,62.059635508484156,-17.68778169014078,-3.2966131864595924,-9.08443661971828
104183000,62.05640068051196,-17.697302816901356,-3.1032783013216587,-9.361464788732365
104183001,62.05295019734162,-17.70645774647882,-3.159779963235924,-9.134330985915463
104183002,62.04939188657222,-17.715978873239386,-3.352252227581273,-9.225697183098562
104183003,62.04594140340188,-17.72531690140839,-3.4213697185870826,-9.380232394366166
104183004,62.04259874783062,-17.734471830985854,-3.4104791310807063,-9.280992957746449
104183005,62.03925609225935,-17.74417605633797,-3.307180291168749,-9.434795774647856
104183006,62.03558995389086,-17.75351408450699,-3.546018423115499,-9.216176056337998
104183007,62.03235512591868,-17.76276056338022,-3.464500758216292,-9.149711267605605
104183008,62.02922812554556,-17.77219014084502,-3.253589974429455,-9.33262676056335
104183009,62.02534633197893,-17.781619718309805,-3.541705319152578,-9.257830985915463
104183010,62.02221933160582,-17.790866197183043,-3.586777255565103,-9.114098591549267
104183011,62.01855319323733,-17.800112676056287,-3.72393396158599,-9.357345070422504
104183012,62.01499488246792,-17.809633802816847,-3.3402833640841676,-9.235950704225322
104183013,62.01165222689666,-17.81878873239431,-3.4956629343483967,-9.303147887323913
104183014,62.00830957132539,-17.828035211267554,-3.3483704340146443,-9.310288732394335
104183015,62.005074743353205,-17.83728169014079,-3.4492970667469955,-9.27156338028166
104183016,62.00183991538101,-17.84652816901402,-3.3272362245963314,-9.267901408450674
104183017,61.998281604611606,-17.855591549295724,-3.5191693509463158,-9.304338028168983
104183018,61.99504677663941,-17.86456338028163,-3.3660541602626206,-9.38737323943659
104183019,61.99127281067185,-17.873809859154875,-3.3794247825476758,-9.30525352112673
104183020,61.98793015510059,-17.883056338028112,-3.2609222511664213,-9.115014084507013
104183021,61.984587499529326,-17.8921197183098,-3.1671122399728895,-9.214528169014056
104183022,61.98124484395806,-17.901366197183037,-3.1459780305545766,-9.183950704225323
104183023,61.97757870558958,-17.910795774647838,-3.4436900315951986,-9.166922535211238
104183024,61.974128222419246,-17.920133802816842,-3.5341573872174665,-9.381697183098561
104183025,61.970677739248906,-17.929288732394305,-3.4347403408721373,-9.146781690140815
104183026,61.96722725607857,-17.938809859154873,-3.5552915966357794,-9.345901408450674
104183027,61.963561117710086,-17.94814788732389,-3.884057946209432,-9.45850704225349
104183028,61.960434117336966,-17.957485915492896,-3.5724361848883905,-9.241901408450675
104183029,61.95698363416663,-17.966823943661915,-3.579876289224429,-9.431042253521095
104183030,61.95320966819908,-17.976345070422475,-3.788307038232586,-9.365492957746449
104183031,61.95008266782596,-17.98577464788726,-3.49329072716879,-9.484415492957716
104183032,61.9463087018584,-17.99529577464783,-3.793482762988091,-9.469676056337997
104183033,61.943397356683434,-18.004725352112622,-3.40950868268905,-9.267352112676026
104183034,61.939946873513094,-18.014429577464732,-3.3414694676739707,-9.418866197183068
104183035,61.93638856274369,-18.023950704225292,-3.390746680450343,-9.381697183098561
104183036,61.932938079573354,-18.033471830985853,-3.5037500042788734,-9.733612676056307
104183037,61.929487596403014,-18.043084507042195,-3.673362817620742,-9.744323943661941
104183038,61.926037113232674,-18.05269718309853,-3.95026409204027,-9.743866197183067
104183039,61.92247880246327,-18.062309859154873,-4.153411288693849,-9.901971830985884
104183040,61.919243974491074,-18.071830985915433,-3.8809309458363153,-9.933647887323913
104183041,61.91568566372166,-18.0817183098591,-3.7374124114701184,-9.862605633802785
104183042,61.91266649094762,-18.09123943661966,-3.3693968158338845,-10.023732394366165
104183043,61.90889252498006,-18.101126760563325,-3.420399270195425,-9.96019718309856
104183044,61.90576552460695,-18.11092253521121,-3.5304912488489837,-9.951591549295742
104183045,61.90263852423383,-18.12044366197177,-3.3036219803993387,-9.779845070422503
104183046,61.89886455826627,-18.130605633802766,-3.355163572756245,-9.633274647887292
104183047,61.89530624749686,-18.140492957746424,-3.532432145632298,-9.663394366197151
104183048,61.892071419524676,-18.150014084506985,-3.402931199145595,-9.524514084507011
104183049,61.88808179835897,-18.15980985915487,-3.656433884566277,-9.821225352112643
104183050,61.884307832391414,-18.169147887323888,-3.5494689062858362,-9.61707042253518
104183051,61.88139648721644,-18.178669014084456,-3.314728223103861,-9.53293661971828
104183052,61.878053831645175,-18.18828169014079,-3.42234016697874,-9.67538732394363
104183053,61.87449552087577,-18.19752816901402,-3.6017652918362533,-9.586492957746447
104183054,61.871045037705436,-18.20686619718304,-3.6422006414886376,-9.664401408450674
104183055,61.86770238213417,-18.216204225352058,-3.673362817620742,-9.59619718309856
104183056,61.864144071364755,-18.22554225352107,-3.3991572331780397,-9.460612676056307
104183057,61.8603701053972,-18.234971830985856,-3.1624756532127494,-9.466197183098561
104183058,61.85691962222687,-18.24403521126755,-3.1718566543321027,-9.332443661971801
104183059,61.8535769666556,-18.25309859154924,-3.212076348786341,-9.058253521126732
104183060,61.84980300068805,-18.26197887323938,-3.463530309824635,-9.134239436619689
104183061,61.846244689918635,-18.271042253521067,-3.592060807919681,-9.116478873239407
104183062,61.842902034347375,-18.28019718309853,-3.523051144512945,-9.160697183098561
104183063,61.83891241318167,-18.289443661971774,-3.5482828026960327,-9.121971830985887
104183064,61.83567758520948,-18.298323943661913,-3.630663088387824,-9.13112676056335
104183065,61.83222710203914,-18.30738732394361,-3.709161580512986,-9.259661971830955
104183066,61.828668791269735,-18.31626760563374,-3.650179883820041,-9.16518309859152
104183067,61.825218308099394,-18.325330985915436,-3.706034580139868,-9.347549295774618
104183068,61.821875652528135,-18.334394366197124,-3.5208945925314845,-9.321274647887295
104183069,61.81853299695687,-18.343366197183045,-3.4312898577018007,-9.188528169014054
104183070,61.8151903413856,-18.35279577464783,-3.156113824867441,-9.285295774647857
104183071,61.811632030616195,-18.362225352112617,-3.4437978591942717,-9.260394366197154
104183072,61.80861285784215,-18.37138028169008,-3.2239373846843735,-8.932830985915464
104183073,61.80494671947367,-18.38053521126755,-3.320550913453804,-8.855838028168986
104183074,61.801711891501476,-18.38987323943656,-3.3886979560679555,-9.130394366197153
104183075,61.79847706352928,-18.399485915492903,-3.4456309283785127,-9.441021126760532
104183076,61.7948109251608,-18.408823943661922,-3.7039858557574807,-9.385267605633771
104183077,61.79146826958954,-18.418345070422482,-3.5389018015766798,-9.279894366197153
104183078,61.78812561401828,-18.427683098591487,-3.6274282604156327,-9.482401408450674
104183079,61.78489078604609,-18.437021126760506,-3.238386282960159,-9.245014084507012
104183080,61.781548130474825,-18.446725352112615,-3.130666511486207,-9.410992957746448
104183081,61.778421130101705,-18.455971830985852,-3.243454180116591,-9.23512676056335
104183082,61.774970646931365,-18.465584507042195,-3.281840805386588,-9.261309859154899
104183083,61.77152016376103,-18.47501408450698,-3.432907271687896,-9.512887323943632
104183084,61.7680696805907,-18.484260563380225,-3.2066849688326897,-9.352401408450673
104183085,61.76472702501943,-18.493690140845004,-2.9789530795904606,-9.281633802816872
104183086,61.761384369448166,-18.502753521126706,-2.8739289980933345,-9.061274647887293
104183087,61.758041713876906,-18.512183098591493,-2.7133737030736,-8.951781690140816
104183088,61.75502254110286,-18.52152112676051,-2.7162850482485723,-9.188985915492928
104183089,61.75167988553159,-18.53076760563375,-3.076213573954329,-9.362471830985884
104183090,61.748552885158475,-18.54001408450698,-2.9978229094282405,-9.275042253521097
104183091,61.745210229587215,-18.54916901408444,-2.8648714797712005,-9.03243661971828
104183092,61.741759746416875,-18.55850704225346,-3.1623678256136762,-9.158408450704195
104183093,61.73830926324654,-18.568119718309802,-2.9776591484015844,-9.290697183098562
104183094,61.734966607675275,-18.577457746478807,-3.2813016673912228,-9.264605633802786
104183095,61.73205526250031,-18.58697887323938,-3.204528416851229,-9.228260563380251
104183096,61.72882043452811,-18.59604225352107,-3.0670482280331224,-9.382429577464759
104183097,61.725585606555924,-18.605471830985856,-3.3742490577921704,-9.402295774647857
104183098,61.722135123385584,-18.61526760563374,-3.1840411730273543,-9.548042253521096
104183099,61.71922377821061,-18.62442253521121,-2.87090982531929,-9.36924647887321
104183100,61.71577329504028,-18.634035211267545,-3.0214371536252327,-9.219563380281661
104183101,61.71243063946901,-18.643830985915436,-3.0597159512961563,-9.566992957746448
104183102,61.70951929429404,-18.653169014084447,-2.9305384876066727,-9.457774647887293
104183103,61.70596098352463,-18.663239436619662,-3.3111699123344507,-9.872126760563349
104183104,61.70304963834966,-18.672760563380223,-3.1865212078060337,-9.736450704225321
104183105,61.70003046557561,-18.68219014084501,-3.1272160283158703,-9.704225352112644
104183106,61.696903465202496,-18.692077464788674,-3.116756751205787,-9.750549295774617
104183107,61.6936686372303,-18.70187323943656,-3.1498598241212052,-9.740295774647857
104183108,61.69064946445626,-18.71185211267599,-3.1198837515789046,-9.656345070422503
104183109,61.687306808885,-18.72164788732389,-3.1510459277110088,-9.57651408450701
104183110,61.68396415331374,-18.731352112676,-3.3513896067886892,-9.69882394366194
104183111,61.68083715294062,-18.741605633802756,-3.103709611717951,-9.974021126760531
104183112,61.677817980166566,-18.751309859154873,-3.0773996775441326,-9.825528169014053
104183113,61.67404401419901,-18.761746478873178,-3.1388614090157567,-9.83550704225349
104183114,61.67070135862775,-18.771633802816844,-3.268685838299679,-10.040211267605601
104183115,61.66757435825463,-18.78170422535206,-3.140694478199998,-10.074725352112644
104183116,61.664447357881514,-18.791957746478815,-3.1689453091571305,-10.262492957746446
104183117,61.6613203575084,-18.802119718309804,-2.9858540459311347,-10.132218309859121
104183118,61.65743856394177,-18.81237323943656,-3.1549277212776374,-10.01201408450701
104183119,61.653988080771434,-18.822626760563324,-3.1503989621165704,-10.093218309859122
104183120,61.650861080398315,-18.832422535211208,-3.0173397048604578,-9.830105633802784
104183121,61.647410597227974,-18.84285915492952,-3.0499036397805113,-9.894464788732362
104183122,61.64385228645857,-18.852838028168954,-3.0596081236970836,-9.630711267605603
104183123,61.640078320491014,-18.862816901408387,-3.5518411134654424,-9.864436619718278
104183124,61.63695132011789,-18.872795774647827,-3.354947917558099,-9.972190140845038
104183125,61.633608664546635,-18.882499999999936,-3.2331027306055806,-10.017049295774616
104183126,61.63005035377722,-18.892478873239376,-3.413929614251044,-9.998281690140812
104183127,61.626492043007815,-18.902183098591493,-3.5684465637226883,-10.134049295774615
104183128,61.623041559837475,-18.911887323943603,-3.5820328412058893,-10.097795774647855
104183129,61.61937542146899,-18.921866197183036,-3.7001040621908516,-10.173415492957714
104183130,61.61581711069958,-18.93166197183092,-3.792835797393653,-10.14027464788729
104183131,61.612258799930174,-18.941457746478818,-3.7588701036856507,-9.743683098591518
104183132,61.60859266156169,-18.950795774647823,-3.6100680169648762,-9.730499999999969
104183133,61.60503435079228,-18.96031690140839,-3.567907425727323,-9.715852112676025
104183134,61.60136821242379,-18.97011267605628,-3.508278763439941,-9.653598591549263
104183135,61.598025556852534,-18.979542253521068,-3.2237217294862277,-9.323838028168984
104183136,61.59446724608313,-18.988971830985854,-3.6075879821861965,-9.48588028169011
104183137,61.59112459051186,-18.99867605633797,-3.3004949800262215,-9.573035211267573
104183138,61.58735062454431,-19.008471830985854,-3.414145269449189,-9.601049295774617
104183139,61.58400796897304,-19.01826760563374,-3.4035781647400336,-9.59775352112673
104183140,61.58034183060455,-19.0277887323943,-3.395598922408629,-9.484781690140814
104183141,61.57689134743422,-19.03740140845064,-3.3816891621282092,-9.570563380281659
104183142,61.573333036664806,-19.047197183098525,-3.3452434336415267,-9.818478873239405
104183143,61.56988255349448,-19.056535211267544,-3.2929470480911096,-9.674105633802785
104183144,61.56632424272507,-19.066514084506984,-3.5132388329972994,-9.904901408450671
104183145,61.56265810435658,-19.076035211267545,-3.412096545066802,-9.864619718309827
104183146,61.559207621186246,-19.085739436619654,-3.3830909209161586,-9.816464788732363
104183147,61.555218000020545,-19.09580985915487,-3.472803483344915,-10.00258450704222
104183148,61.5521988272465,-19.10542253521121,-3.4572763090783996,-9.882471830985883
104183149,61.548424861278946,-19.115218309859095,-3.4698921381699437,-9.669528169014054
104183150,61.54486655050953,-19.12501408450698,-3.4062738547168587,-9.854091549295742
104183151,61.54130823974012,-19.134718309859096,-3.2850756333587787,-9.796781690140813
104183152,61.53774992897071,-19.144697183098536,-3.454904101898793,-9.844845070422505
104183153,61.53408379060223,-19.15449295774642,-3.592168635518754,-9.856288732394335
104183154,61.53052547983282,-19.164197183098523,-3.687703888297454,-9.925133802816868
104183155,61.526751513865264,-19.174084507042195,-3.5817093584086708,-10.049091549295742
104183156,61.523301030694924,-19.183605633802763,-3.706789373333379,-9.889154929577433
104183157,61.519634892326444,-19.19358450704219,-3.7559587585106793,-9.840267605633771
104183158,61.51629223675518,-19.203014084506982,-3.595079980693726,-9.516274647887293
104183159,61.512302615589476,-19.212626760563317,-3.565858701344936,-9.580267605633772
104183160,61.50874430482007,-19.222239436619653,-3.502024762693705,-9.698091549295743
104183161,61.504970338852516,-19.23194366197177,-3.476685276911544,-9.691408450704193
104183162,61.50130420048403,-19.24164788732388,-3.433122926886042,-9.731323943661941
104183163,61.497853717313696,-19.250894366197123,-3.371337712617199,-9.43131690140842
104183164,61.49397192374706,-19.260507042253458,-3.444660479986856,-9.375105633802786
104183165,61.49030578537858,-19.2701197183098,-3.518522385351878,-9.559669014084475
104183166,61.4866396470101,-19.27964084507036,-3.7045249937528455,-9.572394366197152
104183167,61.48318916383976,-19.28916197183093,-3.7369811010738263,-9.380507042253491
104183168,61.47930737027313,-19.298774647887264,-3.6853316811178476,-9.561866197183067
104183169,61.475964714701874,-19.308112676056275,-3.2492768704665345,-9.415204225352083
104183170,61.47219074873431,-19.317816901408392,-3.1160019580122755,-9.381697183098561
104183171,61.46841678276675,-19.327338028168953,-3.4487579287516303,-9.366591549295745
104183172,61.464858471997346,-19.33667605633797,-3.3869727144827877,-9.290239436619688
104183173,61.461192333628865,-19.346471830985855,-3.3280988453889155,-9.569373239436588
104183174,61.457418367661305,-19.356176056337965,-3.5585264246079698,-9.606359154929546
104183175,61.454183539689126,-19.365697183098526,-3.403685992339106,-9.547401408450673
104183176,61.45051740132064,-19.37558450704219,-3.3809343689346982,-9.50657042253518
104183177,61.44685126295215,-19.385197183098526,-3.4134983038547513,-9.425274647887294
104183178,61.44350860738089,-19.395176056337966,-3.4408865140193,-9.769774647887292
104183179,61.43995029661148,-19.405154929577407,-3.4411021692174457,-9.813077464788702
104183180,61.436284158243,-19.415133802816847,-3.393011060030877,-9.801359154929546
104183181,61.43283367507266,-19.424746478873175,-3.2811938397921496,-9.95626056338025
104183182,61.42927536430325,-19.434633802816833,-3.2892809097226268,-9.855556338028137
104183183,61.42550139833569,-19.44479577464783,-3.359368849120093,-9.786619718309828
104183184,61.42205091516536,-19.454683098591488,-3.5068770046519915,-9.786985915492926
104183185,61.418816087193164,-19.464570422535154,-3.341685122872117,-9.627415492957715
104183186,61.41493429362654,-19.474732394366136,-3.252403870839652,-9.868830985915462
104183187,61.411483810456204,-19.484711267605576,-3.220055591117745,-9.875330985915461
104183188,61.40824898248401,-19.494781690140783,-3.135842236241712,-9.829464788732363
104183189,61.404582844115524,-19.504852112675998,-3.4244967189602002,-9.845669014084475
104183190,61.40080887814797,-19.515288732394303,-3.4129591658593865,-9.940147887323912
104183191,61.39746622257671,-19.52554225352106,-3.434416858074918,-10.168654929577432
104183192,61.394123567005444,-19.53561267605628,-3.316776947486248,-10.038197183098559
104183193,61.39078091143418,-19.545774647887264,-3.655571263773693,-10.21058450704222
104183194,61.387006945466624,-19.555570422535148,-3.6094210513704374,-9.998739436619685
104183195,61.38355646229628,-19.565915492957686,-3.4659025170042415,-10.010366197183066
104183196,61.38010597912594,-19.576260563380224,-3.530599076448057,-10.369239436619685
104183197,61.3763320131584,-19.586056338028108,-3.7072206837296715,-10.179366197183064
104183198,61.37266587478991,-19.59621830985909,-3.795747142568625,-10.228528169014051
104183199,61.36964670201587,-19.60573943661965,-3.666677506478214,-10.382788732394332
104183200,61.36598056364738,-19.615809859154872,-3.8320850434562344,-10.367408450704191
104183201,61.3623144252789,-19.625514084506975,-3.904545190033307,-10.151626760563348
104183202,61.3590795973067,-19.635309859154873,-3.927188985838643,-9.958915492957715
104183203,61.3555212865373,-19.645014084506975,-3.93279602099044,-9.956992957746445
104183204,61.35217863096604,-19.654626760563318,-3.6172924661027688,-10.050190140845038
104183205,61.3487281477957,-19.664330985915434,-3.5518411134654424,-9.987570422535178
104183206,61.34538549222444,-19.674035211267544,-3.456090205488596,-9.756408450704193
104183207,61.34171935385595,-19.683373239436563,-3.4226636497759584,-9.614140845070391
104183208,61.33837669828469,-19.69298591549289,-3.399372888376185,-9.715852112676025
104183209,61.3347105599162,-19.70278169014079,-3.392579749634584,-9.82351408450701
104183210,61.33126007674587,-19.71230281690135,-3.4311820301027276,-9.801816901408419
104183211,61.328025248773685,-19.72182394366191,-3.410371303481634,-9.851528169014053
104183212,61.32479042080149,-19.731253521126696,-3.341253812475825,-9.812253521126728
104183213,61.32123211003208,-19.74132394366191,-3.4492970667469955,-9.900598591549263
104183214,61.317781626861745,-19.751211267605576,-3.5419209743507243,-9.826809859154897
104183215,61.31454679888955,-19.76100704225346,-3.282703426179172,-9.655338028168982
104183216,61.310880660521065,-19.77089436619712,-3.515503212577833,-9.635563380281658
104183217,61.30818497054425,-19.78041549295768,-3.355379227954391,-9.821042253521094
104183218,61.304734487373906,-19.7904859154929,-3.4863897608281165,-9.970176056337996
104183219,61.30160748700078,-19.800281690140785,-3.453502343110844,-9.974478873239404
104183220,61.29794134863231,-19.810169014084444,-3.3846005073031806,-9.9430774647887
104183221,61.29438303786289,-19.819964788732328,-3.514101453789884,-9.965873239436586
104183222,61.29114820989071,-19.83021830985909,-3.4743130697319375,-10.337380281690107
104183223,61.28769772672037,-19.83992253521121,-3.512268384605642,-10.212140845070389
104183224,61.28424724355003,-19.849718309859092,-3.5190615233472426,-10.055133802816869
104183225,61.280581105181554,-19.859514084506976,-3.425143684554638,-9.852077464788701
104183226,61.27734627720936,-19.869218309859093,-3.45479627429972,-9.756866197183067
104183227,61.27411144923717,-19.87910563380276,-3.4304272369092166,-9.906457746478841
104183228,61.27055313846776,-19.88880985915486,-3.373278609400513,-9.79632394366194
104183229,61.26731831049557,-19.898697183098527,-3.109963612464186,-9.664126760563349
104183230,61.263759999726155,-19.90812676056332,-3.302975014804901,-9.561866197183067
104183231,61.260740826952116,-19.917922535211204,-3.2617848719590055,-9.626591549295743
104183232,61.256966860984555,-19.927809859154863,-3.4238497533657624,-9.654422535211236
104183233,61.253839860611436,-19.93714788732388,-3.566505666939374,-9.666781690140814
104183234,61.2503893774411,-19.947035211267547,-3.642524124285856,-9.787352112676025
104183235,61.24715454946891,-19.95683098591543,-3.6115776033518987,-10.043049295774615
104183236,61.24381189389764,-19.96616901408445,-3.471833034953258,-9.758330985915462
104183237,61.24057706592546,-19.975781690140778,-3.287663495736531,-9.566535211267576
104183238,61.23745006555234,-19.98530281690134,-3.0816049539079806,-9.555732394366165
104183239,61.23410740998108,-19.995098591549237,-3.2278191782510026,-9.515999999999968
104183240,61.23065692681074,-20.004985915492895,-3.3580749179312166,-9.81683098591546
104183241,61.22763775403669,-20.01423239436614,-3.352360055180346,-9.703767605633772
104183242,61.224079443267286,-20.024302816901347,-3.463530309824635,-9.788176056337996
104183243,61.22084461529509,-20.033823943661908,-3.5049361078686765,-9.681246478873208
104183244,61.21771761492198,-20.04361971830979,-3.2915452893031603,-9.641788732394334
104183245,61.21415930415257,-20.053781690140788,-3.203342313261426,-9.79257042253518
104183246,61.211140131378514,-20.063669014084446,-3.3915014736438547,-9.88302112676053
104183247,61.207797475807254,-20.07392253521121,-3.2285739714445136,-9.801267605633772
104183248,61.204131337438774,-20.084267605633734,-3.1741210339126362,-10.086260563380248
104183249,61.20089650946658,-20.09442957746473,-3.4079990963020275,-10.176345070422503
104183250,61.19776950909346,-20.104683098591487,-3.375003850985682,-10.156478873239402
104183251,61.194211198324055,-20.114753521126694,-3.625703018830465,-10.208936619718276
104183252,61.190868542752796,-20.125281690140774,-3.398186784786382,-10.203809859154896
104183253,61.18784936997875,-20.13544366197177,-3.3544087795627338,-10.479190140845036
104183254,61.18450671440748,-20.1457887323943,-3.3403911916832407,-10.491732394366162
104183255,61.18116405883622,-20.156408450704156,-3.1674357227701084,-10.445316901408416
104183256,61.177713575665884,-20.166845070422475,-3.232887075407435,-10.471499999999965
104183257,61.17447874769369,-20.17728169014078,-3.0425713630435456,-10.230725352112643
104183258,61.17059695412706,-20.18817605633796,-3.4695686553727243,-10.64690845070419
104183259,61.16714647095672,-20.19861267605628,-3.5066613494538452,-10.538422535211234
104183260,61.164019470583604,-20.20914084507036,-3.4004511643669155,-10.348366197183065
104183261,61.16056898741327,-20.219394366197115,-3.472911310943988,-10.292795774647853
104183262,61.157010676643864,-20.229830985915434,-3.503318693882581,-10.409612676056303
104183263,61.15334453827538,-20.24017605633796,-3.537176559991511,-10.313577464788699
104183264,61.150109710303184,-20.25024647887318,-3.542891422742381,-10.326485915492924
104183265,61.14698270993007,-20.260225352112613,-3.431936823296239,-10.06090140845067
104183266,61.14310091636344,-20.27029577464782,-3.798550660144524,-10.36676760563377
104183267,61.13965043319311,-20.28027464788726,-3.9386187113403825,-10.192732394366164
104183268,61.1360921224237,-20.2902535211267,-3.728354893147984,-10.074542253521095
104183269,61.13264163925336,-20.30014084507036,-3.6898604402789146,-10.011922535211236
104183270,61.12940681128117,-20.309570422535145,-3.60165746423718,-9.779753521126729
104183271,61.12595632811083,-20.31964084507036,-3.4584624126682026,-10.007802816901375
104183272,61.12239801734142,-20.329161971830928,-3.6159985349138926,-9.921197183098558
104183273,61.11916318936923,-20.33886619718303,-3.4072443031085164,-9.659366197183068
104183274,61.11538922340168,-20.348295774647816,-3.1422040645870206,-9.477274647887294
104183275,61.11193874023134,-20.358091549295715,-3.113198440436377,-9.547767605633771
104183276,61.108164774263784,-20.367978873239373,-3.1296960630945496,-9.905542253521094
104183277,61.10460646349437,-20.377774647887257,-3.5074161426473562,-9.83706338028166
104183278,61.10083249752681,-20.38757042253514,-3.683067301537314,-9.8780774647887
104183279,61.09716635915834,-20.39709154929571,-3.456737171083035,-9.764556338028138
104183280,61.093715875987996,-20.406795774647826,-3.7390298254562135,-9.835964788732364
104183281,61.090265392817656,-20.416499999999942,-3.648778125032092,-9.733704225352081
104183282,61.08670708204825,-20.426204225352045,-3.618155086895353,-9.740112676056306
104183283,61.08314877127884,-20.435816901408387,-3.6329274679683574,-9.66751408450701
104183284,61.079159150113135,-20.445704225352053,-3.7446368606080114,-9.595922535211235
104183285,61.0757086669428,-20.455408450704155,-3.450483170336799,-9.6119436619718
104183286,61.072042528574315,-20.465204225352053,-3.703338890163043,-9.76895070422532
104183287,61.06826856260676,-20.474908450704156,-3.893654602526932,-9.86251408450701
104183288,61.06481807943642,-20.48479577464782,-3.954038058007826,-9.970542253521096
104183289,61.06082845827072,-20.49495774647881,-3.85796366723376,-10.214612676056305
104183290,61.05748580269946,-20.504570422535146,-3.7119650980888843,-9.976492957746446
104183291,61.05392749193005,-20.514457746478804,-3.660854816128271,-9.935112676056304
104183292,61.04983004316527,-20.524436619718244,-3.9228758818757212,-10.147964788732361
104183293,61.046271732395866,-20.534415492957685,-3.9657912663067854,-10.189345070422501
104183294,61.04260559402738,-20.544485915492892,-3.8498765973032834,-10.342598591549262
104183295,61.03915511085704,-20.554098591549227,-3.74992041296259,-10.142471830985881
104183296,61.035381144889485,-20.56426056338021,-3.8237823183276114,-10.172866197183065
104183297,61.03160717892193,-20.573964788732326,-3.82906587068219,-10.176619718309826
104183298,61.02826452335067,-20.58385211267599,-3.82658583590351,-10.169478873239404
104183299,61.02481404018033,-20.59383098591543,-3.780759106297474,-10.117478873239405
104183300,61.02082441901463,-20.60390140845064,-3.9351682281700464,-10.220654929577432
104183301,61.017481763443364,-20.613880281690072,-3.8155874207980616,-10.097612676056306
104183302,61.013923452673964,-20.62358450704219,-3.5495767338849085,-10.308725352112642
104183303,61.01025731430548,-20.633746478873178,-3.496417727541908,-10.291422535211234
104183304,61.00713031393235,-20.64381690140838,-3.2405428349416194,-10.136429577464757
104183305,61.00346417556388,-20.6538873239436,-3.3139734299103494,-10.032154929577432
104183306,61.00033717519076,-20.6639577464788,-3.2279270058500757,-10.012563380281659
104183307,60.996778864421344,-20.67430281690134,-3.2584422163877416,-10.006795774647856
104183308,60.99332838125101,-20.68428169014078,-3.347399985622987,-9.996725352112644
104183309,60.989985725679745,-20.69444366197176,-3.2752633218431333,-9.787901408450672
104183310,60.98675089770755,-20.7047887323943,-3.237847144964794,-9.938316901408419
104183311,60.98340824213629,-20.715316901408386,-3.009468290128127,-9.949302816901376
104183312,60.97984993136688,-20.726211267605564,-3.178757620672776,-10.135056338028136
104183313,60.97650727579561,-20.736647887323883,-3.3616332287006263,-10.155929577464756
104183314,60.972948965026205,-20.747359154929505,-3.3985102675836005,-10.303323943661939
104183315,60.96949848185587,-20.7578873239436,-3.3812578517319167,-10.39377464788729
104183316,60.966263653883686,-20.768781690140784,-3.530814731646203,-10.515260563380247
104183317,60.96270534311427,-20.779676056337962,-3.48973241639938,-10.633359154929543
104183318,60.959362687543006,-20.790478873239365,-3.6210664320703247,-10.939866197183063
104183319,60.955912204372666,-20.8015563380281,-3.556801183022802,-10.975295774647853
104183320,60.95235389360326,-20.81217605633796,-3.490702864791037,-10.945176056337992
104183321,60.94901123803199,-20.822887323943597,-3.3574279523367787,-10.87578169014081
104183322,60.94534509966351,-20.83414788732388,-3.3966771983993596,-10.875323943661936
104183323,60.9422180992904,-20.84467605633796,-3.20776324482342,-10.63152816901405
104183324,60.93876761612006,-20.855387323943596,-3.276233770234791,-10.618161971830952
104183325,60.935209305350654,-20.866190140845,-3.678215059579028,-10.930894366197148
104183326,60.93186664977939,-20.876535211267537,-3.523805937706456,-10.840626760563346
104183327,60.92830833900997,-20.8871549295774,-3.6987023034029023,-10.819021126760529
104183328,60.92453437304242,-20.897499999999937,-3.6763819903947863,-10.770133802816867
104183329,60.92162302786745,-20.90766197183092,-3.3388816052962182,-10.61697183098588
104183330,60.91784906189989,-20.918373239436555,-3.4474639975627546,-10.542725352112642
104183331,60.91418292353141,-20.928443661971762,-3.45231623952104,-10.355598591549262
104183332,60.91094809555922,-20.938605633802744,-3.2408663177388384,-10.107591549295742
104183333,60.90717412959166,-20.94876760563374,-3.696761406619588,-10.330880281690108
104183334,60.90340016362411,-20.958746478873167,-3.831006767465504,-10.254345070422502
104183335,60.89994968045377,-20.968908450704163,-3.858071494832833,-10.286570422535178
104183336,60.89649919728343,-20.97879577464782,-3.8165578691897193,-10.238323943661939
104183337,60.8926174037168,-20.989140845070352,-4.035879205704251,-10.472690140845035
104183338,60.88927474814554,-20.998661971830913,-3.9246011234608895,-10.44028169014081
104183339,60.88528512697984,-21.008915492957676,-3.8715499447169615,-10.494204225352078
104183340,60.882050299007645,-21.01898591549289,-3.5825719792012545,-10.52633802816898
104183341,60.87795285024288,-21.029239436619655,-3.5794449788281373,-10.451633802816868
104183342,60.87450236707254,-21.039767605633735,-3.4199679597991333,-10.394140845070389
104183343,60.8706205735059,-21.050295774647815,-3.7223165475998954,-10.500978873239402
104183344,60.86717009033558,-21.060366197183036,-3.484125381247583,-10.396704225352078
104183345,60.86361177956616,-21.070711267605574,-3.635838813143329,-10.359992957746446
104183346,60.85972998599953,-21.08133098591543,-3.651258159810772,-10.293528169014051
104183347,60.85638733042826,-21.091859154929516,-3.6599921953356866,-10.560394366197148
104183348,60.852829019658856,-21.102387323943596,-3.5744849092707778,-10.561767605633769
104183349,60.84894722609223,-21.113007042253457,-3.766741518417981,-10.75347183098588
104183350,60.84560457052096,-21.123352112675995,-3.5641334597597676,-10.607450704225318
104183351,60.84172277695434,-21.133880281690075,-3.542783595143309,-10.603605633802783
104183352,60.838272293784,-21.14431690140838,-3.450483170336799,-10.428014084507007
104183353,60.834713983014595,-21.155211267605573,-3.5573403210181667,-10.488802816901375
104183354,60.83104784464611,-21.165373239436555,-3.665060092492119,-10.394323943661938
104183355,60.82716605107948,-21.175901408450635,-3.8883710501723536,-10.34882394366194
104183356,60.82425470590451,-21.186063380281617,-3.5952956358918713,-10.161514084507008
104183357,60.8206963951351,-21.196408450704155,-3.557016838220948,-10.124345070422503
104183358,60.81670677396939,-21.206936619718242,-3.6637661613032426,-10.186690140845037
104183359,60.81314846319998,-21.21728169014078,-3.6218212252638358,-10.324288732394333
104183360,60.80905101443521,-21.227718309859085,-3.7345010662951466,-10.390845070422502
104183361,60.80581618646302,-21.238246478873172,-3.5559385622302173,-10.316507042253487
104183362,60.80204222049546,-21.248499999999936,-3.5725440124874637,-10.312936619718275
104183363,60.79816042692883,-21.259028169014016,-3.5929234287122656,-10.485781690140811
104183364,60.7947099437585,-21.269190140845005,-3.579121496030918,-10.436253521126726
104183365,60.79093597779094,-21.279718309859085,-3.660315678132905,-10.396887323943629
104183366,60.78759332221968,-21.290063380281623,-3.730295789931299,-10.42096478873236
104183367,60.78360370105398,-21.300499999999936,-3.795531487370479,-10.538514084507007
104183368,60.78004539028457,-21.311211267605565,-3.6657070580865567,-10.522767605633769
104183369,60.77637925191608,-21.321830985915426,-3.7754755539428966,-10.74459154929574
104183370,60.772713113547596,-21.332633802816837,-3.752508275340342,-10.81178873239433
104183371,60.768831319980976,-21.343619718309796,-3.8820092218270448,-10.893359154929541
104183372,60.765380836810635,-21.354239436619643,-3.924169813064598,-10.868457746478839
104183373,60.761391215644935,-21.365316901408384,-3.9217976058849913,-10.938309859154895
104183374,60.75783290487553,-21.376211267605562,-3.663981816501389,-10.910387323943628
104183375,60.75362762851167,-21.387471830985845,-3.9705356806659986,-10.894640845070386
104183376,60.74996149014319,-21.398640845070354,-3.9154357775396824,-10.970992957746443
104183377,60.745756213779345,-21.41008450704218,-3.9722609222511664,-11.151711267605597
104183378,60.74209007541086,-21.42116197183092,-3.815156110401769,-11.199408450704189
104183379,60.73842393704238,-21.432697183098526,-4.0105397199220905,-11.287570422535175
104183380,60.7343264882776,-21.44395774647881,-4.39332769663133,-11.406767605633766
104183381,60.730768177508196,-21.455401408450633,-4.124297836944132,-11.324556338028133
104183382,60.726778556342495,-21.466936619718247,-4.420823734394951,-11.561485915492922
104183383,60.723004590374934,-21.478014084506974,-3.9408830909209165,-11.47442253521123
104183384,60.71901496920923,-21.489640845070348,-4.096047005987,-11.481654929577427
104183385,60.71545665843982,-21.500626760563307,-4.061326519085485,-11.381408450704189
104183386,60.71179052007134,-21.511612676056266,-3.9462744708745676,-11.282077464788696
104183387,60.708016554103786,-21.522598591549226,-3.8797448422465113,-11.507929577464752
104183388,60.704242588136225,-21.533584507042185,-3.859149770823564,-11.473415492957708
104183389,60.70079210496589,-21.544478873239363,-3.701182338181582,-11.094767605633768
104183390,60.69712596659741,-21.555098591549225,-3.882656187421483,-10.917802816901373
104183391,60.69335200062986,-21.566084507042184,-4.092057384821297,-10.932084507042218
104183392,60.68968586226137,-21.576704225352046,-3.984876751342711,-10.728204225352078
104183393,60.68591189629382,-21.587598591549224,-3.929992503414541,-10.874499999999964
104183394,60.68256924072255,-21.59840140845064,-3.977328819407599,-10.98133802816898
104183395,60.67890310235407,-21.609112676056263,-3.845779148538509,-11.027478873239401
104183396,60.674805653589296,-21.620190140845004,-4.113407249437757,-11.03022535211264
104183397,60.671031687621735,-21.631176056337956,-3.9972769252361084,-10.908647887323909
104183398,60.667149894055115,-21.6418873239436,-4.030595653349673,-10.834584507042218
104183399,60.66380723848385,-21.6530563380281,-3.8427599757644644,-10.88502816901405
104183400,60.65981761731814,-21.66385915492951,-4.029948687755235,-11.061718309859119
104183401,60.65669061694503,-21.674661971830915,-3.9845532685454916,-11.140084507042218
104183402,60.65248534058118,-21.68619718309852,-4.064130036661385,-11.281436619718274
104183403,60.64860354701455,-21.697091549295713,-4.187376982401852,-11.257633802816864
104183404,60.64472175344792,-21.70835211267599,-4.087420798061158,-11.409788732394329
104183405,60.64083995988129,-21.719063380281618,-4.0590621395049515,-11.308809859154893
104183406,60.63695816631466,-21.730232394366134,-4.001590029199029,-11.267429577464753
104183407,60.63296854514896,-21.74158450704219,-4.231047160026427,-11.303133802816864
104183408,60.629302406780475,-21.752387323943594,-4.08181376290936,-11.202887323943626
104183409,60.62542061321385,-21.76364788732387,-4.045152379224532,-11.16278873239433
104183410,60.62143099204815,-21.774908450704153,-4.10532017950728,-11.223028169014048
104183411,60.61776485367966,-21.785528169014015,-3.9805636473797894,-11.12479577464785
104183412,60.613667404914885,-21.79678873239429,-3.8569932188421037,-11.024823943661936
104183413,60.60978561134826,-21.80777464788725,-3.8837344634122135,-10.854359154929542
104183414,60.60568816258349,-21.81876056338021,-4.138531080021771,-10.895556338028133
104183415,60.60169854141778,-21.830021126760492,-4.083323349296383,-11.06547183098588
104183416,60.597816747851155,-21.84100704225345,-4.054102069947593,-11.098063380281655
104183417,60.59361147148731,-21.85217605633796,-4.019489410645152,-11.184211267605598
104183418,60.58929836752439,-21.863253521126687,-4.051622035168913,-10.893267605633767
104183419,60.58552440155683,-21.874239436619646,-4.1669975661770495,-10.914690140845034
104183420,60.5816426079902,-21.88531690140838,-4.0762067277575635,-10.858570422535177
104183421,60.57743733162635,-21.896211267605565,-4.0870973152639385,-10.99809154929574
104183422,60.57355553805972,-21.907563380281623,-3.9740939914354083,-11.241063380281654
104183423,60.56945808929495,-21.918732394366124,-3.985955027333441,-11.350190140845035
104183424,60.56503715773295,-21.93008450704218,-4.05830734631144,-11.300112676056301
104183425,60.560831881369104,-21.94189436619711,-4.06714920943543,-11.312380281690103
104183426,60.556626605005256,-21.95333802816895,-4.002560477590687,-11.498957746478835
104183427,60.55285263903771,-21.96496478873233,-3.858071494832833,-11.548394366197146
104183428,60.54853953507478,-21.976774647887254,-3.9748487846289193,-11.630880281690102
104183429,60.54454991390908,-21.988218309859086,-3.938834366538529,-11.590873239436581
104183430,60.5404524651443,-22.000211267605565,-3.946921436469006,-11.658528169014046
104183431,60.5364628439786,-22.011838028168945,-4.10995676626742,-11.975563380281653
104183432,60.53225756761476,-22.0239225352112,-4.3427565526660805,-12.153535211267567
104183433,60.528483601647196,-22.03609859154922,-4.130228354893148,-12.004401408450665
104183434,60.52438615288242,-22.04799999999993,-4.131845768879244,-12.111788732394327
104183435,60.52028870411765,-22.05999295774641,-4.086666004867647,-11.99899999999996
104183436,60.515759944956585,-22.071802816901332,-4.167752359370561,-11.619528169014048
104183437,60.51198597898903,-22.083521126760488,-4.045044551625459,-11.588309859154892
104183438,60.5076728750261,-22.0954225352112,-4.141873735593036,-11.730577464788695
104183439,60.5036832538604,-22.106866197183024,-4.139178045616209,-11.698535211267568
104183440,60.499477977496554,-22.118126760563307,-4.1666740833798315,-11.494105633802778
104183441,60.495272701132706,-22.129478873239364,-3.971829611854875,-11.436521126760526
104183442,60.49139090756608,-22.14083098591542,-3.981534095771447,-11.522028169014046
104183443,60.48707780360316,-22.152274647887253,-4.124729147340425,-11.355316901408415
104183444,60.483088182437456,-22.16316901408444,-4.150068633122586,-11.419767605633766
104183445,60.47877507847453,-22.174246478873172,-4.2423690579290945,-11.203894366197147
104183446,60.47489328490791,-22.1853239436619,-4.290567994714737,-11.026105633802782
104183447,60.47036452574684,-22.196126760563317,-4.430636045910596,-11.128915492957711
104183448,60.46637490458114,-22.20683802816894,-4.3412469662790585,-10.922197183098556
104183449,60.46238528341543,-22.217640845070356,-4.218646986133029,-10.724816901408415
104183450,60.45850348984881,-22.228352112675978,-4.339953035090182,-10.841267605633767
104183451,60.45419038588589,-22.23924647887317,-4.349657519006755,-10.730309859154895
104183452,60.44976945432389,-22.25041549295768,-4.427077735141187,-10.864429577464753
104183453,60.44556417796004,-22.26158450704218,-4.441850116214191,-10.891619718309824
104183454,60.441574556794336,-22.27238732394359,-4.234605470795837,-10.608183098591516
104183455,60.43747710802957,-22.2835563380281,-4.476247120318486,-10.907915492957711
104183456,60.433595314462934,-22.294725352112607,-4.279893062406507,-11.011183098591513
104183457,60.428850900103726,-22.30589436619711,-4.465680015609329,-11.130014084507007
104183458,60.42486127893802,-22.31697183098585,-4.4980282953312365,-11.139809859154893
104183459,60.420009036979735,-22.328323943661907,-4.61933434428839,-11.311739436619682
104183460,60.416019415814034,-22.339218309859085,-4.40723745691175,-11.233556338028132
104183461,60.41159848425204,-22.35075352112669,-4.389445903064701,-11.412718309859118
104183462,60.407501035487265,-22.361830985915425,-4.109848938668347,-11.259373239436583
104183463,60.40318793152434,-22.373183098591483,-4.1769177052917685,-11.147774647887287
104183464,60.39876699996235,-22.38453521126754,-4.1862987064111215,-11.114450704225316
104183465,60.39466955119758,-22.395887323943583,-4.219617434524686,-11.381683098591513
104183466,60.39003296443744,-22.40751408450698,-4.5405123693660085,-11.582359154929538
104183467,60.38582768807359,-22.418591549295698,-4.446486702974331,-11.512140845070386
104183468,60.381945894506956,-22.430035211267537,-4.342648725067007,-11.45135211267602
104183469,60.37784844574218,-22.441295774647813,-4.033830481321864,-11.290316901408413
104183470,60.37375099697741,-22.452556338028096,-4.069629244214108,-11.358887323943625
104183471,60.36943789301449,-22.46427464788725,-4.389014592668408,-11.597647887323905
104183472,60.36534044424971,-22.47571830985909,-4.319465791266307,-11.163887323943625
104183473,60.36102734028679,-22.48725352112669,-4.19481708673789,-11.270267605633766
104183474,60.35714554672016,-22.499063380281626,-4.140364149206013,-11.5146126760563
104183475,60.353479408351674,-22.51050704225345,-4.044936724026385,-11.684070422535171
104183476,60.349597614785054,-22.522499999999923,-4.068443140624305,-11.980781690140807
104183477,60.345607993619346,-22.534126760563304,-3.9229837094747944,-12.08349999999996
104183478,60.341834027651785,-22.54593661971824,-4.198051914710081,-12.056950704225313
104183479,60.337305268490724,-22.558204225352036,-4.416618458031103,-12.226774647887284
104183480,60.333423474924096,-22.57038028169007,-4.139609356012502,-12.157288732394326
104183481,60.329110370961175,-22.58292253521119,-4.322484964040352,-12.097781690140806
104183482,60.32533640499362,-22.595098591549224,-4.0457993448189695,-12.053471830985876
104183483,60.321670266625134,-22.6074577464788,-3.860982840007805,-12.257718309859117
104183484,60.31724933506314,-22.620274647887257,-3.9109070183786154,-12.264859154929539
104183485,60.31358319669466,-22.632267605633736,-3.6578356433542263,-11.876415492957708
104183486,60.30959357552896,-22.644626760563312,-3.7206991336138,-12.105838028168973
104183487,60.30560395436325,-22.657077464788664,-3.871981255113254,-12.162690140845031
104183488,60.301614333197556,-22.668887323943586,-3.8679916339475517,-12.23061971830982
104183489,60.29773253963093,-22.68115492957739,-3.9908072692917274,-12.351098591549256
104183490,60.29363509086615,-22.692781690140777,-4.020567686635882,-11.768295774647848
104183491,60.29007678009674,-22.704408450704157,-4.100252282350847,-11.922830985915454
104183492,60.28587150373289,-22.716584507042178,-4.0726484169881525,-12.01932394366193
104183493,60.281989710166265,-22.727753521126694,-3.9742018190344814,-11.62593661971827
104183494,60.27832357179778,-22.739105633802737,-3.6910465438687177,-11.624014084507005
104183495,60.274333950632084,-22.750366197183027,-3.8052359712870514,-11.76179577464785
104183496,60.27045215706545,-22.761718309859077,-3.8268014911016563,-11.582450704225314
104183497,60.266354708300675,-22.773345070422465,-3.922444571479429,-11.60735211267602
104183498,60.262688569932195,-22.784330985915425,-4.032752205331134,-11.433316901408414
104183499,60.25880677636556,-22.795683098591475,-3.7401081014469444,-11.48311971830982
104183500,60.254493672402646,-22.807126760563307,-3.7101320289046433,-11.500330985915456
104183501,60.25061187883601,-22.81792957746471,-3.747656033382056,-11.255619718309822
104183502,60.24662225767031,-22.829190140845,-4.018518962253495,-11.376098591549258
104183503,60.24230915370739,-22.84017605633796,-4.0783632797390235,-10.94828873239433
104183504,60.238319532541695,-22.851436619718243,-4.197081466318424,-11.210760563380244
104183505,60.23432991137599,-22.863063380281623,-4.111466352654442,-11.28885211267602
104183506,60.23044811780936,-22.873866197183027,-3.9360308489626306,-11.29535211267602
104183507,60.226027186247364,-22.8854929577464,-3.9698887150715607,-11.582450704225314
104183508,60.22203756508166,-22.89657042253514,-3.872628220707692,-11.110147887323908
104183509,60.217293150722455,-22.908197183098515,-4.228567125247747,-11.238957746478837
104183510,60.21330352955675,-22.91973239436612,-4.39332769663133,-11.510676056337992
104183511,60.208990425593825,-22.931176056337954,-4.413707112856131,-11.580711267605595
104183512,60.204461666432756,-22.94271126760556,-4.486490742230423,-11.308443661971793
104183513,60.200256390068915,-22.95397183098585,-4.447349323766915,-11.478999999999962
104183514,60.19583545850692,-22.96550704225345,-4.52843567826983,-11.566978873239398
104183515,60.19119887174678,-22.977225352112605,-4.611355101956986,-11.409697183098555
104183516,60.18677794018478,-22.98830281690133,-4.613511653938446,-11.189429577464752
104183517,60.18235700862279,-22.99992957746472,-4.365939486466781,-11.21890845070419
104183518,60.177720421862645,-23.011373239436544,-4.195895362728621,-10.988112676056303
104183519,60.1735151454988,-23.022816901408376,-4.219293951727467,-11.278323943661935
104183520,60.168986386337735,-23.0342605633802,-4.347069656629001,-11.315401408450667
104183521,60.16478110997389,-23.04561267605626,-4.302536858211842,-10.936936619718274
104183522,60.160144523213745,-23.05723943661964,-4.48530463864062,-11.307619718309823
104183523,60.155400108854536,-23.069049295774576,-4.371007383623213,-11.57091549295771
104183524,60.15119483249069,-23.080309859154852,-4.368958659240826,-11.553338028168977
104183525,60.14709738372591,-23.091936619718233,-4.130875320487586,-11.626394366197145
104183526,60.14267645216391,-23.10338028169007,-4.087312970462085,-11.357880281690104
104183527,60.13760855500748,-23.115098591549227,-4.470855740364835,-11.5994788732394
104183528,60.13329545104456,-23.127091549295706,-4.362489003296444,-11.654225352112638
104183529,60.12941365747793,-23.138626760563305,-4.281079165996311,-11.551690140845032
104183530,60.12456141551965,-23.15071126760556,-4.366478624462147,-11.69542253521123
104183531,60.12024831155672,-23.16233802816894,-4.236007229583786,-11.891246478873201
104183532,60.11561172479659,-23.174422535211193,-4.503635330483034,-12.125521126760525
104183533,60.11140644843273,-23.18659859154922,-4.368635176443607,-12.177154929577425
104183534,60.10666203407352,-23.19849999999993,-4.572105855894405,-11.84199295774644
104183535,60.10224110251153,-23.21040140845063,-4.626990103822575,-12.027105633802776
104183536,60.097173205355105,-23.222760563380206,-4.720260977020741,-12.00073943661968
104183537,60.09264444619403,-23.234112676056263,-4.561862233982467,-11.909556338028132
104183538,60.08779220423575,-23.246105633802742,-4.450584151739106,-12.00449295774644
104183539,60.083479100272825,-23.257366197183025,-4.524014746707835,-11.505274647887287
104183540,60.07884251351268,-23.2689929577464,-4.512153710809803,-11.60817605633799
104183541,60.07388244395533,-23.28089436619711,-4.776978294133152,-11.74879577464785
104183542,60.0695693399924,-23.291971830985837,-4.572537166290696,-11.564140845070385
104183543,60.06493275323227,-23.30350704225345,-4.4476728065641336,-11.578605633802779
104183544,60.0599726836749,-23.314584507042177,-4.713252183080995,-11.555809859154893
104183545,60.05522826931569,-23.32602816901401,-4.640684208904848,-11.502894366197147
104183546,60.05102299295184,-23.33701408450697,-4.204305915456317,-11.383971830985878
104183547,60.046278578592634,-23.347999999999928,-4.205815501843339,-11.135232394366161
104183548,60.0412106814362,-23.35962676056331,-4.6370180705363655,-11.236028169014048
104183549,60.0367897498742,-23.37079577464781,-4.6602010043370665,-11.415647887323907
104183550,60.03193750791591,-23.382147887323868,-4.860005545419382,-11.61998591549292
104183551,60.027732231552065,-23.3935915492957,-4.54946206008907,-11.508845070422497
104183552,60.022987817192856,-23.404852112675982,-4.506654503257079,-11.324007042253484
104183553,60.01856688563086,-23.416295774647814,-4.395699903810936,-11.595725352112638
104183554,60.013606816073505,-23.42819718309852,-4.4374291846521965,-11.624014084507005
104183555,60.00950936730873,-23.439274647887252,-4.508164089644101,-11.578056338028132
104183556,60.00487278054859,-23.45126760563373,-4.448211944559499,-11.773147887323905
104183557,60.00055967658567,-23.46280281690133,-4.3692821420380445,-11.313204225352075
104183558,59.995923089825524,-23.47442957746471,-4.405080904930289,-11.45354929577461
104183559,59.99139433066446,-23.48651408450697,-4.378878798355544,-11.638570422535173
104183560,59.98675774390432,-23.497957746478804,-4.582349477806342,-11.647908450704188
104183561,59.982444639941406,-23.509767605633726,-4.440879667822533,-11.70585915492954
104183562,59.977592397983116,-23.52148591549288,-4.290675822313809,-11.73762676056334
104183563,59.973279294020195,-23.53283802816894,-4.283127890378698,-11.689197183098553
104183564,59.96864270726005,-23.544739436619643,-4.348147932619732,-11.868450704225314
104183565,59.963898292900836,-23.556274647887257,-4.402061732156245,-11.533380281690103
104183566,59.95947736133884,-23.567992957746398,-4.3662629692640005,-11.54372535211264
104183567,59.95516425737593,-23.579802816901335,-4.048171551998577,-11.68187323943658
104183568,59.95063549821486,-23.59152112676049,-4.237085505574516,-11.741838028168976
104183569,59.94610673905379,-23.603239436619646,-4.031134791345039,-11.648183098591513
104183570,59.941685807491794,-23.614774647887245,-3.883410980614994,-11.37985211267602
104183571,59.93704922073165,-23.626767605633724,-4.042672344445852,-11.39129577464785
104183572,59.932412633971516,-23.638852112675984,-4.182632568042639,-11.574211267605596
104183573,59.92788387481045,-23.650661971830914,-4.3385512763022325,-11.752915492957708
104183574,59.92357077084753,-23.66274647887316,-4.321945826044987,-11.730485915492919
104183575,59.91861070129018,-23.67473943661964,-4.503743158082107,-11.814253521126721
104183576,59.91429759732725,-23.68664084507035,-4.359685485720546,-12.024084507042215
104183577,59.90933752776989,-23.69927464788725,-4.572105855894405,-12.162598591549257
104183578,59.90459311341068,-23.711359154929504,-4.603160204427436,-12.413992957746439
104183579,59.90006435424961,-23.723626760563306,-4.680256937764649,-12.37343661971827
104183580,59.895427767489466,-23.735985915492883,-4.665161073894425,-12.724802816901368
104183581,59.890359870333036,-23.74834507042246,-4.491127328990563,-12.499957746478833
104183582,59.885184145577526,-23.76125352112669,-4.513339814399606,-12.527514084507
104183583,59.88076321401553,-23.77324647887317,-4.547089852909463,-12.348718309859116
104183584,59.87623445485447,-23.785514084506964,-4.647800830443669,-12.269528169014045
104183585,59.87138221289618,-23.797781690140766,-4.795093330777421,-12.57457042253517
104183586,59.866529970937904,-23.80949999999992,-4.9457284866824365,-12.217528169014043
104183587,59.86178555657869,-23.821584507042175,-5.042126360253721,-12.28600704225348
104183588,59.85736462501669,-23.833302816901337,-4.974194972837715,-12.146943661971791
104183589,59.8529436934547,-23.84492957746471,-4.7476491871852895,-11.741014084507004
104183590,59.848307106694556,-23.856647887323874,-4.6279605522142315,-11.644978873239399
104183591,59.843239209538126,-23.868183098591473,-4.698587629607063,-11.520654929577429
104183592,59.838602622777984,-23.87953521126753,-4.668611557064763,-11.351014084507005
104183593,59.83342689802248,-23.890978873239362,-4.702685078371838,-11.407408450704189
104183594,59.82868248366327,-23.90233098591542,-4.822481540941968,-11.310823943661935
104183595,59.8237224141059,-23.913866197183026,-4.85461416546573,-11.302401408450667
104183596,59.81930148254392,-23.925126760563302,-4.836822611618681,-11.37179577464785
104183597,59.81412575778841,-23.93693661971824,-4.882325858427498,-11.409788732394329
104183598,59.809381343429195,-23.948197183098515,-5.08558088268015,-11.504084507042215
104183599,59.80442127387184,-23.95964084507034,-4.993496113071786,-11.38479577464785
104183600,59.79989251471077,-23.970992957746397,-4.542129783352104,-11.424528169014048
104183601,59.79493244515341,-23.981978873239356,-4.632704966573445,-11.255985915492921
104183602,59.79040368599234,-23.993605633802737,-4.6219222066661425,-11.26303521126757
104183603,59.78565927163313,-24.005049295774576,-4.703547699164422,-11.723528169014047
104183604,59.7805913744767,-24.016218309859077,-4.7506683599593345,-11.473415492957708
104183605,59.77552347732026,-24.027936619718233,-4.980664628782097,-11.542809859154891
104183606,59.77034775256476,-24.039380281690065,-5.232118589820391,-11.625204225352077
104183607,59.76571116580462,-24.050732394366122,-5.210876552803005,-11.449704225352077
104183608,59.76085892384633,-24.06226760563373,-5.187370136205085,-11.389007042253484
104183609,59.755791026689906,-24.073894366197102,-5.1612758572294135,-11.369415492957708
104183610,59.750938784731616,-24.08524647887316,-5.145101717368459,-11.376281690140807
104183611,59.746302197971474,-24.096507042253442,-5.0711319844043645,-11.352936619718273
104183612,59.74144995601319,-24.1078591549295,-4.964706144119289,-11.173316901408414
104183613,59.736166403658615,-24.119577464788655,-4.993927423468079,-11.287204225352076
104183614,59.73152981689847,-24.131021126760494,-4.947885038663896,-11.27054225352109
104183615,59.72635409214297,-24.142830985915417,-4.969666213676648,-11.238774647887286
104183616,59.72096271218932,-24.154457746478798,-5.042881153447231,-11.77030985915489
104183617,59.71632612542918,-24.166267605633728,-5.013767701697515,-11.718492957746442
104183618,59.71104257307459,-24.178443661971748,-4.881463237634914,-11.796035211267567
104183619,59.70651381391353,-24.189887323943587,-4.890089445560756,-11.81599295774644
104183620,59.70133808915802,-24.201880281690066,-5.057006568925798,-11.76911971830982
104183621,59.69680932999695,-24.213873239436545,-4.841674853576967,-12.098056338028128
104183622,59.69152577764238,-24.225866197183016,-4.92556472565578,-12.108492957746439
104183623,59.68635005288687,-24.2382253521126,-5.084933917085712,-12.238950704225312
104183624,59.681821293725804,-24.250309859154854,-5.04924298179254,-12.294978873239398
104183625,59.676537741371234,-24.262852112675986,-5.135289405852815,-12.310267605633763
104183626,59.67179332701201,-24.27548591549288,-5.007405873352207,-12.382774647887283
104183627,59.666833257454655,-24.28757042253514,-4.929662174420556,-12.200408450704185
104183628,59.66176536029822,-24.300021126760484,-4.703979009560714,-12.07837323943658
104183629,59.65702094593901,-24.312288732394293,-4.9131645517623825,-12.527971830985875
104183630,59.65195304878258,-24.32464788732387,-4.946698935074093,-12.331049295774609
104183631,59.647208634423365,-24.337007042253447,-5.050429085382343,-12.3007464788732
104183632,59.642464220064156,-24.3490915492957,-5.023148702816869,-12.144654929577426
104183633,59.637288495308646,-24.361176056337946,-5.082346054707959,-11.800612676056302
104183634,59.63243625335036,-24.373443661971756,-5.035764531908412,-12.089450704225314
104183635,59.62833880458558,-24.38470422535204,-4.81536491940315,-11.765091549295736
104183636,59.62294742463193,-24.39688028169006,-4.936455313162156,-11.928781690140806
104183637,59.61841866547087,-24.40832394366189,-5.081159951118155,-11.857281690140805
104183638,59.61367425111166,-24.41976760563373,-5.228775934249127,-11.607718309859116
104183639,59.609145491950585,-24.43139436619711,-5.297893425254936,-11.573753521126724
104183640,59.60407759479416,-24.44274647887317,-5.148552200538796,-11.411070422535175
104183641,59.59922535283587,-24.454190140844993,-4.93623965796401,-11.373077464788697
104183642,59.59426528327851,-24.465633802816825,-4.980664628782097,-11.358154929577427
104183643,59.589628696518375,-24.477169014084424,-4.855476786258315,-11.264316901408414
104183644,59.584776454560085,-24.488795774647805,-4.683707420934986,-11.087626760563344
104183645,59.58035552299809,-24.49996478873232,-4.571243235101821,-11.23016901408447
104183646,59.575611108638874,-24.5119577464788,-4.579330305032298,-11.508845070422497
104183647,59.5703275562843,-24.5234929577464,-4.822481540941968,-11.861401408450666
104183648,59.56558314192509,-24.53511971830978,-4.813855333016127,-11.818647887323904
104183649,59.560946555164946,-24.54674647887316,-4.719614011426303,-11.752732394366157
104183650,59.55587865800851,-24.558190140844992,-4.78582015725714,-11.539880281690102
104183651,59.55081076085209,-24.56972535211259,-4.815580574601295,-11.239140845070386
104183652,59.54563503609657,-24.58171830985907,-5.172166444735789,-11.822309859154892
104183653,59.540351483742,-24.593070422535128,-5.194810240541123,-11.71693661971827
104183654,59.5351757589865,-24.604880281690065,-5.353963776772909,-11.910197183098552
104183655,59.53064699982542,-24.61614084507034,-4.962441764538755,-11.695971830985878
104183656,59.52536344747085,-24.628042253521045,-5.082561709906105,-11.537591549295737
104183657,59.519756412319055,-24.640035211267524,-5.363776088288554,-11.693774647887286
104183658,59.5147963427617,-24.651570422535137,-5.402701851553916,-11.665211267605596
104183659,59.50972844560526,-24.663288732394292,-5.264251214344152,-11.724626760563341
104183660,59.504768376047906,-24.67500704225344,-5.162354133220144,-11.715563380281653
104183661,59.49970047889147,-24.687091549295694,-5.081267778717229,-11.712450704225313
104183662,59.494524754135966,-24.698992957746405,-5.219826243526066,-11.820845070422498
104183663,59.48978033977675,-24.710711267605554,-5.038352394286164,-11.807570422535173
104183664,59.48406547702588,-24.722978873239363,-5.187262308606012,-11.841260563380244
104183665,59.478889752270376,-24.735063380281616,-5.000181424214314,-12.147035211267566
104183666,59.474253165510234,-24.746964788732313,-4.851810647889832,-11.852338028168974
104183667,59.46896961315566,-24.759232394366116,-4.997485734237488,-12.020880281690102
104183668,59.46357823320201,-24.771225352112594,-4.86173078700455,-12.009528169014045
104183669,59.45829468084743,-24.78358450704217,-4.930632622812213,-11.940774647887284
104183670,59.45311895609192,-24.79621830985908,-5.007190218154061,-12.460408450704186
104183671,59.44783540373734,-24.808394366197106,-5.075121605570066,-12.280971830985875
104183672,59.4420127133874,-24.821028169014,-5.496619690346521,-12.403098591549254
104183673,59.43716047142912,-24.833204225352034,-5.491983103586381,-12.329584507042213
104183674,59.43176909147546,-24.845654929577385,-5.6801422639688095,-12.359795774647846
104183675,59.42670119431903,-24.857647887323864,-5.6536166745968455,-12.046971830985877
104183676,59.42130981436538,-24.86954929577457,-5.593125391516878,-12.033697183098553
104183677,59.41634974480802,-24.8813591549295,-5.313312771922378,-11.569084507042216
104183678,59.41117402005251,-24.892802816901323,-5.293256838494796,-11.566338028168976
104183679,59.40578264009886,-24.904795774647802,-5.336064395326787,-11.555992957746442
104183680,59.40060691534336,-24.91660563380274,-5.248939695275783,-11.406584507042217
104183681,59.395646845786,-24.927683098591473,-5.318596324276957,-11.318880281690104
104183682,59.38982415543606,-24.93940140845062,-5.472142825356944,-11.172492957746442
104183683,59.38529539627499,-24.950570422535137,-5.221551485111235,-11.46398591549292
104183684,59.37958053352412,-24.96219718309851,-5.380920676541165,-11.273838028168978
104183685,59.374836119164904,-24.973457746478793,-5.240205659750868,-11.283267605633766
104183686,59.369444739211254,-24.984718309859076,-5.438716269644306,-11.22778873239433
104183687,59.36416118685668,-24.996253521126683,-5.426531750949055,-11.23035211267602
104183688,59.358985462101174,-25.00742253521119,-5.215513139563145,-11.428373239436583
104183689,59.354133220142884,-25.018499999999925,-5.106607264499389,-11.326021126760526
104183690,59.34852618499109,-25.029852112675982,-5.251096247257243,-11.404753521126723
104183691,59.34313480503744,-25.041112676056258,-5.269858249495949,-11.394683098591512
104183692,59.33774342508379,-25.052556338028083,-5.234382969400924,-11.238774647887286
104183693,59.33278335552642,-25.063999999999922,-5.348895879616476,-11.242619718309822
104183694,59.327715458369994,-25.07498591549288,-5.450469477943266,-11.297640845070386
104183695,59.322863216411704,-25.08633802816894,-4.984546422348725,-11.073436619718274
104183696,59.317471836458054,-25.09750704225344,-5.171195996344132,-11.123330985915457
104183697,59.312403939301625,-25.108950704225272,-5.1953493785364895,-11.020795774647851
104183698,59.30712038694705,-25.120394366197097,-5.368843985444986,-11.023816901408415
104183699,59.302160317389685,-25.131746478873154,-5.320645048659344,-11.121683098591513
104183700,59.297092420233255,-25.143373239436535,-5.253037144040558,-11.158119718309823
104183701,59.29202452307682,-25.154359154929494,-5.373696227403272,-11.472774647887288
104183702,59.28695662592039,-25.165985915492875,-5.362050846703386,-11.335908450704189
104183703,59.28167307356581,-25.17752112676049,-5.1570705808655655,-11.433133802816863
104183704,59.277144314404744,-25.188964788732314,-5.084286951491273,-11.499964788732358
104183705,59.27239990004553,-25.20068309859147,-4.8218345753475305,-11.351929577464752
104183706,59.26743983048817,-25.212401408450624,-4.856770717447191,-11.752640845070383
104183707,59.26269541612896,-25.224028169014005,-4.553882991651063,-11.606436619718272
104183708,59.25773534657159,-25.235838028168935,-4.551834267268676,-11.70329577464785
104183709,59.252990932212384,-25.247464788732316,-4.563263992770417,-11.606253521126723
104183710,59.247923035055955,-25.25954929577457,-4.620196965080973,-11.649739436619681
104183711,59.24360993109303,-25.271450704225273,-4.673895109419341,-11.744859154929538
104183712,59.238865516733824,-25.282985915492873,-4.501910088897866,-11.567436619718272
104183713,59.23422892997368,-25.294887323943584,-4.218431330934883,-11.420683098591512
104183714,59.229161032817245,-25.30678873239429,-4.453279841715932,-11.597830985915454
104183715,59.22441661845804,-25.31878169014076,-4.512477193607022,-11.598563380281652
104183716,59.21967220409882,-25.331140845070337,-4.635939794545635,-11.861401408450666
104183717,59.21481996214054,-25.342950704225274,-4.741071703641835,-11.837415492957708
104183718,59.21039903057854,-25.354943661971753,-4.694705836040434,-11.848584507042215
104183719,59.20554678862025,-25.366661971830908,-4.757569326300008,-12.023809859154891
104183720,59.20091020186011,-25.378380281690063,-4.754873636323182,-11.86680281690137
104183721,59.195950132302755,-25.390281690140768,-4.652437417203808,-11.696154929577428
104183722,59.19174485593891,-25.401267605633727,-4.533719230624408,-11.345429577464751
104183723,59.187431751975986,-25.412619718309784,-4.671630729838807,-11.276401408450669
104183724,59.1825795100177,-25.42406338028161,-4.814717953808711,-11.68223943661968
104183725,59.178266406054775,-25.434957746478787,-4.6771299373915305,-11.455929577464751
104183726,59.1734141640965,-25.44603521126752,-4.785604502058994,-11.164253521126724
104183727,59.16910106013357,-25.456563380281608,-4.645320795664989,-10.997450704225317
104183728,59.16424881817529,-25.467640845070342,-4.623863103449457,-10.812887323943627
104183729,59.159288748617925,-25.47853521126752,-4.545580266522441,-10.743950704225318
104183730,59.15432867906057,-25.48952112676048,-4.494793467359046,-10.780936619718275
104183731,59.15012340269672,-25.50014084507034,-4.335639931127261,-10.532105633802784
104183732,59.14527116073843,-25.510760563380202,-4.5423454385502495,-11.053478873239401
104183733,59.14074240157737,-25.521746478873162,-4.483795052253598,-10.85728873239433
104183734,59.136213642416294,-25.532823943661896,-4.295635891871169,-10.907640845070388
104183735,59.13168488325523,-25.5436267605633,-4.1745454981121615,-10.815633802816865
104183736,59.126940468896024,-25.554521126760477,-4.2541222662280544,-10.665492957746444
104183737,59.12251953733403,-25.565323943661895,-4.196434500723986,-10.967147887323907
104183738,59.11777512297481,-25.576309859154854,-4.301674237419258,-10.929429577464754
104183739,59.1130307086156,-25.587661971830897,-4.456299014489976,-11.152535211267569
104183740,59.10807063905824,-25.598464788732315,-4.482716776262867,-11.04853521126757
104183741,59.10386536269439,-25.60917605633795,-4.407992250105261,-10.929612676056303
104183742,59.09890529313704,-25.620253521126678,-4.393759007027621,-10.706049295774614
104183743,59.09437653397596,-25.630964788732314,-4.44077184022346,-10.634366197183065
104183744,59.08930863681954,-25.642133802816815,-4.473120119945368,-10.723443661971796
104183745,59.08477987765846,-25.652570422535135,-4.429234287122647,-10.548859154929543
104183746,59.080358946096474,-25.663647887323854,-4.5878486853590665,-10.70540845070419
104183747,59.07572235933633,-25.674725352112596,-4.805876090684722,-10.925309859154893
104183748,59.07119360017526,-25.68543661971823,-4.8290590244854235,-10.784140845070388
104183749,59.06634135821698,-25.69642253521119,-4.624186586246676,-10.587492957746445
104183750,59.061920426654986,-25.70731690140837,-4.603052376828363,-10.672267605633769
104183751,59.05728383989484,-25.718211267605554,-4.741395186439053,-10.663936619718276
104183752,59.05264725313471,-25.729288732394288,-4.577497235848056,-10.844380281690105
104183753,59.04811849397365,-25.740366197183015,-4.650927830816785,-10.928056338028133
104183754,59.04326625201536,-25.751809859154847,-4.818060609379975,-11.122690140845034
104183755,59.03906097565151,-25.762795774647806,-4.530915713048509,-11.274936619718273
104183756,59.03474787168858,-25.773964788732307,-4.62612748302999,-11.134683098591513
104183757,59.029787802131224,-25.78549999999992,-4.879414513252526,-11.210028169014048
104183758,59.0254746981683,-25.79648591549288,-4.795848123970932,-11.106485915492922
104183759,59.02073028380909,-25.80811267605626,-4.94195452071488,-11.199499999999963
104183760,59.016093697048944,-25.819739436619635,-5.273847870661651,-11.757218309859118
104183761,59.01199624828418,-25.830816901408376,-4.902058309057861,-11.590507042253483
104183762,59.00725183392497,-25.842535211267517,-4.983791629155214,-11.537225352112639
104183763,59.00283090236297,-25.853704225352033,-4.78614364005436,-11.373352112676018
104183764,58.99808648800376,-25.865330985915413,-4.669689833055492,-11.405394366197147
104183765,58.993773384040836,-25.87668309859147,-4.466866119199132,-11.073985915492921
104183766,58.98935245247884,-25.88757746478865,-4.627744897016085,-11.084971830985879
104183767,58.98514717611499,-25.89883802816893,-4.685109179722935,-10.93327464788729
104183768,58.98061841695393,-25.909640845070342,-4.5818103398109775,-11.258366197183062
104183769,58.97662879578822,-25.92035211267597,-4.424489872763433,-11.053845070422499
104183770,58.97253134702345,-25.930971830985833,-4.247652610283672,-10.900316901408416
104183771,58.96811041546145,-25.94122535211259,-4.3011350994238935,-10.692774647887289
104183772,58.963905139097605,-25.95230281690133,-4.24614302389665,-10.614316901408417
104183773,58.95980769033284,-25.962922535211185,-4.251210921053083,-10.916887323943627
104183774,58.955710241568056,-25.973267605633716,-4.240967299141145,-10.542084507042219
104183775,58.95182844800142,-25.983887323943577,-4.056797759924418,-10.363563380281656
104183776,58.947730999236654,-25.99432394366189,-4.057013415122564,-10.423253521126727
104183777,58.942878757278365,-26.00494366197175,-4.314505721708948,-10.386816901408418
104183778,58.939212618909885,-26.015563380281606,-4.089146039646326,-10.302683098591515
104183779,58.935222997744184,-26.025908450704144,-4.035340067708886,-10.411260563380248
104183780,58.93101772138033,-26.03698591549287,-4.106829765894302,-10.495577464788697
104183781,58.92648896221927,-26.047697183098506,-3.734824549092366,-10.399450704225318
104183782,58.92271499625171,-26.058225352112593,-3.694604854638128,-10.535126760563346
104183783,58.91872537508601,-26.06911971830977,-3.830359801871066,-10.44595774647884
104183784,58.91484358151938,-26.07955633802809,-3.8236744907285383,-10.408239436619684
104183785,58.9107461327546,-26.090267605633713,-3.9613703347447915,-10.36402112676053
104183786,58.90643302879168,-26.100704225352032,-4.148774701933709,-10.701929577464755
104183787,58.90244340762598,-26.11141549295767,-4.08073548691863,-10.6512112676056
104183788,58.89845378646028,-26.12212676056329,-4.091194764028713,-10.36420422535208
104183789,58.894679820492726,-26.132746478873152,-4.002776132788833,-10.366218309859121
104183790,58.89047454412888,-26.143457746478788,-4.082784211301018,-10.207746478873206
104183791,58.88616144016596,-26.154443661971747,-4.2079720538247996,-10.719690140845035
104183792,58.881848336203035,-26.164971830985834,-4.244202127113335,-10.597471830985882
104183793,58.87742740464104,-26.175774647887245,-4.314505721708948,-10.571105633802782
104183794,58.87343778347534,-26.186394366197106,-4.010431892323018,-10.590422535211234
104183795,58.86944816230964,-26.19719718309851,-3.966977369896589,-10.542084507042219
104183796,58.86556636874301,-26.208091549295688,-4.027792135773774,-10.97822535211264
104183797,58.86049847158658,-26.219077464788647,-4.279461752010215,-10.987746478873204
104183798,58.85704798841624,-26.22969718309851,-4.053131621555935,-10.893267605633767
104183799,58.852519229255165,-26.240591549295686,-4.220695710515416,-11.004866197183063
104183800,58.848637435688545,-26.251302816901323,-4.070491865006693,-10.86021830985912
104183801,58.84421650412655,-26.26247183098583,-4.202472846272076,-10.803549295774612
104183802,58.83990340016363,-26.273091549295685,-4.288087959936057,-10.591704225352078
104183803,58.83537464100256,-26.284718309859066,-4.331542482362486,-10.793478873239401
104183804,58.83084588184149,-26.295704225352026,-4.464817394816745,-11.23767605633799
104183805,58.82664060547765,-26.30678169014076,-4.404326111736778,-11.254429577464752
104183806,58.82178836351936,-26.31840845070414,-4.466003498406549,-11.196021126760527
104183807,58.8172596043583,-26.329485915492874,-4.48034456908326,-11.280338028168979
104183808,58.81305432799445,-26.340471830985834,-4.3768300739731565,-11.006605633802781
104183809,58.808309913635235,-26.35154929577456,-4.58903478894887,-11.415556338028132
104183810,58.8044281200686,-26.36207746478864,-4.357960244135377,-11.135964788732357
104183811,58.8004384989029,-26.3730633802816,-4.204521570654463,-10.887866197183063
104183812,58.795801912142764,-26.383408450704138,-4.332189447956924,-10.620176056337993
104183813,58.79170446337798,-26.394028169013993,-4.049142000390234,-10.376746478873207
104183814,58.787283531815994,-26.40464788732386,-4.159018323845646,-10.186781690140812
104183815,58.78297042785307,-26.41453521126752,-4.193846638346233,-10.041309859154897
104183816,58.77854949629108,-26.42497183098584,-4.214441709769181,-9.95076760563377
104183817,58.77412856472908,-26.43495070422526,-4.227704504455163,-9.731323943661941
104183818,58.76981546076617,-26.444929577464706,-4.1075845590878135,-9.783049295774616
104183819,58.765718012001386,-26.454816901408364,-4.075559762163125,-9.626591549295743
104183820,58.76129708043939,-26.46479577464781,-4.142628528786546,-9.80557042253518
104183821,58.75676832127833,-26.475049295774568,-4.2673850609140365,-9.84832394366194
104183822,58.7524552173154,-26.485028169014,-4.3340225171411655,-10.296366197183065
104183823,58.74792645815434,-26.495007042253434,-4.321406688049622,-10.077929577464756
104183824,58.74339769899326,-26.505077464788656,-4.350196657002119,-9.994528169014051
104183825,58.73897676743128,-26.514964788732314,-4.361410727305714,-9.924950704225319
104183826,58.73455583586929,-26.525309859154845,-4.3617342101029335,-9.950401408450672
104183827,58.73002707670822,-26.535471830985827,-4.465895670807475,-10.315683098591515
104183828,58.7257139727453,-26.545450704225274,-4.447025840969696,-10.257640845070389
104183829,58.7212930411833,-26.555795774647805,-4.404002628939558,-10.200971830985882
104183830,58.71708776481945,-26.565683098591464,-4.337904310707795,-9.976676056337997
104183831,58.712343350460245,-26.57611971830977,-4.4491823929511565,-9.986105633802785
104183832,58.7077067637001,-26.58637323943654,-4.390200696258212,-9.88338732394363
104183833,58.703501487336254,-26.596443661971747,-4.313103962920999,-9.939232394366165
104183834,58.69918838337333,-26.60642253521118,-4.240320333546707,-9.78314084507039
104183835,58.69476745181134,-26.616584507042162,-4.329601585579172,-9.932183098591517
104183836,58.690130865051195,-26.62674647887316,-4.438399633043853,-9.947563380281657
104183837,58.685925588687354,-26.637457746478788,-4.3029681686081345,-10.13002112676053
104183838,58.681612484724425,-26.647528169013995,-4.3325129307541435,-10.224225352112644
104183839,58.67697589796429,-26.65805633802809,-4.330464206371756,-10.221112676056304
104183840,58.67233931120415,-26.668492957746395,-4.43613525346332,-10.684443661971796
104183841,58.66845751763752,-26.678654929577377,-4.302860341009062,-10.436253521126726
104183842,58.664036586075525,-26.688999999999922,-4.286794028747181,-10.339943661971798
104183843,58.65929217171631,-26.699345070422453,-4.407021801713603,-10.403204225352079
104183844,58.655302550550616,-26.709873239436533,-4.235360263989348,-10.37052112676053
104183845,58.65098944658769,-26.72067605633795,-4.245172575504993,-10.466007042253487
104183846,58.64678417022384,-26.731295774647805,-4.204845053451682,-10.410070422535178
104183847,58.642686721459064,-26.742007042253434,-4.228027987252382,-10.481845070422501
104183848,58.63826578989707,-26.7529929577464,-4.3074969277692015,-10.57559154929574
104183849,58.633737030736,-26.76370422535203,-4.2752564756463665,-10.53640845070419
104183850,58.629423926773086,-26.774598591549207,-4.277736510425046,-10.597105633802782
104183851,58.62532647800831,-26.78521830985906,-4.236762022777297,-10.564422535211234
104183852,58.62101337404539,-26.796295774647803,-4.194170121143452,-10.714197183098557
104183853,58.616484614884314,-26.807098591549206,-4.368850831641752,-10.961563380281653
104183854,58.61238716611955,-26.817901408450624,-4.301674237419258,-10.712823943661936
104183855,58.60796623455755,-26.828704225352027,-4.256602301006733,-10.57733098591546
104183856,58.604084440990924,-26.839140845070332,-4.1196612501839915,-10.457950704225318
104183857,58.599771337028,-26.84985211267596,-4.142628528786546,-10.236492957746446
104183858,58.59588954346137,-26.859739436619634,-4.199669328696177,-10.443943661971797
104183859,58.59189992229567,-26.870084507042165,-4.112760283843318,-10.366218309859121
104183860,58.587910301129966,-26.88042957746471,-4.034477446916302,-10.129471830985882
104183861,58.58402850756334,-26.890225352112594,-3.794884521776041,-9.863978873239404
104183862,58.57949974840227,-26.9002957746478,-4.017009375866473,-9.83614788732391
104183863,58.575078816840275,-26.91027464788725,-4.104349731115622,-9.932274647887292
104183864,58.57130485087272,-26.91988732394357,-4.020459859036809,-9.941063380281658
104183865,58.566883919310726,-26.929866197183017,-4.104026248318403,-9.818112676056307
104183866,58.56267864294688,-26.939478873239352,-4.105428007106353,-9.621098591549265
104183867,58.558042056186736,-26.949274647887236,-4.277736510425046,-9.637119718309828
104183868,58.55383677982289,-26.95925352112667,-4.2423690579290945,-9.591711267605604
104183869,58.54952367585997,-26.968774647887244,-4.2438786443161165,-9.548408450704194
104183870,58.545318399496125,-26.978661971830903,-4.235252436390275,-9.75851408450701
104183871,58.5410052955332,-26.98809154929569,-4.347932277421585,-10.048359154929544
104183872,58.53669219157028,-26.997887323943573,-4.308790858958078,-9.863521126760531
104183873,58.532486915206434,-27.007408450704148,-4.3135352733172905,-9.653140845070391
104183874,58.528173811243505,-27.016838028168934,-4.2957437194702415,-9.465922535211238
104183875,58.52332156928523,-27.026816901408367,-4.434949149873517,-9.461711267605603
104183876,58.518900637723235,-27.036338028168927,-4.425460321155091,-9.646732394366165
104183877,58.514048395764945,-27.045859154929488,-4.57016495911109,-9.635105633802786
104183878,58.50962746420295,-27.055746478873147,-4.953168591018475,-9.623021126760532
104183879,58.50531436024003,-27.064992957746398,-4.7003128711922315,-9.417950704225323
104183880,58.50056994588082,-27.074880281690056,-4.687481386902541,-9.403852112676025
104183881,58.495825531521604,-27.084584507042166,-4.774606086953546,-9.74057042253518
104183882,58.491081117162395,-27.094014084506952,-4.744953497208464,-9.708528169014054
104183883,58.48633670280317,-27.103809859154836,-4.936778795959375,-9.595830985915462
104183884,58.48213142643934,-27.113239436619622,-4.711958251892118,-9.620457746478841
104183885,58.47717135688197,-27.122943661971746,-4.762205913060148,-9.511514084507011
104183886,58.472319114923685,-27.13273943661963,-5.0093467701355205,-9.529274647887293
104183887,58.468006010960764,-27.142443661971754,-4.739993427651105,-9.617711267605602
104183888,58.46304594140341,-27.15214788732385,-4.959853902161003,-9.711091549295743
104183889,58.45873283744048,-27.16157746478865,-4.733523771706723,-9.54419718309856
104183890,58.454096250680344,-27.17128169014076,-4.751638808350991,-9.632908450704194
104183891,58.449028353523914,-27.18098591549287,-4.763931154645316,-9.559302816901377
104183892,58.44460742196192,-27.19032394366188,-4.594641824100667,-9.489542253521096
104183893,58.43986300760271,-27.20011971830978,-4.83143123166503,-9.296098591549265
104183894,58.43501076564442,-27.209732394366114,-4.773959121359107,-9.598211267605603
104183895,58.43037417888428,-27.219070422535125,-4.640899864102995,-9.606542253521095
104183896,58.42530628172785,-27.229140845070333,-4.630656242191057,-9.663485915492926
104183897,58.42002272937327,-27.238753521126668,-5.1673142027775025,-9.797330985915462
104183898,58.41538614261313,-27.248457746478792,-5.186184032615282,-9.672915492957715
104183899,58.41021041785763,-27.258619718309774,-5.174322996717249,-9.761992957746447
104183900,58.40535817589934,-27.26804929577456,-5.193300654154101,-9.799436619718279
104183901,58.40050593394105,-27.27757042253512,-4.990153457500523,-9.61331690140842
104183902,58.39543803678462,-27.286816901408358,-5.030373151954761,-9.400373239436588
104183903,58.39090927762355,-27.29606338028161,-4.851487165092612,-9.147605633802787
104183904,58.38573355286805,-27.305676056337944,-4.889118997169098,-9.22505633802814
104183905,58.38088131090976,-27.314647887323858,-5.00751370095128,-9.139457746478843
104183906,58.37581341375333,-27.32398591549287,-4.997485734237488,-9.042140845070392
104183907,58.37052986139875,-27.33268309859146,-5.3907329880568104,-9.342697183098561
104183908,58.36589327463861,-27.341654929577373,-4.983791629155214,-9.012295774647859
104183909,58.36082537748217,-27.3506267605633,-5.187693619002305,-8.871676056338
104183910,58.355865307924816,-27.359049295774568,-5.1631089264136545,-8.79999295774645
104183911,58.35101306596653,-27.367929577464707,-5.027030496383498,-8.580457746478846
104183912,58.34540603081473,-27.376626760563298,-5.256164144413675,-8.70661267605631
104183913,58.34044596125737,-27.38495774647879,-5.171303823943204,-8.573591549295747
104183914,58.33559371929909,-27.393380281690057,-4.829166852084496,-8.373647887323918
104183915,58.331172787737096,-27.401528169014,-4.979047214796001,-8.425281690140817
104183916,58.32588923538252,-27.41004225352104,-5.241391763340671,-8.451373239436592
104183917,58.32092916582516,-27.41873943661963,-5.276867043435696,-8.712471830985887
104183918,58.3159690962678,-27.427253521126673,-5.039754153074115,-8.728676056338
104183919,58.31100902671044,-27.43585915492949,-4.9662157305063115,-8.535415492957718
104183920,58.306156784752154,-27.44419014084498,-4.81288488462447,-8.520035211267578
104183921,58.30044192200128,-27.452795774647797,-4.964598316520216,-8.583845070422507
104183922,58.295913162840215,-27.461309859154852,-4.838332198005704,-8.558211267605605
104183923,58.29073743808471,-27.46964084507033,-4.826471162107671,-8.426746478873213
104183924,58.28620867892364,-27.47833802816892,-4.745492635203829,-8.549422535211239
104183925,58.280925126569066,-27.486943661971736,-4.762852878654586,-8.869936619718281
104183926,58.275749401813556,-27.495366197183003,-4.928368243231679,-8.633464788732367
104183927,58.27068150465713,-27.504154929577368,-4.793583744390398,-8.521591549295747
104183928,58.26593709029791,-27.512669014084423,-4.64176248489558,-8.333366197183071
104183929,58.260977020740555,-27.520999999999916,-4.5794381326313705,-8.054323943661945
104183930,58.256124778782265,-27.52978873239428,-4.732445495715993,-8.524338028168986
104183931,58.25105688162584,-27.538394366197096,-4.771371258981355,-8.54173239436617
104183932,58.245988984469406,-27.546908450704137,-4.744306531614026,-8.476366197183072
104183933,58.241352397709264,-27.55523943661963,-4.553128198457553,-8.374471830985888
104183934,58.236607983350055,-27.563845070422445,-4.5567943368260355,-8.356619718309831
104183935,58.23132443099547,-27.572725352112585,-4.587525202561848,-8.408070422535184
104183936,58.22679567183441,-27.581056338028077,-4.675836006202655,-8.416950704225325
104183937,58.221296464281686,-27.590211267605554,-4.933543967987185,-8.551253521126734
104183938,58.21655204992247,-27.598542253521032,-4.913703689757748,-8.378408450704198
104183939,58.211807635563254,-27.607330985915397,-4.945189348687071,-8.486711267605607
104183940,58.20695539360497,-27.616028169014,-4.780213122105343,-8.451007042253494
104183941,58.201887496448535,-27.624542253521042,-4.738483841264082,-8.430957746478844
104183942,58.19703525449025,-27.633239436619633,-4.7874375712432355,-8.534316901408422
104183943,58.19185952973474,-27.641753521126674,-4.8968825843023565,-8.739753521126731
104183944,58.18711511537553,-27.65035915492949,-4.687804869699761,-8.575147887323915
104183945,58.18193939062003,-27.65905633802808,-4.952305970225891,-8.547957746478845
104183946,58.17708714866174,-27.667295774647798,-4.812669229426324,-8.597211267605607
104183947,58.17180359630716,-27.67645070422526,-5.016247736476195,-8.57386619718307
104183948,58.166735699150735,-27.685239436619625,-4.856231579451825,-8.651133802816872
104183949,58.161344319197084,-27.69402816901399,-4.850948027097248,-8.635478873239409
104183950,58.15627642204065,-27.702908450704143,-4.688020524897907,-8.599591549295747
104183951,58.150885042087,-27.71151408450696,-4.772557362571159,-8.5795422535211
104183952,58.14549366213335,-27.72011971830976,-5.271367835882971,-8.55811971830983
104183953,58.140210109778764,-27.728999999999914,-5.293472493692941,-8.496507042253494
104183954,58.1344952470279,-27.737697183098504,-5.212062656392808,-8.348746478873212
104183955,58.12953517747054,-27.745845070422448,-5.1142630240335745,-8.27184507042251
104183956,58.12425162511596,-27.754267605633714,-5.363021295095043,-8.280725352112649
104183957,58.118968072761376,-27.76223239436611,-5.27201480147741,-8.037204225352086
104183958,58.113576692807726,-27.770471830985827,-5.236647348981458,-7.9551760563380025
104183959,58.108185312854076,-27.778070422535123,-5.225864589074155,-7.795330985915468
104183960,58.102254794905065,-27.78630985915484,-5.528321004473991,-7.969823943661945
104183961,58.097402552946775,-27.79399999999991,-5.359247329127488,-8.019443661971804
104183962,58.0921190005922,-27.801781690140757,-5.307058771176143,-7.908211267605608
104183963,58.086296310242254,-27.809654929577377,-5.532526280837838,-7.782788732394342
104183964,58.08079710268953,-27.817436619718222,-5.653401019398699,-7.746260563380256
104183965,58.07551355033495,-27.825218309859068,-5.893533082534326,-7.672014084507017
104183966,58.06979868758408,-27.833091549295688,-5.78602896625852,-7.911140845070397
104183967,58.064515135229506,-27.84059859154921,-5.582450459208649,-7.774366197183073
104183968,58.05869244487956,-27.848563380281604,-5.962974056337354,-7.651598591549271
104183969,58.053408892524985,-27.856070422535126,-5.833041799454358,-7.703964788732369
104183970,58.047694029774114,-27.863669014084422,-5.520880900137952,-7.570760563380258
104183971,58.04219482222139,-27.871450704225268,-5.577598217250363,-7.482507042253497
104183972,58.036479959470526,-27.87895774647879,-5.7926064498019745,-7.603077464788708
104183973,58.03076509671965,-27.886739436619635,-5.960278366360528,-7.648852112676031
104183974,58.02515806156785,-27.894154929577383,-5.769100033204055,-7.5426549295774405
104183975,58.01911971601976,-27.90184507042244,-5.531663660045254,-7.322478873239413
104183976,58.013620508467035,-27.90953521126751,-5.657929778559766,-7.44515492957744
104183977,58.00812130091431,-27.916950704225258,-5.708393094925942,-7.383359154929553
104183978,58.002514265762514,-27.924549295774554,-5.965454091116033,-7.431422535211243
104183979,57.99626026501628,-27.9319647887323,-6.242463193134634,-7.658281690140821
104183980,57.99108454026077,-27.939288732394274,-5.790342070221441,-7.503929577464764
104183981,57.984938367113614,-27.94707042253512,-5.716048854460127,-7.394894366197159
104183982,57.978792193966456,-27.954577464788642,-5.877898080668737,-7.46859154929575
104183983,57.97350864161187,-27.961718309859066,-5.443891994399811,-7.106788732394343
104183984,57.967362468464714,-27.96949999999991,-5.8459811113431215,-7.2411830985915255
104183985,57.96132412291662,-27.97673239436611,-5.919627361509998,-7.187992957746456
104183986,57.95517794976946,-27.98442253521118,-6.125038937744111,-7.325957746478849
104183987,57.94913960422137,-27.99147183098583,-6.317295546891314,-7.4230915492957505
104183988,57.94331691387143,-27.998887323943578,-6.106708245901696,-7.214450704225329
104183989,57.93706291312519,-28.00621126760555,-6.1308616280940536,-7.13251408450702
104183990,57.93113239517618,-28.013352112675975,-5.991979680487998,-7.057992957746456
104183991,57.92455491163272,-28.02113380281682,-6.284839439570333,-7.2869577464788495
104183992,57.9186243936837,-28.028274647887244,-6.1070317286989155,-7.145330985915469
104183993,57.912262565338395,-28.035873239436526,-6.081692242916755,-7.083626760563357
104183994,57.90643987498845,-28.043288732394274,-6.123529351357088,-7.113563380281667
104183995,57.899862391445,-28.050521126760472,-6.352123861391901,-7.230746478873216
104183996,57.89328490790154,-28.058028169013994,-6.6982504544163115,-7.385373239436596
104183997,57.887462217551594,-28.065260563380193,-6.5758661294684275,-7.569661971830961
104183998,57.88077690640907,-28.072950704225264,-6.443238182608607,-7.541098591549272
104183999,57.87463073326191,-28.08054929577456,-6.445179079391922,-7.5757957746478635
104184000,57.86848456011475,-28.088056338028082,-6.429220594729114,-7.701584507042229
104184001,57.861907076571285,-28.095563380281604,-6.507719086854276,-7.354795774647864
104184002,57.85532959302783,-28.1031619718309,-6.597539476882106,-7.6055492957746225
104184003,57.84885993708346,-28.110485915492873,-6.5894524069516285,-7.495507042253497
104184004,57.84217462594093,-28.118084507042155,-6.651668931616764,-7.490746478873215
104184005,57.83602845279377,-28.125499999999903,-6.557104127229721,-7.483971830985891
104184006,57.829343141651236,-28.133373239436523,-6.449815666152062,-7.519035211267581
104184007,57.823089140905005,-28.140971830985833,-6.5607702655982045,-7.6138802816901165
104184008,57.816619484960626,-28.14875352112668,-6.391157452256336,-7.714676056338003
104184009,57.81004200141716,-28.156626760563285,-6.500925948112676,-7.6128732394365946
104184010,57.803680173071854,-28.16422535211258,-6.537695159396577,-7.570669014084483
104184011,57.79774965512284,-28.17164084507033,-6.450570459345573,-7.333190140845047
104184012,57.79095651638124,-28.1793309859154,-6.1577107002632365,-7.143683098591526
104184013,57.784702515635004,-28.186563380281598,-6.060773688696588,-7.137091549295752
104184014,57.778448514888765,-28.193978873239345,-6.002546785197154,-6.961957746478851
104184015,57.77208668654346,-28.201485915492867,-6.249471987074381,-7.287323943661948
104184016,57.765724858198155,-28.20862676056329,-6.336273204328166,-7.284485915492934
104184017,57.759470857451916,-28.215950704225264,-6.165150804599276,-7.269380281690117
104184018,57.752893373908464,-28.223091549295674,-6.155661975880849,-7.163274647887301
104184019,57.746962855959445,-28.230049295774563,-5.890729564958427,-6.818499999999978
104184020,57.74038537241599,-28.237281690140748,-6.2134575689839915,-7.1173169014084285
104184021,57.7343470268679,-28.2439647887323,-6.258852988193734,-7.033732394366174
104184022,57.727661715725375,-28.251288732394286,-6.4239370423745354,-7.07007746478871
104184023,57.72151554257822,-28.258063380281598,-6.389324383072095,-7.019542253521103
104184024,57.7151537142329,-28.265112676056248,-6.26047040217983,-6.87388732394364
104184025,57.708899713486666,-28.272070422535123,-6.358270034539063,-6.930647887323921
104184026,57.70275354033951,-28.2786619718309,-6.136360835646778,-6.785267605633781
104184027,57.69660736719234,-28.285345070422437,-5.958660952374433,-6.715964788732372
104184028,57.68981422845074,-28.292302816901326,-5.92577353465716,-6.947401408450681
104184029,57.68334457250636,-28.299352112675976,-6.160622045438209,-6.9837464788732175
104184030,57.6771983993592,-28.306309859154837,-6.216368914158963,-6.927169014084484
104184031,57.670620915815746,-28.313359154929486,-6.330450513978223,-6.9125211267605415
104184032,57.664582570267655,-28.320042253521038,-6.221436811315395,-6.811816901408428
104184033,57.65768160392698,-28.32690845070414,-6.578453991846181,-6.95976056338026
104184034,57.650996292784455,-28.333866197183013,-6.317726857287606,-6.898330985915471
104184035,57.644203154042856,-28.340823943661874,-6.375414622791674,-6.775563380281668
104184036,57.63751784290032,-28.3475985915492,-6.379727726754596,-6.553556338028147
104184037,57.6304012213615,-28.354373239436526,-6.55311450606402,-6.535521126760542
104184038,57.62382373781806,-28.361422535211176,-6.486908360233182,-6.705070422535189
104184039,57.61681494387831,-28.368105633802728,-6.509767811236664,-6.621485915492936
104184040,57.610021805136704,-28.37478873239428,-6.381560795938837,-6.410922535211247
104184041,57.60312083879603,-28.381380281690056,-6.419947421208834,-6.468049295774628
104184042,57.596219872455364,-28.388063380281608,-6.367866690856562,-6.40469718309857
104184043,57.58899542331746,-28.394929577464694,-6.761113944675884,-6.4685985915492745
104184044,57.58209445697679,-28.401338028168922,-6.591608958933089,-6.4176971830985705
104184045,57.57540914583427,-28.408021126760474,-6.4929467057812715,-6.403049295774627
104184046,57.56818469669637,-28.414704225352025,-6.718090732645748,-6.573605633802796
104184047,57.561175902756624,-28.421204225352028,-6.941509517925056,-6.525725352112654
104184048,57.5540592812178,-28.427612676056256,-6.768014911016559,-6.401218309859134
104184049,57.546187866485475,-28.434295774647794,-7.217979481948292,-6.597408450704204
104184050,57.5392869001448,-28.44088732394357,-7.009117422543842,-6.569669014084486
104184051,57.53173896820969,-28.447478873239348,-7.070255671218248,-6.674126760563358
104184052,57.52440669147273,-28.45397887323935,-6.996825076249517,-6.475830985915471
104184053,57.516535276740385,-28.460478873239353,-7.243858105725818,-6.346197183098572
104184054,57.50974213799879,-28.46688732394358,-7.214528998777954,-6.411471830985894
104184055,57.50208637846461,-28.47338732394357,-7.267148867125591,-6.37649999999998
104184056,57.49475410172764,-28.479978873239347,-7.332168909366626,-6.545683098591527
104184057,57.487421824990676,-28.48638732394356,-7.492939859584505,-6.584774647887303
104184058,57.47976606545649,-28.492887323943577,-7.411637849883445,-6.3413450704225145
104184059,57.47243378871953,-28.499204225352017,-7.297879732861404,-6.358281690140824
104184060,57.4653171671807,-28.50570422535202,-7.159644750849785,-6.304999999999979
104184061,57.4573379248493,-28.51238732394357,-7.543079693153462,-6.471711267605613
104184062,57.45032913090955,-28.51861267605625,-7.306613768386319,-6.36999999999998
104184063,57.44288902657351,-28.525387323943576,-7.494341618372454,-6.3667957746478665
104184064,57.4353410946384,-28.53179577464779,-7.70449760896578,-6.586605633802795
104184065,57.42800881790144,-28.538661971830905,-7.523455070122171,-6.619197183098571
104184066,57.42013740316911,-28.545253521126668,-7.920152807111831,-6.467499999999979
104184067,57.41237381603585,-28.551845070422445,-7.994985160868509,-6.625422535211246
104184068,57.405041539298885,-28.558436619718222,-7.598071768680705,-6.488556338028148
104184069,57.39684664176933,-28.565119718309774,-7.823323623144253,-6.7854507042253305
104184070,57.38919088223515,-28.571436619718227,-7.773938582768808,-6.655267605633781
104184071,57.38110381230467,-28.57802816901399,-8.004366161987862,-6.503204225352092
104184072,57.37334022517142,-28.58443661971822,-7.7907596882242,-6.405521126760543
104184073,57.36546881043908,-28.591028169013995,-7.75905837409673,-6.3809859154929365
104184074,57.35716608531046,-28.597894366197096,-7.918751048323881,-6.605922535211246
104184075,57.34886336018184,-28.604302816901324,-8.064965272666903,-6.723563380281668
104184076,57.340884117850436,-28.61098591549286,-8.215384773373772,-6.740316901408429
104184077,57.332581392721806,-28.617302816901315,-8.165568422602036,-6.691154929577443
104184078,57.32481780558855,-28.623528169013994,-8.171175457753833,-6.435183098591528
104184079,57.316622908059,-28.629845070422448,-8.099254449172124,-6.310492957746459
104184080,57.30832018293039,-28.6361619718309,-8.206111599853493,-6.274239436619697
104184081,57.300233112999905,-28.642295774647792,-8.2480565358929,-6.056809859154909
104184082,57.292038215470356,-28.648246478873148,-8.15683438707712,-6.192028169014065
104184083,57.28395114553987,-28.654014084506954,-7.962744708745674,-5.882225352112657
104184084,57.27554059281218,-28.66005633802807,-8.325368924428258,-5.9148169014084315
104184085,57.26745352288171,-28.665823943661877,-8.16362752581872,-5.607028169014066
104184086,57.25947428055029,-28.671408450704135,-8.148747317146643,-5.41504929577463
104184087,57.250524589827236,-28.67735915492949,-8.5906248181479,-5.724485915492939
104184088,57.242545347495835,-28.682852112675974,-8.432549557906844,-5.563450704225334
104184089,57.23391913956999,-28.68871126760554,-8.616503441925424,-5.602633802816883
104184090,57.22518510404508,-28.6942957746478,-8.348875341026178,-5.505499999999983
104184091,57.216451068520165,-28.699788732394282,-8.341327409091065,-5.421366197183081
104184092,57.20836399858969,-28.705190140844977,-8.430500833524459,-5.399852112676039
104184093,57.19984561826292,-28.710774647887234,-8.601407578055202,-5.516119718309842
104184094,57.1915428931343,-28.716267605633703,-8.441930559026197,-5.359478873239419
104184095,57.182916685208454,-28.721577464788638,-8.350492755012272,-5.284499999999983
104184096,57.174398304881684,-28.726795774647798,-8.325908062423624,-5.141499999999984
104184097,57.16577209695585,-28.732380281690055,-8.40850400331356,-5.247056338028152
104184098,57.157145889030005,-28.737873239436524,-8.54932684770293,-5.292098591549279
104184099,57.1487353363023,-28.74318309859146,-8.534662294229,-5.280654929577448
104184100,57.139462162782024,-28.748676056337928,-8.787625841654316,-5.527105633802799
104184101,57.130943782455255,-28.754077464788637,-8.939447101149137,-5.432901408450687
104184102,57.12220974693034,-28.759478873239345,-8.746974836803785,-5.221971830985899
104184103,57.11326005620728,-28.764697183098505,-8.579949885839671,-5.085014084507026
104184104,57.10409471028608,-28.77028169014075,-8.379174896365697,-5.007380281690125
104184105,57.0955763299593,-28.77549999999991,-8.13084793570052,-5.09316197183097
104184106,57.08673446683531,-28.780901408450603,-8.271455124891746,-5.085654929577449
104184107,57.0780004313104,-28.786302816901312,-8.32008537207368,-5.065330985915477
104184108,57.068835085389196,-28.791429577464697,-8.45907514727881,-5.062126760563364
104184109,57.06010104986427,-28.796739436619617,-8.474710149144398,-4.982112676056322
104184110,57.051151359141215,-28.80204929577455,-8.90149178627543,-4.994380281690124
104184111,57.04220166841816,-28.807176056337937,-8.827953363707627,-5.120077464788715
104184112,57.03314415009602,-28.812577464788646,-8.685405277733087,-5.048394366197167
104184113,57.023870976575736,-28.81788732394358,-8.655644860388934,-4.964535211267589
104184114,57.01492128585268,-28.82301408450695,-8.766491632236002,-4.962154929577449
104184115,57.00554028473333,-28.828323943661886,-8.873564438115517,-4.959133802816885
104184116,56.9960514560149,-28.833633802816806,-9.007594143763287,-5.1307887323943495
104184117,56.98699393769276,-28.83894366197174,-9.201360339297512,-5.045464788732378
104184118,56.97815207456878,-28.84397887323935,-9.300130420048403,-5.281753521126744
104184119,56.96866324585035,-28.84947183098582,-9.262282932773772,-5.4541408450704045
104184120,56.95971355512729,-28.85450704225343,-9.318461111890818,-5.21235915492956
104184121,56.950548209206076,-28.859633802816802,-9.060968805304434,-5.2160211267605465
104184122,56.94105938048766,-28.86503521126751,-9.238560860977707,-5.286514084507025
104184123,56.931570551769234,-28.87025352112667,-9.400949225181682,-5.280654929577448
104184124,56.92229737824895,-28.875288732394267,-9.190361924192064,-5.269852112676039
104184125,56.91270072193145,-28.8805985915492,-9.319323732683403,-5.203753521126744
104184126,56.90364320360932,-28.88581690140836,-9.384775085320728,-5.188373239436603
104184127,56.89404654729182,-28.890852112675958,-9.36914008345514,-5.002711267605617
104184128,56.88477337377154,-28.896161971830892,-9.229179859858354,-5.069267605633786
104184129,56.87550020025126,-28.901288732394278,-9.300130420048403,-5.134084507042236
104184130,56.8661191991319,-28.90641549295765,-9.053960011364687,-5.019281690140828
104184131,56.85706168080978,-28.91145070422526,-9.059674874115558,-5.152119718309843
104184132,56.8473571968932,-28.916760563380194,-9.188421027408749,-5.1524859154929405
104184133,56.83808402337292,-28.922161971830903,-9.277378796643996,-5.1702464788732225
104184134,56.82859519465449,-28.9271971830985,-9.085122187496792,-5.055992957746462
104184135,56.818782883138844,-28.93259859154921,-9.170845128759847,-5.089866197183082
104184136,56.809725364816714,-28.937725352112594,-9.071428082414517,-5.257584507042236
104184137,56.79991305330107,-28.942852112675965,-9.074123772391344,-5.30335915492956
104184138,56.79063987978079,-28.94807042253511,-8.947534171079612,-5.201373239436602
104184139,56.781366706260506,-28.95310563380272,-9.219798858738999,-5.223070422535194
104184140,56.77187787754208,-28.95832394366188,-9.240286102562875,-5.101859154929561
104184141,56.76249687642273,-28.963450704225266,-9.232414687830545,-5.167591549295758
104184142,56.75311587530338,-28.968485915492863,-9.388872534085502,-5.097373239436603
104184143,56.743303563787734,-28.97361267605625,-9.653050151814416,-5.146535211267589
104184144,56.7338147350693,-28.978739436619634,-9.667606877689273,-5.1398521126760395
104184145,56.72432590635088,-28.98395774647878,-9.688741087107585,-5.17473239436618
104184146,56.71440576723616,-28.98917605633794,-9.908062423622118,-5.257401408450687
104184147,56.70480911091866,-28.99421126760555,-9.888761283388046,-5.177753521126744
104184148,56.69532028220023,-28.999429577464696,-9.638709081137701,-5.1420492957746315
104184149,56.68583145348181,-29.004373239436532,-9.70890484813424,-5.157704225352096
104184150,56.67634262476338,-29.009499999999903,-9.579943039642902,-5.052239436619701
104184151,56.6670694512431,-29.014535211267514,-9.527862309290631,-5.054528169014068
104184152,56.65714931212838,-29.019845070422434,-9.912914665580404,-5.284591549295757
104184153,56.64776831100903,-29.02478873239427,-9.796568686180612,-5.140950704225335
104184154,56.6382794822906,-29.03000704225343,-9.919815631921077,-5.208056338028152
104184155,56.6286828259731,-29.035042253521027,-10.052227923582754,-5.162098591549279
104184156,56.618870514457456,-29.04035211267596,-10.17720011090839,-5.256211267605616
104184157,56.60927385813996,-29.045295774647798,-10.13805869244488,-5.264084507042236
104184158,56.599569374223385,-29.050605633802718,-10.102475584750783,-5.2199577464788565
104184159,56.59040402830218,-29.05564084507033,-10.070019477429803,-5.314253521126743
104184160,56.580591716786536,-29.0607676056337,-10.089212790064801,-5.319746478873222
104184161,56.57099506046904,-29.065894366197085,-9.749448025385698,-5.123647887323927
104184162,56.561290576552466,-29.07102112676047,-9.899220560498131,-5.082999999999983
104184163,56.551801747834034,-29.075873239436532,-9.96122142996512,-5.079795774647871
104184164,56.54177378112025,-29.080999999999904,-10.035838128523654,-5.09435211267604
104184165,56.53206929720368,-29.086218309859063,-10.276509329654646,-5.1931338028168845
104184166,56.52193350289081,-29.091436619718223,-9.849080726929174,-5.022943661971815
104184167,56.51201336377609,-29.096746478873143,-10.023545782229329,-5.2505352112675885
104184168,56.50263236265674,-29.10187323943653,-9.972219845070567,-5.230943661971814
104184169,56.4923887407448,-29.107366197183012,-9.99863760684346,-5.21391549295773
104184170,56.48246860163008,-29.112492957746383,-10.0360537837218,-5.182971830985898
104184171,56.47265629011444,-29.117528169013994,-10.047699164421687,-5.112112676056322
104184172,56.46230484060342,-29.12283802816893,-10.242327980748497,-5.264450704225335
104184173,56.45249252908778,-29.128056338028074,-9.838729277418164,-5.1420492957746315
104184174,56.442572389973066,-29.133457746478783,-9.856952141661504,-5.1219084507042085
104184175,56.4324365956602,-29.138584507042154,-9.812742826041564,-5.016169014084491
104184176,56.42219297374827,-29.143985915492863,-10.048885268011489,-5.125295774647871
104184177,56.41227283463354,-29.149204225352022,-10.017723091879384,-5.053154929577449
104184178,56.401921385122535,-29.154422535211168,-10.258825603406668,-5.175281690140828
104184179,56.39189341840874,-29.159640845070328,-10.272196225691724,-5.185260563380265
104184180,56.3816497964968,-29.164584507042164,-10.36083051212975,-5.2949366197182925
104184181,56.37140617458486,-29.1698943661971,-10.03174067975888,-5.231584507042236
104184182,56.36116255267293,-29.174929577464695,-10.304436677814557,-5.265823943661955
104184183,56.35124241355821,-29.179873239436517,-10.324061300845848,-5.227373239436602
104184184,56.34099879164627,-29.18490845070413,-10.155958073891004,-5.0822676056337865
104184185,56.33053951453619,-29.190035211267514,-10.141724830813363,-5.228563380281673
104184186,56.320403720223325,-29.19507042253511,-10.23251566923285,-5.22929577464787
104184187,56.31005227071232,-29.20010563380272,-10.529688532278108,-5.083274647887308
104184188,56.29959299360223,-29.205049295774558,-10.526777187103136,-5.099845070422519
104184189,56.288918061294,-29.210084507042154,-10.761410042686038,-5.143239436619702
104184190,56.27856661178299,-29.215119718309765,-10.814029911033675,-5.182147887323927
104184191,56.26832298987105,-29.21988028169004,-10.85209305350645,-5.057823943661955
104184192,56.25721674716654,-29.225190140844973,-10.981701827592229,-5.158253521126744
104184193,56.24621833206108,-29.23013380281681,-11.18743688662356,-5.120077464788715
104184194,56.23597471014915,-29.23507746478863,-10.659944271958322,-4.899260563380266
104184195,56.22486846744462,-29.240295774647805,-10.998738588245766,-5.072838028168998
104184196,56.21494832832991,-29.24505633802808,-10.47631387073696,-4.871338028168998
104184197,56.20405774082353,-29.2499999999999,-10.666737410699922,-4.8212605633802665
104184198,56.193490636114376,-29.254852112675962,-10.531845084259567,-4.818422535211252
104184199,56.182384393409855,-29.259795774647785,-10.710299760725425,-4.740056338028154
104184200,56.1713859783044,-29.26492253521117,-10.961861549362792,-4.83590845070421
104184201,56.16114235639247,-29.26949999999991,-10.8371050172353,-4.723211267605619
104184202,56.14992828608888,-29.274443661971745,-11.027852039995484,-4.833253521126745
104184203,56.13936118137971,-29.279204225352018,-10.876893401293248,-4.8609014084506885
104184204,56.12879407667056,-29.283964788732305,-10.753215145156487,-4.888274647887308
104184205,56.11779566156511,-29.288725352112593,-11.106134876922498,-4.99172535211266
104184206,56.107120729256884,-29.29357746478864,-11.256338722431222,-5.050225352112659
104184207,56.09623014175051,-29.29815492957738,-11.20242492289471,-4.848267605633787
104184208,56.08523172664506,-29.3030985915492,-11.146893709372103,-4.950253521126744
104184209,56.07390982874239,-29.307767605633714,-11.199729232917885,-4.898802816901393
104184210,56.062587930839726,-29.312528169013987,-10.876246435698809,-4.74628169014083
104184211,56.051158205337984,-29.31738028169005,-10.882284781246899,-4.662514084507027
104184212,56.0406989282279,-29.321957746478787,-10.817372566604938,-4.6190281690140695
104184213,56.02980834072153,-29.32653521126751,-11.001865588618884,-4.631387323943647
104184214,56.018486442818855,-29.3312957746478,-11.158754745270135,-4.67734507042252
104184215,56.006841062118966,-29.336056338028072,-11.156490365689601,-4.643014084507027
104184216,55.99562699181537,-29.34063380281681,-10.800012323154181,-4.469985915492943
104184217,55.984412921511776,-29.34521126760555,-11.067748251652501,-4.610422535211253
104184218,55.97330667880726,-29.349788732394273,-11.102468738554016,-4.605936619718295
104184219,55.96176912570644,-29.354549295774547,-11.384222254931831,-4.670661971830971
104184220,55.95077071060099,-29.359126760563285,-11.140208398229575,-4.59046478873238
104184221,55.93923315750018,-29.363887323943572,-11.238008030588809,-4.771823943661957
104184222,55.92845039759288,-29.368281690140748,-10.977065240832088,-4.60346478873238
104184223,55.91691284449207,-29.372859154929472,-11.517820650183308,-4.712133802816886
104184224,55.90526746379218,-29.377436619718225,-11.832569411877468,-4.621866197183084
104184225,55.89372991069136,-29.382288732394272,-12.031080021770906,-4.761936619718294
104184226,55.88197670239241,-29.38686619718301,-11.922174146707151,-4.692084507042238
104184227,55.87076263208881,-29.39116901408441,-11.628559594431305,-4.587992957746464
104184228,55.85911725138892,-29.39574647887315,-11.731966261942336,-4.532880281690126
104184229,55.8480110086844,-29.400049295774565,-11.428431570551771,-4.492873239436605
104184230,55.83636562798452,-29.40462676056329,-11.646351148278354,-4.492598591549281
104184231,55.82472024728463,-29.40911267605624,-11.854350586890218,-4.575725352112661
104184232,55.81339834938196,-29.413598591549203,-11.814023064836908,-4.619119718309844
104184233,55.802076451479294,-29.417901408450604,-11.746846470614413,-4.536450704225337
104184234,55.790431070779405,-29.422387323943568,-11.742856849448712,-4.582225352112661
104184235,55.7788935176786,-29.42705633802808,-11.718272156860062,-4.643838028168999
104184236,55.76703248178056,-29.431450704225256,-11.91462621477204,-4.724035211267591
104184237,55.75571058387789,-29.435570422535122,-11.908480041624877,-4.540387323943647
104184238,55.744388685975224,-29.44005633802807,-11.791163613833428,-4.531690140845056
104184239,55.73263547767627,-29.444359154929487,-11.98805680974077,-4.623239436619704
104184240,55.72077444177823,-29.448753521126676,-11.887345832206565,-4.59421830985914
104184241,55.709236888677424,-29.453056338028077,-11.76097188609298,-4.5503661971830835
104184242,55.697268025180314,-29.457267605633717,-11.712018156113826,-4.297781690140831
104184243,55.68529916168321,-29.461661971830893,-11.952150219249452,-4.319478873239423
104184244,55.673222470587035,-29.465964788732293,-12.099119236785986,-4.355915492957732
104184245,55.661577089887146,-29.47026760563371,-12.20586855986828,-4.501753521126746
104184246,55.64993170918726,-29.474661971830884,-12.199938041919264,-4.4765774647887175
104184247,55.63753153529386,-29.4789647887323,-12.358228957358465,-4.363056338028155
104184248,55.62588615459397,-29.483084507042165,-12.097933133196182,-4.302999999999987
104184249,55.613485980700574,-29.487570422535114,-12.305932571808048,-4.306387323943648
104184250,55.6014092896044,-29.49169014084498,-12.29816898467479,-4.311056338028155
104184251,55.589116943310074,-29.49599295774638,-12.4232489995995,-4.313070422535198
104184252,55.57693242461482,-29.50020422535202,-12.442011001838205,-4.388690140845056
104184253,55.564640078320494,-29.5042323943661,-12.222797492922746,-4.316640845070409
104184254,55.55277904242246,-29.50844366197174,-12.394998168642367,-4.268211267605619
104184255,55.54048669612814,-29.512654929577366,-12.371815234841666,-4.331014084507029
104184256,55.52808652223474,-29.51677464788723,-12.267761601736197,-4.212091549295761
104184257,55.51568634834134,-29.521077464788632,-12.367394303279672,-4.30821830985914
104184258,55.50317834684887,-29.5251971830985,-12.444814519414104,-4.310598591549282
104184259,55.4906703453564,-29.529316901408365,-12.55911177443151,-4.262626760563366
104184260,55.47816234386393,-29.53352816901399,-12.407506170134837,-4.186549295774634
104184261,55.46630130796589,-29.537281690140745,-12.506815388881092,-4.118070422535198
104184262,55.453901134072495,-29.54158450704216,-12.668341132292484,-4.210901408450691
104184263,55.44117747738188,-29.545521126760462,-12.661979303947177,-4.016816901408437
104184264,55.42877730348848,-29.54964084507033,-12.284474879592516,-3.882422535211255
104184265,55.41573016400065,-29.553760563380195,-12.202418076697944,-3.884253521126748
104184266,55.40386912810261,-29.557788732394272,-12.098687926389694,-3.8994507042253392
104184267,55.390929816213855,-29.561999999999898,-12.414838446871803,-3.9636267605633675
104184268,55.378637469919525,-29.56584507042244,-12.509295423659774,-3.884528169014072
104184269,55.36656077882334,-29.569781690140744,-12.47856455792396,-3.9804718309859024
104184270,55.354160604929945,-29.573626760563286,-12.32350847045695,-3.969119718309846
104184271,55.34154477583841,-29.577654929577363,-12.517059010793032,-3.9850492957746346
104184272,55.329252429544084,-29.581499999999906,-12.57302153471193,-4.064788732394353
104184273,55.31663660045254,-29.58543661971821,-12.32027364248476,-3.8871830985915365
104184274,55.30369728856377,-29.589373239436526,-12.250940496280805,-3.7974647887323822
104184275,55.291081459472224,-29.593218309859054,-12.543692427764068,-3.933049295774635
104184276,55.27878911317791,-29.59715492957737,-12.31067698616726,-3.9372605633802684
104184277,55.26574197369007,-29.60109154929569,-12.322538022065295,-3.8914859154929453
104184278,55.25344962739574,-29.604936619718217,-12.287386224767488,-3.8677746478873116
104184279,55.240941625903275,-29.608873239436534,-12.326311988032849,-3.8880070422535082
104184280,55.22832579681173,-29.612626760563288,-12.34593661106414,-3.724133802816889
104184281,55.21527865732389,-29.61656338028159,-12.310030020572823,-3.7217535211267485
104184282,55.202878483430496,-29.620408450704133,-12.458292969298233,-3.7927042253521
104184283,55.18983134394266,-29.62425352112666,-12.438776173866016,-3.7007887323943542
104184284,55.176999859652966,-29.628281690140753,-12.675457753831305,-3.723767605633791
104184285,55.164276202962355,-29.632035211267507,-12.50099269853115,-3.7331971830985795
104184286,55.15241516706432,-29.63588028169005,-12.261184118192743,-3.818154929577452
104184287,55.139799337972775,-29.63954225352103,-12.207917284250668,-3.6844014084506926
104184288,55.12664437088587,-29.643661971830895,-12.582402535831283,-3.8955140845070293
104184289,55.11359723139803,-29.647690140844972,-12.614211677557826,-3.8877323943661843
104184290,55.100334436712046,-29.65162676056329,-12.562130947205555,-3.7801619718309736
104184291,55.087826435219576,-29.655563380281592,-12.56407184398887,-3.7580070422535092
104184292,55.074779295731744,-29.659408450704134,-12.671575960264676,-3.789408450704213
104184293,55.06227129423927,-29.663253521126663,-12.628013610239172,-3.8187042253521
104184294,55.049224154751435,-29.667007042253417,-13.068920662848774,-3.9071408450704097
104184295,55.03639267046175,-29.671126760563283,-12.907610574635529,-3.9472394366197054
104184296,55.02334553097391,-29.674971830985825,-12.785981042881156,-3.933873239436607
104184297,55.01062187428329,-29.678816901408354,-12.376236166403661,-3.7775070422535086
104184298,54.99735907959731,-29.68275352112667,-12.644079922501055,-3.8884647887323815
104184299,54.984419767708545,-29.686690140844973,-12.813261425446631,-3.887366197183086
104184300,54.97115697302256,-29.690718309859065,-12.945242406712012,-3.9496197183098465
104184301,54.95886462672824,-29.694563380281593,-12.795685526797726,-3.8436056338028046
104184302,54.94603314243855,-29.69840845070412,-12.927127370067744,-3.7709154929577338
104184303,54.93320165814886,-29.702253521126664,-12.641492060123301,-3.7658802816901282
104184304,54.92037017385917,-29.706190140844967,-12.715677448285543,-3.8139436619718188
104184305,54.90732303437133,-29.710126760563284,-12.663273235136053,-3.7218450704225234
104184306,54.8942758948835,-29.713788732394278,-12.774335662181269,-3.7655140845070303
104184307,54.881336582994734,-29.717816901408355,-12.625964885856787,-3.7227605633802696
104184308,54.868289443506896,-29.721753521126658,-12.53129225387067,-3.7298098591549174
104184309,54.85567361441535,-29.725507042253426,-12.512638079231037,-3.6918169014084388
104184310,54.842734302526594,-29.729443661971743,-12.672330753458187,-3.7591971830985793
104184311,54.82979499063783,-29.733380281690046,-12.584882570609963,-3.8417746478873114
104184312,54.816855678749064,-29.73722535211259,-12.54444722095758,-3.8352746478873114
104184313,54.80391636686031,-29.741070422535117,-12.409447066918151,-3.767345070422523
104184314,54.79097705497154,-29.745007042253434,-12.593832261333024,-3.847084507042241
104184315,54.7779299154837,-29.748852112675962,-12.789970664046857,-3.8649366197182973
104184316,54.76445146559958,-29.75278873239428,-12.943624992725917,-3.855690140845058
104184317,54.750973015715445,-29.756816901408357,-13.241336993766538,-4.012788732394354
104184318,54.73868066942112,-29.76038732394356,-12.771208661808151,-3.8307887323943537
104184319,54.72541787473514,-29.76432394366188,-12.87418401892289,-3.9259999999999873
104184320,54.71258639044545,-29.768169014084407,-12.777678317752532,-3.8980774647887197
104184321,54.699323595759466,-29.772105633802724,-12.649686957652852,-3.8447957746478747
104184322,54.686492111469775,-29.775859154929478,-12.861999500227638,-3.932316901408438
104184323,54.67355279958102,-29.779795774647795,-12.663920200730491,-3.9762605633802686
104184324,54.66061348769225,-29.783549295774563,-12.717294862271638,-3.9825774647887195
104184325,54.64810548619978,-29.787211267605542,-12.949878993472153,-4.02258450704224
104184326,54.63473486391473,-29.791147887323845,-13.052315212591527,-4.018190140845057
104184327,54.62190337962504,-29.7949014084506,-13.226672440292608,-3.9454084507042126
104184328,54.6088562401372,-29.79874647887314,-13.154427948913682,-3.9078732394366074
104184329,54.59580910064936,-29.80249999999991,-13.038297624712033,-3.889929577464776
104184330,54.58254630596338,-29.806253521126663,-13.169415985184832,-3.839852112676044
104184331,54.56906785607926,-29.810281690140755,-13.085418285506945,-3.7599295774647765
104184332,54.555912888992346,-29.81403521126751,-13.2694799971246,-3.742352112676044
104184333,54.543081404702654,-29.817788732394277,-13.422595187808295,-3.7618521126760442
104184334,54.53003426521482,-29.821450704225256,-13.519208716577724,-3.7763169014084386
104184335,54.516987125726985,-29.82511267605625,-13.622831039286902,-3.7261478873239318
104184336,54.503724331041,-29.82877464788723,-13.711141842927708,-3.7715563380281565
104184337,54.49046153635502,-29.83234507042245,-13.570211170939265,-3.718183098591537
104184338,54.47763005206533,-29.835732394366104,-13.378062389391134,-3.6647183098591434
104184339,54.46436725737935,-29.839577464788633,-13.28522282658926,-3.5719788732394253
104184340,54.45099663509429,-29.843239436619626,-13.405774082352902,-3.6077746478873123
104184341,54.43784166800738,-29.846809859154845,-13.597168070707522,-3.6801901408450584
104184342,54.42447104572233,-29.8505633802816,-13.616792693738812,-3.736218309859143
104184343,54.4109925958382,-29.85422535211258,-13.427986567761947,-3.6104295774647768
104184344,54.39762197355314,-29.857887323943558,-13.29126117213735,-3.613908450704214
104184345,54.38392786847087,-29.861457746478777,-13.185805780243932,-3.5955985915492836
104184346,54.37055724618581,-29.865211267605545,-13.117011772035342,-3.5928521126760447
104184347,54.3566474859054,-29.86878169014075,-13.347439351254396,-3.603471830985904
104184348,54.34306120842219,-29.87244366197173,-13.30732748439923,-3.5697816901408332
104184349,54.32979841373621,-29.876105633802723,-13.29018289614662,-3.518147887323932
104184350,54.316104308653934,-29.879401408450605,-13.388090356104925,-3.3851267605633693
104184351,54.30273368636888,-29.882971830985824,-13.581964379238224,-3.3886971830985804
104184352,54.288931753687535,-29.886633802816803,-13.575063412897553,-3.4785985915492845
104184353,54.275021993407115,-29.890387323943557,-13.533981097650727,-3.5761901408450587
104184354,54.26100440552762,-29.894140845070325,-13.673078700454932,-3.50313380281689
104184355,54.246878990049055,-29.897711267605544,-13.831261788295059,-3.542316901408439
104184356,54.2323222641742,-29.901464788732298,-14.076461748587118,-3.6356971830985794
104184357,54.21819684869563,-29.905035211267517,-14.341825469905832,-3.7299014084506923
104184358,54.20364012282077,-29.908697183098496,-14.613443191970783,-3.8111056338028044
104184359,54.18951470734221,-29.912359154929476,-14.559529392434271,-3.769084507042241
104184360,54.175281464264565,-29.915929577464695,-14.316485984123672,-3.747021126760551
104184361,54.16191084197951,-29.919408450704125,-14.05230836639476,-3.6219647887323827
104184362,54.14800108169909,-29.922978873239344,-13.977260357439933,-3.6743309859154807
104184363,54.13376783862145,-29.926640845070324,-14.050043986814227,-3.67057746478872
104184364,54.119965905940106,-29.93011971830977,-14.065355505882597,-3.671859154929565
104184365,54.10594831806061,-29.933781690140748,-13.903937590070278,-3.695661971830974
104184366,54.09203855778019,-29.937443661971727,-14.004756395203556,-3.6994154929577343
104184367,54.07812879749977,-29.940922535211172,-13.776269712767816,-3.5720704225351994
104184368,54.06454252001657,-29.944218309859053,-13.821125993982193,-3.551563380281679
104184369,54.050632759736146,-29.947880281690047,-13.827487822327502,-3.522908450704214
104184370,54.0368308270548,-29.951359154929477,-14.268934012932467,-3.5928521126760447
104184371,54.023028894373454,-29.954838028168922,-14.132208617307873,-3.590563380281678
104184372,54.00911913409304,-29.9584999999999,-13.991601428116649,-3.4726478873239324
104184373,53.99531720141169,-29.96207042253512,-13.658306319381927,-3.4203732394366084
104184374,53.98205440672571,-29.965366197183002,-13.590806242362213,-3.3105140845070316
104184375,53.968036818846215,-29.96911971830977,-13.485997816063232,-3.394098591549285
104184376,53.954342713763936,-29.972507042253426,-13.84980813533562,-3.5015774647887206
104184377,53.94054078108259,-29.97607746478863,-13.82425299435531,-3.4688028169013974
104184378,53.92684667600032,-29.979373239436526,-14.109996131898829,-3.4446338028168904
104184379,53.91282908812082,-29.983035211267506,-14.3899165790924,-3.572528169014073
104184380,53.8989193278404,-29.986605633802725,-14.18385803726385,-3.6392676056337914
104184381,53.88490173996091,-29.99017605633793,-14.40242458058487,-3.6422887323943542
104184382,53.870884152081416,-29.993838028168923,-14.418922203243046,-3.6632535211267485
104184383,53.85632742620656,-29.997591549295677,-14.574409601106348,-3.7708239436619597
104184384,53.84241766592614,-30.001070422535108,-14.427764066367034,-3.6554718309859036
104184385,53.827968767650354,-30.0047323943661,-14.211461902626544,-3.592485915492946
104184386,53.81308855897828,-30.00866901408442,-14.352500402214062,-3.690169014084495
104184387,53.798747488301565,-30.012239436619623,-14.59867081089778,-3.7038098591549176
104184388,53.78429859002578,-30.015901408450603,-14.665955232719345,-3.6933732394366072
104184389,53.7694183813537,-30.019563380281596,-14.891099259583822,-3.728345070422523
104184390,53.75486165547885,-30.02322535211259,-14.700999202418076,-3.6560211267605514
104184391,53.739981446806766,-30.026978873239344,-14.923016228909436,-3.691725352112664
104184392,53.72531689333283,-30.030640845070337,-14.804298042330036,-3.7601126760563255
104184393,53.71054451225983,-30.03439436619709,-14.816266905827142,-3.7873943661971703
104184394,53.69609561398404,-30.038147887323845,-14.930779816042696,-3.843056338028157
104184395,53.681646715708254,-30.04180985915484,-14.542061321384441,-3.6959366197182977
104184396,53.66730564503155,-30.045380281690043,-14.841498564010232,-3.810373239436607
104184397,53.652425436359465,-30.049133802816797,-14.788016074870008,-3.821359154929565
104184398,53.63786871048461,-30.052887323943565,-14.602768259662552,-3.7828169014084385
104184399,53.62363546740697,-30.05645774647877,-14.51208524884214,-3.726788732394354
104184400,53.60897091393304,-30.060119718309764,-14.39735668342844,-3.6410070422535092
104184401,53.59462984325633,-30.06369014084497,-14.368998024872234,-3.654830985915481
104184402,53.58039660017869,-30.067260563380188,-14.145687067192,-3.554584507042242
104184403,53.565624219105686,-30.07092253521118,-14.272815806499098,-3.515309859154918
104184404,53.5511753208299,-30.074401408450612,-14.27971677283977,-3.4997464788732278
104184405,53.53704990535134,-30.07806338028159,-14.305811051815443,-3.6717676056337907
104184406,53.52260100707555,-30.081633802816796,-14.06481636788723,-3.6160140845070305
104184407,53.50836776399791,-30.085204225352015,-14.376114646411054,-3.666732394366185
104184408,53.4935953829249,-30.088957746478783,-14.521142767164275,-3.7217535211267485
104184409,53.47914648464912,-30.09252816901399,-14.41654999606344,-3.634049295774636
104184410,53.46469758637333,-30.096190140844968,-14.232380456846712,-3.626816901408439
104184411,53.45057217089477,-30.099760563380187,-14.166497793813093,-3.6441197183098475
104184412,53.43623110021805,-30.10333098591539,-14.452456586554757,-3.7083873239436502
104184413,53.421782201942264,-30.106809859154836,-14.342795918297488,-3.5686830985915377
104184414,53.406901993270196,-30.11056338028159,-14.248446769108593,-3.622239436619706
104184415,53.39234526739533,-30.11431690140836,-14.317348604916257,-3.628922535211256
104184416,53.37735723112418,-30.118070422535112,-14.458926242499135,-3.6366126760563264
104184417,53.36269267765025,-30.12164084507033,-14.3327679515837,-3.518514084507031
104184418,53.34781246897818,-30.12548591549286,-14.341825469905832,-3.5364577464788614
104184419,53.332393122310734,-30.129239436619628,-14.520172318772616,-3.646499999999988
104184420,53.31815987923309,-30.132626760563284,-14.325112192049513,-3.6378028169013965
104184421,53.302848360164724,-30.136380281690037,-14.437145067486387,-3.6485140845070303
104184422,53.28764466869542,-30.14022535211258,-15.119801597217709,-3.7695422535211147
104184423,53.27265663242427,-30.14388732394356,-15.007768721780835,-3.6770774647887206
104184424,53.25756076855405,-30.147549295774553,-15.04399879506937,-3.739147887323931
104184425,53.242680559881975,-30.151211267605532,-15.484798020079898,-3.7868450704225225
104184426,53.22747686841268,-30.1549647887323,-15.543132751178403,-3.840401408450692
104184427,53.212273176943384,-30.15844366197173,-15.57612799649475,-3.7733873239436493
104184428,53.197500795870376,-30.16201408450695,-15.613759828571233,-3.8166901408450578
104184429,53.1826205871983,-30.16549295774638,-15.1462193589906,-3.5675845070422416
104184430,53.16676993013456,-30.169338028168923,-15.333192415783223,-3.663711267605622
104184431,53.15210537666063,-30.172816901408353,-15.171990155169052,-3.587084507042242
104184432,53.137225167988554,-30.17657042253512,-15.076347074791277,-3.5562323943661855
104184433,53.12245278691555,-30.179957746478777,-14.897676743127276,-3.531239436619707
104184434,53.10735692304533,-30.183436619718208,-14.954394060239688,-3.4857394366197068
104184435,53.092153231576034,-30.187007042253427,-14.874925119722867,-3.41350704225351
104184436,53.077380850503026,-30.190394366197097,-14.927329332872358,-3.3332183098591437
104184437,53.06206933143466,-30.19414788732385,-14.978331787233898,-3.330838028169003
104184438,53.04740477796072,-30.197443661971732,-14.956550612221147,-3.301450704225341
104184439,53.032201086491426,-30.20101408450695,-14.98663451236252,-3.4071901408450596
104184440,53.01721305022028,-30.204492957746382,-14.892177535574552,-3.3362394366197075
104184441,53.00200935875098,-30.207880281690038,-15.177597190320848,-3.43950704225351
104184442,52.986805667281686,-30.21154225352103,-15.305265067623312,-3.4829929577464678
104184443,52.97181763101054,-30.214929577464687,-15.599310930295449,-3.654830985915481
104184444,52.95682959473939,-30.218408450704132,-15.524478576538769,-3.6414647887323826
104184445,52.941302420472866,-30.221795774647788,-15.764394984476251,-3.682661971830974
104184446,52.92631438420172,-30.225183098591458,-15.424198909400857,-3.6018239436619606
104184447,52.91111069273242,-30.22866197183089,-15.350444831634906,-3.612626760563369
104184448,52.89558351846591,-30.232232394366093,-15.564590443393936,-3.656478873239425
104184449,52.880271999397536,-30.235711267605538,-15.226335265101856,-3.5478098591549183
104184450,52.86496048032917,-30.239098591549208,-14.960001095391485,-3.4092042253521018
104184451,52.849864616458945,-30.24257746478864,-14.963235923363676,-3.2819507042253413
104184452,52.83466092498965,-30.245781690140745,-14.774429797386809,-3.221528169014074
104184453,52.819241578322206,-30.249352112675965,-15.217924712374161,-3.4017887323943548
104184454,52.80382223165476,-30.25255633802807,-15.366726799094934,-3.3471338028168907
104184455,52.788510712586394,-30.256035211267516,-15.216630781185284,-3.3291901408450597
104184456,52.77309136591895,-30.259330985915398,-15.2185716779686,-3.2075211267605526
104184457,52.75799550204873,-30.262718309859054,-15.130476529525938,-3.2457887323943555
104184458,52.74246832778221,-30.26601408450695,-15.443500049634928,-3.435478873239425
104184459,52.72726463631291,-30.269401408450605,-15.442421773644199,-3.5033169014084393
104184460,52.71195311724455,-30.2726971830985,-15.369530316670833,-3.4383169014084394
104184461,52.69685725337432,-30.276084507042157,-15.323272276668506,-3.4809788732394256
104184462,52.68165356190502,-30.279288732394264,-15.203907124494666,-3.4915985915492844
104184463,52.66612638763851,-30.282492957746385,-15.493963366001102,-3.4853732394366084
104184464,52.65124617896643,-30.285788732394266,-15.22072822995006,-3.486563380281679
104184465,52.63615031509621,-30.288992957746387,-14.961295026580359,-3.3165563380281586
104184466,52.62073096842877,-30.292197183098494,-15.13877925465456,-3.4380422535211155
104184467,52.60574293215762,-30.29530985915484,-15.071494832832993,-3.295866197183088
104184468,52.59032358549017,-30.298605633802723,-15.109989285702063,-3.2968732394366094
104184469,52.57479641122366,-30.301901408450604,-15.618180760133228,-3.368098591549285
104184470,52.55970054735343,-30.305014084506936,-15.553160717892196,-3.264373239436609
104184471,52.5438498902897,-30.308309859154832,-15.648264660274602,-3.2621760563380175
104184472,52.52843054362226,-30.311605633802728,-15.829522854316357,-3.3261690140844964
104184473,52.51257988655853,-30.31490140845061,-15.80073288536386,-3.270415492957736
104184474,52.49759185028737,-30.31801408450694,-15.496766883577004,-3.2364507042253416
104184475,52.48217250361993,-30.32085211267595,-15.53979009560714,-3.10699999999999
104184476,52.466753156952485,-30.324147887323846,-15.566746995375395,-3.1425211267605535
104184477,52.4511181550869,-30.32726056338018,-15.517901092995315,-3.1544225352112574
104184478,52.435806636018526,-30.3304647887323,-15.527174266515594,-3.2196971830985808
104184479,52.42006380655387,-30.33376056338018,-15.78574484909271,-3.2453309859154826
104184480,52.40475228748549,-30.33678169014074,-15.642657625122807,-3.215211267605623
104184481,52.38965642361528,-30.339711267605537,-15.448891429588581,-3.139957746478863
104184482,52.37466838734412,-30.34282394366187,-15.551111993509807,-3.1889366197183
104184483,52.35924904067668,-30.345845070422442,-15.180832018293039,-3.0897887323943563
104184484,52.34415317680646,-30.34868309859145,-15.148807221368351,-3.028450704225342
104184485,52.329272968134376,-30.351795774647798,-15.086267213905998,-3.0860352112675957
104184486,52.31385362146693,-30.354633802816807,-15.220620402350987,-3.046119718309849
104184487,52.29875775759671,-30.357654929577365,-15.22903095507868,-3.028542253521117
104184488,52.28376972132556,-30.360584507042162,-15.234637990230478,-3.0208521126760464
104184489,52.26856602985627,-30.36342253521117,-15.116890252042735,-2.9421197183098493
104184490,52.2532545107879,-30.36626056338018,-15.14169059982953,-2.8624718309859065
104184491,52.238158646917675,-30.369190140844978,-14.990624133528224,-2.868971830985906
104184492,52.22317061064652,-30.37211971830976,-14.9495418182814,-2.8696126760563283
104184493,52.20829040197445,-30.37495774647877,-14.976606545648728,-2.8590845070422444
104184494,52.19308671050515,-30.377978873239343,-15.0846497999199,-2.912457746478864
104184495,52.17777519143678,-30.380633802816803,-15.123036425189897,-2.8709859154929482
104184496,52.16246367236841,-30.383471830985812,-15.049821485419315,-2.8538661971830894
104184497,52.14704432570097,-30.386492957746384,-15.28175865102539,-2.9330563380281593
104184498,52.13151715143445,-30.389514084506942,-15.373412110237462,-2.8878309859154836
104184499,52.1165291151633,-30.392260563380177,-15.199486192932673,-2.8625633802816806
104184500,52.10110976849586,-30.395190140844974,-15.25674264804045,-2.895795774647878
104184501,52.085906077026564,-30.398028169013983,-15.16692225801262,-2.905774647887314
104184502,52.07048673035912,-30.400866197183007,-15.17695022472641,-2.8823380281690048
104184503,52.05517521129075,-30.40361267605624,-15.171127534376467,-2.8606408450704133
104184504,52.03943238182609,-30.406633802816813,-15.247792957317388,-2.875471830985906
104184505,52.024013035158646,-30.409471830985822,-15.247038164123877,-2.7762323943661884
104184506,52.00848586089213,-30.41230985915483,-15.358855384362604,-2.7533450704225264
104184507,51.993066514224694,-30.41496478873229,-15.330281070608251,-2.747211267605625
104184508,51.97721585716096,-30.417802816901315,-15.478544019333663,-2.789323943661963
104184509,51.961257372498146,-30.42054929577455,-15.56620785738003,-2.7116901408450618
104184510,51.94594585342978,-30.423295774647798,-15.636295796777498,-2.738330985915484
104184511,51.93009519636604,-30.426042253521032,-15.834051613477426,-2.75755633802816
104184512,51.91456802209953,-30.428971830985816,-15.645137659901485,-2.770464788732385
104184513,51.89904084783301,-30.4315352112675,-15.729027531980298,-2.6680211267605545
104184514,51.88297453557113,-30.434373239436525,-15.978001458239914,-2.7630492957746386
104184515,51.867231706106466,-30.437119718309773,-16.03029784379033,-2.7010704225352025
104184516,51.851920187038104,-30.439591549295685,-15.906835242851718,-2.65886619718309
104184517,51.83585387477622,-30.442521126760468,-16.004527047611877,-2.6658239436619633
104184518,51.82021887291063,-30.44499295774638,-15.619151208524887,-2.542232394366189
104184519,51.804260388247826,-30.447739436619614,-15.799223298976836,-2.613915492957738
104184520,51.788301903585015,-30.450211267605525,-15.9037082424786,-2.504788732394358
104184521,51.77320603971479,-30.452866197183,-15.850872718932816,-2.5834295774647806
104184522,51.757031899853835,-30.4554295774647,-16.14836906477529,-2.669943661971822
104184523,51.74128907038917,-30.45790140845061,-16.100385783187797,-2.6704929577464704
104184524,51.724899275330074,-30.460647887323844,-16.085074264119427,-2.6758943661971744
104184525,51.7084016526719,-30.463302816901304,-16.050353777217914,-2.66536619718309
104184526,51.69179620241465,-30.465866197183004,-16.218780486969976,-2.564570422535203
104184527,51.67475944176112,-30.468704225352013,-16.380845368376733,-2.611077464788724
104184528,51.65836964670201,-30.471267605633713,-16.426025132388332,-2.5698802816901325
104184529,51.64176419644477,-30.473922535211173,-16.48047806992021,-2.5956056338028084
104184530,51.625482228984744,-30.476394366197084,-16.215437831398713,-2.510007042253513
104184531,51.60866112352936,-30.47895774647877,-16.429259960360522,-2.5639295774647803
104184532,51.59194784567303,-30.481429577464695,-16.47541017276378,-2.5745492957746396
104184533,51.57534239541579,-30.484084507042155,-16.53040224829102,-2.6149225352112593
104184534,51.55873694515854,-30.486373239436517,-16.43842530628173,-2.4951760563380203
104184535,51.54277846049574,-30.488661971830894,-16.17608075773706,-2.402161971830978
104184536,51.52649649303571,-30.490950704225256,-16.107071094330326,-2.4033521126760484
104184537,51.50956755998124,-30.493605633802716,-16.261048905806604,-2.4487605633802736
104184538,51.493177764922144,-30.495802816901318,-16.113109439878414,-2.378450704225344
104184539,51.477219280259334,-30.498183098591454,-16.235817247623515,-2.395936619718302
104184540,51.46115296799746,-30.50010563380272,-16.280781356436968,-2.3158309859154853
104184541,51.44476317293835,-30.50248591549287,-16.26417590617972,-2.3701197183098515
104184542,51.42848120547833,-30.504683098591443,-16.415242372481032,-2.3029225352112603
104184543,51.41209141041923,-30.50697183098582,-16.367798228888898,-2.273352112676049
104184544,51.39667206375179,-30.508985915492858,-15.854323202103153,-2.158457746478866
104184545,51.379850958296394,-30.511183098591445,-16.214359555407984,-2.2509225352112603
104184546,51.3634611632373,-30.513380281690047,-16.54787031934085,-2.3596830985915416
104184547,51.346963540579125,-30.515394366197086,-16.623888776687334,-2.305943661971823
104184548,51.33057374552003,-30.517591549295673,-16.783042312919118,-2.3495211267605556
104184549,51.31418395046092,-30.5196971830985,-16.55649652726669,-2.296239436619711
104184550,51.29768632780275,-30.52161971830975,-16.529539627498433,-2.222450704225345
104184551,51.28086522234736,-30.523908450704127,-16.431524339941056,-2.229225352112669
104184552,51.264259772090114,-30.52610563380273,-16.583453427034947,-2.2548591549295702
104184553,51.24743866663472,-30.528119718309767,-16.606420705637504,-2.1745704225352043
104184554,51.230833216377476,-30.530133802816806,-16.614292120369832,-2.172830985915486
104184555,51.213688628124864,-30.53223943661962,-16.53180400707897,-2.1368521126760496
104184556,51.1967596950704,-30.534345070422432,-16.845797975579618,-2.21585915492957
104184557,51.1803699000113,-30.53626760563371,-16.75684020634437,-2.1740211267605565
104184558,51.1639801049522,-30.538190140844975,-16.485653794675713,-2.0640704225352047
104184559,51.14737465469496,-30.54011267605624,-16.69764285445328,-2.106549295774641
104184560,51.130445721640484,-30.542035211267518,-17.071804623236677,-2.098492957746472
104184561,51.11373244378417,-30.543957746478767,-17.067599346872832,-2.0250704225352045
104184562,51.09712699352693,-30.54578873239427,-16.93206005483804,-1.9749929577464722
104184563,51.08073719846782,-30.547436619718212,-16.707347338369853,-1.793267605633797
104184564,51.06348478261614,-30.54945070422525,-17.091644901466115,-1.9321478873239373
104184565,51.04752629795333,-30.55109859154919,-16.992227855120788,-1.9131971830985852
104184566,51.03048953729979,-30.55302112676047,-16.80158865995968,-1.8301619718309798
104184567,51.01431539743884,-30.55466901408441,-16.460637791690772,-1.7317464788732337
104184568,50.99803342997882,-30.55631690140835,-16.39453947345901,-1.753260563380276
104184569,50.98185929011785,-30.558056338028067,-16.416104993273613,-1.7867676056337969
104184570,50.965253839860615,-30.55970422535202,-16.67327381706278,-1.735591549295769
104184571,50.9485405620043,-30.561443661971737,-16.702818579208788,-1.719753521126755
104184572,50.93193511174705,-30.563183098591452,-16.529970937894728,-1.6910070422535157
104184573,50.915545316687954,-30.564830985915393,-16.517786419199474,-1.6703169014084454
104184574,50.899047694029775,-30.566387323943573,-16.72923634098168,-1.6834999999999944
104184575,50.88244224377253,-30.5680352112675,-16.907798845046607,-1.7373309859154873
104184576,50.865836793515285,-30.56977464788723,-16.66055016037216,-1.6996126760563326
104184577,50.849662653654335,-30.571147887323846,-16.35755460697696,-1.4831901408450656
104184578,50.83327285859523,-30.572521126760464,-16.30299384184601,-1.426246478873235
104184579,50.816451753139845,-30.574535211267516,-16.09661181722024,-1.5525845070422484
104184580,50.799630647684445,-30.575816901408345,-16.382139299565612,-1.4980211267605583
104184581,50.78280954222906,-30.577464788732286,-16.451580273368638,-1.5588098591549246
104184582,50.766096264372734,-30.579204225352015,-16.54582159495846,-1.5984507042253469
104184583,50.74949081411549,-30.580577464788632,-16.70324988960508,-1.5800492957746428
104184584,50.73256188106103,-30.5821338028168,-16.796520762803244,-1.5679647887323893
104184585,50.716279913601,-30.58369014084498,-16.79177634844403,-1.5892042253521075
104184586,50.69891967015025,-30.58524647887313,-16.8590607702656,-1.5422394366197132
104184587,50.68252987509115,-30.58680281690131,-16.602323256872726,-1.4841971830985867
104184588,50.66667921802741,-30.588084507042154,-16.524903040738295,-1.4301830985915447
104184589,50.64985811257202,-30.58964084507032,-16.503768831319984,-1.4666197183098544
104184590,50.63357614511199,-30.591105633802727,-16.32628460324578,-1.4588380281690094
104184591,50.616755039656596,-30.59257042253512,-16.592618772956154,-1.4462957746478826
104184592,50.600580899795645,-30.593577464788638,-15.997733908870277,-1.2620985915492917
104184593,50.584083277137466,-30.594950704225255,-16.404567440172798,-1.3497112676056293
104184594,50.5675856544793,-30.596323943661872,-16.518864695190207,-1.3408309859154885
104184595,50.55184282501463,-30.597422535211166,-16.5068958316931,-1.345683098591545
104184596,50.53491389196017,-30.598978873239346,-16.620114810719777,-1.4044577464788688
104184597,50.51949454529273,-30.59989436619709,-16.128960096942148,-1.2342676056337987
104184598,50.50332040543177,-30.60108450704216,-16.224818832518068,-1.2436971830985875
104184599,50.487254093169895,-30.602457746478777,-16.351300606230726,-1.2906619718309817
104184600,50.47129560850709,-30.60355633802807,-16.36359295252505,-1.2496478873239396
104184601,50.45522929624521,-30.60474647887314,-16.446835859009425,-1.2464436619718269
104184602,50.43937863918147,-30.605845070422433,-16.093700472045267,-1.1888591549295735
104184603,50.42309667172144,-30.606943661971727,-16.309571325389467,-1.1490352112676019
104184604,50.40692253186049,-30.60813380281681,-16.17176765377414,-1.1421690140845033
104184605,50.39053273680139,-30.609323943661877,-16.212957796620035,-1.160204225352109
104184606,50.374250769341366,-30.610330985915397,-16.310002635785757,-1.1611197183098554
104184607,50.358292284678555,-30.611521126760465,-16.032238740573646,-1.1034436619718273
104184608,50.34233380001575,-30.612528169013984,-15.943927936932837,-1.1064647887323906
104184609,50.32669879815016,-30.613718309859053,-15.973364871479772,-1.1281619718309823
104184610,50.31052465828921,-30.614725352112572,-16.111384198293244,-1.1263309859154893
104184611,50.29445834602733,-30.615549295774557,-16.062214813115947,-1.065633802816898
104184612,50.278176378567295,-30.6168309859154,-16.168856308599167,-1.1514154929577427
104184613,50.26275703189985,-30.617746478873144,-16.237542489208685,-1.1359436619718273
104184614,50.24690637483612,-30.61866197183089,-16.06814533106496,-1.0326760563380248
104184615,50.231055717772385,-30.61966901408441,-15.977570147843622,-0.9787535211267575
104184616,50.215744198704016,-30.62049295774638,-15.627669588851656,-0.8881197183098563
104184617,50.200432679635654,-30.62122535211259,-15.33017324300918,-0.8260492957746451
104184618,50.184797677770064,-30.62214084507032,-15.485121502877115,-0.9050563380281661
104184620,50.154713777628686,-30.623605633802725,-15.019521930079794,-0.6899154929577442
104184621,50.13918660336217,-30.62433802816892,-15.224933506313906,-0.7533591549295751
104184622,50.124198567091014,-30.624887323943568,-15.200780124121549,-0.6976056338028146
104184623,50.108347910027284,-30.625985915492862,-15.259007027620983,-0.7585774647887299
104184624,50.09335987375613,-30.626626760563283,-15.068906970455242,-0.7127112676056315
104184625,50.07794052708869,-30.627450704225254,-15.112361492881668,-0.7236971830985892
104184626,50.06284466321847,-30.6279999999999,-15.05607548616555,-0.670232394366195
104184627,50.04774879934824,-30.628732394366097,-15.05003714061746,-0.6407535211267584
104184628,50.032545107878946,-30.629464788732292,-14.943179989936095,-0.6569577464788711
104184629,50.0175570716078,-30.62983098591539,-15.133387874700908,-0.5894859154929558
104184630,50.00256903533665,-30.63065492957736,-15.059741624534034,-0.6660211267605612
104184631,49.98736534386735,-30.631112676056247,-15.337182036948926,-0.6504577464788711
104184632,49.97248513519527,-30.63166197183088,-15.157217774096047,-0.6515563380281669
104184633,49.95685013332968,-30.63239436619709,-15.442637428842346,-0.60788732394366
104184634,49.94229340745483,-30.632943661971737,-14.907596882241993,-0.4564647887323929
104184635,49.927413198782745,-30.63330985915482,-14.605463949639377,-0.3772746478873227
104184636,49.912964300506964,-30.633676056337933,-14.47003248520366,-0.41444366197182964
104184637,49.898515402231176,-30.633950704225256,-14.528798526698457,-0.3624436619718298
104184638,49.88374302115817,-30.63440845070413,-14.657436852392577,-0.410964788732393
104184639,49.86940195048146,-30.634774647887227,-14.926466712079772,-0.4183802816901395
104184640,49.854845224606606,-30.63504929577455,-14.782948177713576,-0.33900704225352
104184641,49.84071980912803,-30.635323943661874,-14.524808905532755,-0.3100774647887314
104184642,49.82681004884762,-30.635323943661874,-14.437792033080823,-0.19765492957746414
104184643,49.8124689781709,-30.63587323943652,-14.43369458431605,-0.29268309859154834
104184644,49.79834356269234,-30.635964788732295,-14.340962849113248,-0.30385211267605533
104184645,49.783786836817484,-30.636330985915393,-14.412452547298663,-0.2897535211267596
104184646,49.770092731735204,-30.636514084506942,-13.918063005548843,-0.2450774647887316
104184647,49.75639862665293,-30.636514084506942,-14.064385057490938,-0.15490140845070371
104184648,49.7421653835753,-30.63669718309849,-14.09576288882119,-0.1698239436619713
104184649,49.727824312898576,-30.636971830985814,-14.16779172500197,-0.17339436619718254
104184650,49.714130207816304,-30.636971830985814,-14.175770967333374,-0.10180281690140812
104184651,49.69957348194144,-30.637246478873138,-14.233566560436516,-0.1044577464788729
104184652,49.68544806646288,-30.637521126760475,-14.288989946360049,-0.23390845070422459
104184653,49.6717539613806,-30.637612676056236,-14.08077485255004,-0.17549999999999943
104184654,49.65773637350111,-30.637795774647785,-14.055543194366951,-0.17165492957746423
104184655,49.643826613220696,-30.637887323943573,-13.994620600890693,-0.11443661971830948
104184656,49.6298090253412,-30.638070422535108,-13.896497485734239,-0.11910563380281652
104184657,49.615899265060776,-30.638161971830897,-13.811529337664696,-0.13476056338028125
104184658,49.60188167718128,-30.638070422535108,-13.777671471555765,-0.021422535211267534
104184659,49.587540606504575,-30.638253521126657,-13.741872708663522,-0.0324999999999999
104184660,49.57341519102601,-30.63834507042243,-14.065786816278889,-0.02279577464788725
104184661,49.559074120349294,-30.638528169013995,-14.009069499166477,-0.081570422535211
104184662,49.545487842866095,-30.638528169013995,-13.685694529546476,-0.0041197183098591415
104184663,49.53136242738753,-30.63880281690132,-13.80807885449436,-0.08916901408450675
104184664,49.517344839508034,-30.63880281690132,-13.82845827071916,0.023345070422535138
104184665,49.50300376883132,-30.638894366197093,-13.796972611789839,-0.039640845070422405
104184666,49.48898618095183,-30.638894366197093,-13.933482352216286,-0.021056338028168947
104184667,49.475292075869554,-30.639077464788627,-13.866413585592865,-0.02233802816901401
104184668,49.46170579838635,-30.639169014084416,-13.796756956591691,-0.09923943661971797
104184669,49.447903865705,-30.638985915492853,-13.647415731875553,-0.05950704225352093
104184670,49.43453324341995,-30.638985915492853,-13.469715848603206,-0.003204225352112665
104184671,49.42105479353582,-30.638985915492853,-13.475322883755004,0.011901408450704186
104184672,49.40660589526004,-30.638985915492853,-13.763977366473492,0.017760563380281633
104184673,49.39312744537591,-30.638985915492853,-13.830183512304327,-0.003204225352112665
104184674,49.37975682309086,-30.638894366197093,-13.732383879945095,-0.024901408450704144
104184675,49.36617054560765,-30.63880281690132,-14.008314705972966,-0.05163380281690125
104184676,49.35247644052538,-30.638985915492853,-13.977691667836226,-0.06628169014084485
104184677,49.33910581824033,-30.638894366197093,-13.814332855240595,0.004760563380281674
104184678,49.32541171315805,-30.63880281690132,-13.827379994728428,0.0007323943661971807
104184679,49.31236457367021,-30.63871126760553,-13.405450599555683,0.06600704225352091
104184680,49.29910177898424,-30.638528169013995,-13.348517627245126,0.06060563380281671
104184681,49.28594681189732,-30.638436619718206,-13.502387611122332,-0.05575352112676038
104184682,49.27182139641876,-30.638436619718206,-13.48481171247343,0.05959859154929558
104184683,49.2584507741337,-30.638436619718206,-13.622615384088757,-0.004211267605633789
104184684,49.24464884145235,-30.638436619718206,-13.741441398267229,-0.03350704225352102
104184685,49.23095473637008,-30.638436619718206,-13.921405661120108,-0.09072535211267575
104184686,49.21758411408503,-30.63834507042243,-13.814225027641521,-0.06857042253521105
104184687,49.2036743538046,-30.63834507042243,-13.583473965625247,-0.035429577464788614
104184688,49.19041155911862,-30.637978873239334,-13.438769327669249,0.03222535211267595
104184689,49.17747224722986,-30.637887323943573,-13.120462255205679,0.10125352112676024
104184690,49.16356248694944,-30.637887323943573,-13.146233051384131,0.007873239436619692
104184691,49.15051534746161,-30.63770422535201,-13.12908846313152,0.03643661971830974
104184692,49.137036897577474,-30.63770422535201,-12.902650505078169,0.1310070422535207
104184693,49.12420541328778,-30.637154929577378,-12.826955530528904,0.2843521126760554
104184694,49.11115827379995,-30.636971830985814,-12.724950621805823,0.321338028169013
104184695,49.097679823915826,-30.636971830985814,-13.050913453803577,0.17916197183098534
104184696,49.08527965002242,-30.636514084506942,-12.973385410070073,0.2406830985915485
104184697,49.07277164852995,-30.636147887323844,-12.940713647550945,0.3432183098591538
104184698,49.05972450904211,-30.635781690140746,-13.192922401782752,0.265767605633802
104184699,49.0470008523515,-30.63569014084497,-12.915158506570638,0.19289436619718248
104184700,49.034600678458105,-30.6352323943661,-12.380117959970288,0.3205140845070412
104184701,49.02220050456471,-30.634774647887227,-12.421631585613403,0.33653521126760455
104184702,49.010123813468525,-30.634133802816805,-12.337526058336445,0.39457746478873107
104184703,48.99750798437698,-30.633767605633707,-12.525038253124434,0.3531056338028158
104184704,48.98532346568173,-30.63330985915482,-12.544662876155725,0.31035211267605534
104184705,48.97281546418926,-30.632852112675963,-12.281240051620324,0.3969577464788719
104184706,48.960415290295856,-30.632485915492865,-12.41473061927273,0.3564929577464777
104184707,48.948230771600606,-30.63175352112667,-12.34237830029473,0.5435281690140827
104184708,48.936046252905356,-30.631295774647782,-12.289327121550802,0.5479225352112658
104184709,48.92396956180917,-30.630563380281586,-12.195301455159125,0.5953450704225333
104184710,48.912108525911144,-30.630014084506954,-12.018248537481217,0.6274788732394345
104184711,48.89927704162145,-30.62964788732384,-12.249538737492855,0.532816901408449
104184712,48.887200350525276,-30.629098591549194,-12.102569719956323,0.5623873239436601
104184713,48.87458452143373,-30.628640845070322,-12.337094747940153,0.48219014084506884
104184714,48.862184347540335,-30.628091549295675,-12.25967453180572,0.4882323943661956
104184715,48.849676346047865,-30.627542253521028,-12.472418384776798,0.45966901408450556
104184716,48.837168344555394,-30.627084507042156,-12.660146234762935,0.41801408450704086
104184717,48.82541513625643,-30.62635211267596,-12.321998884069929,0.49180281690140687
104184718,48.81312278996211,-30.625802816901313,-12.259243221409427,0.5526830985915475
104184719,48.801046098865925,-30.62516197183089,-12.128663998931994,0.6035845070422515
104184720,48.78843026977438,-30.624521126760456,-12.16877586578716,0.6191478873239417
104184721,48.776353578678204,-30.623880281690035,-12.097393995200818,0.6286690140845049
104184722,48.76470819797832,-30.62314788732384,-12.099874029979496,0.7591267605633779
104184723,48.752847162080286,-30.622598591549206,-12.15842441627615,0.7299225352112652
104184724,48.7407704709841,-30.621957746478785,-12.134486689281937,0.6376408450704204
104184725,48.72934074548237,-30.62122535211259,-12.110548962287726,0.5860985915492939
104184726,48.71737188198526,-30.62049295774638,-12.078524165363039,0.5791408450704206
104184727,48.70594215648352,-30.619760563380183,-11.686894325529812,0.6998028169014061
104184728,48.69397329298641,-30.61911971830976,-11.737357641895988,0.718021126760561
104184729,48.682435739885605,-30.618570422535115,-11.763236265673513,0.6137464788732374
104184730,48.670790359185716,-30.61783802816892,-11.813807409638763,0.6144788732394346
104184731,48.65914497848583,-30.61701408450695,-11.797201959381516,0.6933943661971809
104184732,48.64760742538502,-30.616190140844978,-11.769274611221602,0.7125281690140822
104184733,48.636393355081424,-30.615457746478782,-11.656271287393073,0.730746478873237
104184734,48.624424491584314,-30.614908450704135,-11.959159013189199,0.6495422535211246
104184735,48.61267128328535,-30.61417605633794,-11.94492577011156,0.659338028169012
104184736,48.60124155778361,-30.613443661971743,-12.055880369557704,0.5780422535211249
104184737,48.589811832281875,-30.612711267605533,-11.898667730109233,0.5701690140845052
104184738,48.57816645158199,-30.611978873239337,-11.778547784741882,0.6088943661971811
104184739,48.56641324328303,-30.611521126760465,-11.656594770190292,0.590218309859153
104184740,48.555414828177575,-30.610697183098495,-11.357265355163575,0.7877816901408425
104184741,48.543553792279546,-30.610239436619622,-11.588232072377993,0.7020915492957723
104184742,48.532447549575025,-30.609415492957652,-11.491618543608563,0.7626056338028144
104184743,48.52069434127607,-30.60877464788723,-11.483423646079013,0.6386478873239416
104184744,48.508617650179886,-30.608316901408358,-11.649370321052398,0.470471830985914
104184745,48.497187924678144,-30.607676056337937,-11.666407081705936,0.4560070422535197
104184746,48.485650371577336,-30.607035211267515,-11.602573143054707,0.49738732394366036
104184747,48.473465852882086,-30.606485915492854,-11.93921090736069,0.5184436619718292
104184748,48.462036127380344,-30.605845070422433,-11.701882361800962,0.5904014084507023
104184749,48.45017509148231,-30.605478873239335,-11.73994550427374,0.5398661971830969
104184750,48.438421883183345,-30.604929577464688,-11.786095716676995,0.4820985915492942
104184751,48.42720781287975,-30.604288732394267,-11.62273690408136,0.50526056338028
104184752,48.415670259778935,-30.603830985915394,-11.839146895420923,0.4019014084507029
104184753,48.40359356868276,-30.60337323943652,-12.005093570394308,0.382401408450703
104184754,48.39194818798288,-30.602823943661875,-11.981048015801024,0.3809366197183086
104184755,48.38030280728299,-30.602457746478777,-11.849067034535642,0.44602816901408304
104184756,48.36908873697939,-30.60172535211258,-11.700264947814865,0.5820704225352094
104184757,48.35679639068507,-30.601450704225257,-11.847018310153253,0.5565281690140828
104184758,48.34569014798055,-30.600809859154822,-11.87181865794005,0.6972394366197161
104184759,48.33436825007787,-30.600443661971724,-11.879474417474235,0.6242746478873219
104184760,48.32261504177892,-30.600077464788626,-11.55599162025516,0.5718169014084489
104184761,48.31161662667347,-30.599528169013993,-11.170939263965387,0.5440774647887306
104184762,48.30018690117173,-30.599070422535107,-10.931238511226052,0.6058732394366177
104184763,48.288757175669986,-30.59852112676046,-11.122848154778817,0.47697183098591395
104184764,48.277974415762685,-30.598154929577362,-10.99528810507543,0.4585704225352098
104184765,48.26643686266188,-30.598063380281587,-10.995503760273575,0.3757183098591537
104184766,48.25522279235828,-30.59751408450694,-11.014697072908575,0.4041901408450691
104184767,48.24357741165839,-30.59751408450694,-11.14398236419713,0.20754225352112607
104184768,48.23290247935016,-30.596964788732294,-10.990651518315289,0.2396760563380274
104184769,48.22136492624935,-30.596873239436533,-11.367616804674585,0.13164788732394322
104184770,48.20993520074761,-30.596415492957647,-11.725173123200735,0.16213380281690087
104184771,48.19915244084031,-30.59604929577455,-11.464985126637526,0.19335211267605573
104184772,48.187614887739485,-30.595774647887225,-11.424765432183289,0.24764084507042172
104184773,48.176292989836824,-30.5954999999999,-11.28297213940226,0.2389436619718302
104184774,48.165510229929524,-30.59522535211258,-11.131150879907441,0.19838732394366135
104184775,48.15418833202685,-30.595133802816804,-11.231107064248135,0.044492957746478726
104184776,48.14340557211955,-30.594767605633706,-11.278874690637485,0.047056338028168866
104184777,48.13219150181595,-30.594584507042157,-11.142688433008255,0.09292253521126731
104184778,48.121193086710505,-30.594401408450608,-11.016206659295596,0.20552816901408383
104184779,48.109871188807844,-30.594126760563285,-11.210835475622407,0.20919014084506976
104184780,48.09898060130146,-30.593943661971736,-10.986446241951441,0.2137676056338021
104184781,48.08776653099787,-30.59385211267596,-10.911290405397542,0.18447183098591488
104184782,48.07709159868964,-30.593577464788638,-10.642476200908492,0.2610070422535203
104184783,48.0656618731879,-30.593669014084412,-11.188407335015215,0.11800704225352074
104184784,48.0548791132806,-30.593394366197074,-10.794405288002384,0.21404225352112605
104184785,48.04355721537793,-30.593394366197074,-10.716769416669806,0.22438732394366126
104184786,48.032882283069696,-30.593394366197074,-10.55222450048437,0.18264084507042191
104184787,48.02188386796425,-30.593119718309765,-10.530551153070691,0.19957746478873176
104184788,48.01077762525973,-30.592936619718216,-10.650994581235262,0.3065070422535201
104184789,47.99999486535243,-30.59284507042244,-10.504780356892239,0.3642746478873227
104184790,47.98942776064327,-30.59266197183088,-10.269500535714899,0.38853521126760443
104184791,47.97842934553782,-30.592753521126667,-10.684205481749752,0.20012676056337964
104184792,47.96753875803145,-30.59266197183088,-10.804648909914322,0.22228169014084434
104184793,47.956540342926,-30.59284507042244,-10.760008283898088,0.15288732394366147
104184794,47.946188893414984,-30.59257042253512,-10.8698846073535,0.20269014084506976
104184795,47.93540613350768,-30.59266197183088,-10.733267039327979,0.13558450704225308
104184796,47.92483902879853,-30.592753521126667,-10.670619204266552,0.006225352112676036
104184797,47.91405626889123,-30.592753521126667,-10.875815125302516,-0.08413380281690114
104184798,47.903381336582996,-30.592936619718216,-10.705339691168065,-0.14373239436619673
104184799,47.892922059472916,-30.592936619718216,-10.529796359877182,-0.2321690140845063
104184800,47.88192364436746,-30.59321126760554,-10.572496089110098,-0.2881971830985906
104184801,47.8717878500546,-30.59321126760554,-10.54898967251218,-0.308612676056337
104184802,47.86122074534544,-30.593394366197074,-10.686038550933993,-0.46351408450704074
104184803,47.851084951032576,-30.593302816901314,-10.584141469809985,-0.3034859154929567
104184804,47.84041001872435,-30.593485915492863,-10.768095353828565,-0.3561267605633791
104184805,47.82995074161427,-30.593577464788638,-10.493350631390499,-0.23674647887323869
104184806,47.81938363690511,-30.593760563380187,-10.306377574597873,-0.20040140845070356
104184807,47.80892435979503,-30.593943661971736,-10.206529217856252,-0.08166197183098566
104184808,47.798249427486795,-30.594492957746382,-10.42962452033834,-0.2460845070422527
104184809,47.78735883998042,-30.594584507042157,-10.40999989730705,-0.1744929577464783
104184810,47.77700739046941,-30.594950704225255,-10.298937470261833,-0.24745774647887245
104184811,47.76611680296304,-30.595316901408353,-10.477823457123982,-0.29204225352112584
104184812,47.75598100865017,-30.595591549295676,-10.35867396014829,-0.2729999999999991
104184813,47.74487476594565,-30.59604929577455,-10.511681323232912,-0.22264788732394294
104184814,47.73452331643464,-30.596232394366098,-10.446122142996513,-0.26769014084506954
104184815,47.72406403932456,-30.59669014084497,-10.383042997538794,-0.26823943661971744
104184816,47.71328127941726,-30.597056338028068,-10.47167728397682,-0.31904929577464686
104184817,47.70292982990624,-30.59733098591539,-10.355331304577026,-0.3525563380281678
104184818,47.692686207994306,-30.597788732394264,-10.19078638839159,-0.23628873239436543
104184819,47.681579965289785,-30.598154929577362,-10.87408988371735,-0.44740140845070275
104184820,47.67155199857599,-30.59852112676046,-10.59071895335344,-0.38945070422535083
104184821,47.661092721465906,-30.598795774647783,-10.576917020672091,-0.4917112676056322
104184822,47.65009430636046,-30.59925352112667,-10.70620231196065,-0.5172535211267588
104184823,47.63974285684945,-30.599619718309768,-10.58683715978681,-0.5465492957746461
104184824,47.6291757521403,-30.6001690140844,-10.353929545789077,-0.4368732394366183
104184825,47.61882430262928,-30.600626760563287,-10.520738841555048,-0.4186549295774634
104184826,47.608257197920125,-30.60108450704216,-10.699193518020902,-0.5573521126760544
104184827,47.59833705880541,-30.601450704225257,-10.445367349803002,-0.5721830985915475
104184828,47.5879856092944,-30.60190845070413,-10.332148370776325,-0.48484507042253366
104184829,47.57774198738246,-30.602274647887228,-10.2571003618215,-0.5130422535211251
104184830,47.56728271027238,-30.602640845070326,-10.273921467276892,-0.48859859154929414
104184831,47.557146915959514,-30.603098591549198,-10.216341529371897,-0.5579014084507024
104184832,47.546364156052206,-30.603647887323845,-10.280714606018492,-0.6014788732394347
104184833,47.5360127065412,-30.604105633802718,-10.166848661397378,-0.5025140845070406
104184834,47.52609256742648,-30.604471830985815,-10.352419959402054,-0.5492042253521109
104184835,47.5156332903164,-30.604838028168913,-10.590503298155294,-0.5644014084507024
104184836,47.50506618560724,-30.605661971830898,-10.680647170980343,-0.7380704225352088
104184837,47.49460690849716,-30.60621126760553,-10.94331520232223,-0.7343169014084483
104184838,47.484147631387074,-30.606669014084417,-10.924553200083524,-0.7473169014084483
104184839,47.47411966467328,-30.607035211267515,-10.679676722588685,-0.6999859154929555
104184840,47.4636603875632,-30.60776760563371,-10.712348485107812,-0.7282746478873215
104184841,47.45276980005683,-30.608408450704133,-10.883902195232995,-0.734133802816899
104184842,47.44263400574396,-30.608957746478765,-10.681078481376636,-0.7541830985915469
104184843,47.43228255623295,-30.609507042253426,-10.629105578623436,-0.7093239436619695
104184844,47.421715451523795,-30.610147887323848,-10.549852293304763,-0.6497253521126739
104184845,47.41104051921556,-30.61060563380272,-10.550930569295494,-0.5913169014084488
104184846,47.40014993170919,-30.611338028168916,-10.55578281125378,-0.5698943661971813
104184847,47.38936717180189,-30.611887323943563,-10.361046167327896,-0.48173239436619564
104184848,47.37912354988995,-30.612528169013984,-10.285998158373072,-0.5047112676056321
104184849,47.36866427277987,-30.61326056338018,-10.16868173058162,-0.6519225352112654
104184850,47.358312823268854,-30.6139014084506,-10.136333450859713,-0.6483521126760542
104184851,47.34763789096063,-30.614542253521037,-10.475990387939742,-0.7615985915492933
104184852,47.33674730345425,-30.61518309859146,-10.433290658706824,-0.7589436619718286
104184853,47.32618019874509,-30.61573239436609,-10.467256352414825,-0.7107887323943639
104184854,47.315828749234086,-30.616281690140752,-10.35867396014829,-0.7076760563380259
104184855,47.304938161727705,-30.61701408450695,-10.568829950741616,-0.8188169014084481
104184856,47.29393974662226,-30.617746478873144,-10.66986441107304,-0.6358098591549275
104184857,47.28315698671496,-30.618204225352017,-10.587376297782175,-0.6106338028168994
104184858,47.27248205440672,-30.619028169013987,-10.583494504215547,-0.6998028169014061
104184859,47.26137581170221,-30.619577464788634,-10.73542359130944,-0.782197183098589
104184860,47.250700879393975,-30.620218309859055,-10.621665474287397,-0.7030985915492936
104184861,47.24002594708575,-30.620859154929477,-10.835487603249206,-0.6967816901408428
104184862,47.22924318717844,-30.621591549295687,-10.678921929395173,-0.6241830985915473
104184863,47.21846042727114,-30.62214084507032,-10.638702234940936,-0.5651338028168995
104184864,47.2070307017694,-30.622964788732304,-10.80497239271154,-0.6603450704225331
104184865,47.19570880386674,-30.623605633802725,-11.076050976781126,-0.6105422535211248
104184866,47.1850338715585,-30.624063380281598,-10.903095507867993,-0.6294014084507021
104184867,47.174358939250276,-30.624612676056245,-10.735962729304804,-0.6148450704225332
104184868,47.163252696545754,-30.625253521126666,-10.677412343008152,-0.6086197183098572
104184869,47.151930798643086,-30.625985915492862,-10.926386269267766,-0.6399295774647866
104184870,47.141363693933926,-30.62653521126751,-10.899213714301364,-0.6484436619718289
104184871,47.130041796031264,-30.62717605633793,-11.119074188811263,-0.6194225352112657
104184872,47.11904338092582,-30.62781690140835,-10.924337544885379,-0.6020281690140826
104184873,47.10772148302314,-30.628457746478773,-11.085000667504186,-0.6616267605633781
104184874,47.09693872311584,-30.62900704225342,-11.010168313747506,-0.5750211267605615
104184875,47.08529334241596,-30.629464788732292,-11.173203643545921,-0.5883873239436601
104184876,47.07461841010773,-30.63019718309849,-11.040683524285173,-0.6497253521126739
104184877,47.06308085700691,-30.63074647887315,-10.912368681388273,-0.5670563380281671
104184878,47.051651131505174,-30.63138732394357,-11.07518835598854,-0.5666901408450686
104184879,47.041730992390455,-30.631845070422443,-10.80777591028744,-0.5292464788732377
104184880,47.03019343928964,-30.63239436619709,-11.104948773332696,-0.5095633802816885
104184881,47.01854805858976,-30.63303521126751,-11.20813978564558,-0.5368450704225335
104184882,47.00733398828616,-30.63358450704216,-11.28297213940226,-0.5018732394366181
104184883,46.9955807799872,-30.634316901408354,-11.31003686676959,-0.6242746478873219
104184884,46.984043226886385,-30.634957746478776,-11.258387446813611,-0.6585140845070401
104184885,46.97261350138464,-30.635507042253423,-11.284266070591135,-0.5947957746478854
104184886,46.96086029308569,-30.63623943661962,-11.537660928412745,-0.6629084507042232
104184887,46.94889142958858,-30.636971830985814,-11.612816764966643,-0.6321478873239416
104184888,46.937138221289615,-30.637338028168912,-11.670504530470712,-0.6248239436619698
104184889,46.92516935779251,-30.637887323943573,-11.828040652716401,-0.591499999999998
104184890,46.91373963229077,-30.638436619718206,-11.727221847583122,-0.6308661971830966
104184891,46.90177076879367,-30.639077464788627,-11.906970455237856,-0.6980633802816879
104184892,46.89023321569286,-30.639443661971725,-11.802808994533313,-0.6093521126760543
104184893,46.8780486969976,-30.640176056337936,-11.60774886781021,-0.44831690140844926
104184894,46.86618766109957,-30.640725352112568,-11.80841602968511,-0.4792605633802801
104184895,46.85497359079598,-30.641091549295666,-11.595780004313104,-0.343950704225351
104184896,46.843436037695156,-30.641457746478764,-11.67190628925866,-0.4019929577464776
104184897,46.83189848459435,-30.6417323943661,-11.771215508004916,-0.32234507042253413
104184898,46.82025310389446,-30.6420985915492,-11.644841561891331,-0.35328873239436503
104184899,46.809146861189944,-30.642373239436523,-11.428215915353624,-0.244711267605633
104184900,46.79696234249469,-30.64292253521117,-11.553403757877406,-0.372514084507041
104184901,46.785856099790166,-30.643197183098493,-11.164469608021005,-0.23436619718309784
104184902,46.77410289149121,-30.64356338028159,-11.556854241047743,-0.3455985915492947
104184903,46.76267316598947,-30.643838028168915,-11.3599610451404,-0.326281690140844
104184904,46.75102778528958,-30.644295774647787,-11.803563787726825,-0.432021126760562
104184905,46.739490232188764,-30.644478873239336,-11.803132477330532,-0.4582042253521112
104184906,46.72784485148888,-30.644661971830885,-11.659074804968972,-0.3398309859154919
104184907,46.71663078118529,-30.644845070422434,-11.407081705935312,-0.25871830985915406
104184908,46.7049854004854,-30.645028169013983,-11.538415721606256,-0.2770281690140836
104184909,46.693016536988296,-30.64530281690132,-11.629530042822962,-0.2183450704225345
104184910,46.68169463908562,-30.645485915492856,-11.577880622866983,-0.2308873239436612
104184911,46.67026491358388,-30.64566901408442,-11.426814156565674,-0.14721126760563333
104184912,46.65840387768585,-30.645852112675954,-11.417864465842614,-0.1393380281690136
104184913,46.646866324585034,-30.646126760563277,-11.349070457634024,-0.12642957746478833
104184914,46.634681805889784,-30.64621830985905,-11.42487325978236,-0.21385915492957677
104184915,46.62292859759083,-30.6464014084506,-11.608827143800942,-0.18547887323943602
104184916,46.61074407889558,-30.646492957746375,-11.56634306976617,-0.0794647887323941
104184917,46.599206525794756,-30.646584507042164,-11.493128129995586,-0.05254929577464771
104184918,46.58734548989673,-30.646676056337938,-11.488491543235446,-0.05849999999999981
104184919,46.57526879880055,-30.646859154929473,-11.442988296426629,-0.031126760563380183
104184920,46.56319210770437,-30.646859154929473,-11.504557855497326,0.011535211267605596
104184921,46.55133107180634,-30.64695070422526,-11.74070029746725,-0.00457746478873238
104184922,46.53968569110645,-30.6467676056337,-11.836774688241317,0.1154436619718306
104184923,46.52847162080286,-30.6467676056337,-11.737896779891352,0.15233802816901357
104184924,46.516610584904825,-30.646676056337938,-11.45441802192837,0.2628380281690132
104184925,46.50474954900679,-30.646584507042164,-11.556962068646817,0.15224647887323894
104184926,46.49321199590598,-30.64630985915484,-11.565372621374513,0.23830281690140767
104184927,46.4811353048098,-30.64630985915484,-11.433175984910983,0.18547887323943602
104184928,46.46981340690713,-30.646126760563277,-11.28901048495035,0.21358450704225282
104184929,46.45827585380631,-30.645852112675954,-11.539062687200694,0.22283098591549222
104184930,46.446414817908284,-30.64557746478863,-11.638156250748803,0.20726760563380214
104184931,46.43433812681211,-30.645211267605532,-11.743395987444076,0.1544436619718305
104184932,46.42280057371129,-30.64475352112666,-11.486227163654911,0.19619014084506978
104184933,46.411478675808624,-30.644387323943562,-11.470268678992104,0.22475352112675984
104184934,46.40004895030688,-30.64392957746469,-11.44449788281365,0.28865492957746386
104184935,46.38851139720607,-30.64356338028159,-11.611199350980549,0.3207887323943652
104184936,46.376866016506185,-30.643197183098493,-11.470053023793957,0.36152816901408336
104184937,46.36435801501371,-30.64292253521117,-11.541650549578446,0.43586619718309716
104184938,46.3528204619129,-30.642190140844974,-11.38530053092256,0.5369366197183082
104184939,46.34149856401023,-30.641457746478764,-11.378723047379106,0.536204225352111
104184940,46.3296375281122,-30.640816901408357,-11.676219393221581,0.5091056338028153
104184941,46.31799214741231,-30.640084507042147,-11.767549369636434,0.593330985915491
104184942,46.305591973518915,-30.639535211267514,-12.009837984753522,0.5017816901408434
104184943,46.293407454823665,-30.638985915492853,-11.906539144841563,0.479809859154928
104184944,46.2816542465247,-30.638253521126657,-11.990105534123158,0.48530281690140686
104184945,46.26936190023038,-30.63770422535201,-12.059223025128967,0.5363873239436602
104184946,46.25717738153512,-30.636971830985814,-11.9235759054951,0.603218309859153
104184947,46.244238069646364,-30.63623943661962,-12.124997860563512,0.7742323943661946
104184948,46.23313182694184,-30.635415492957648,-11.920233249923838,0.7387112676056313
104184949,46.220084687454005,-30.634866197183,-12.152709553525279,0.7223239436619694
104184950,46.20800799635782,-30.63422535211258,-12.051459437995709,0.7263521126760539
104184951,46.19614696045979,-30.63358450704216,-11.94632752889951,0.7409084507042228
104184952,46.18353113136825,-30.632852112675963,-11.953012840042037,0.8731056338028141
104184953,46.17199357826743,-30.631936619718203,-11.835588584651513,0.8899507042253493
104184954,46.1601325423694,-30.631112676056247,-11.906970455237856,0.8797887323943634
104184955,46.14784019607508,-30.63038028169005,-12.200369352315557,0.806366197183096
104184956,46.1357635049789,-30.629464788732292,-12.20586855986828,0.749971830985913
104184957,46.12357898628365,-30.628732394366097,-12.16273752023907,0.6608028169014063
104184958,46.11204143318284,-30.62781690140835,-12.055017748765119,0.7652605633802793
104184959,46.10039605248295,-30.626901408450607,-12.0450976096504,0.7851267605633777
104184960,46.08756456819326,-30.62616901408441,-12.219131354554262,0.7711197183098566
104184961,46.07591918749337,-30.624978873239343,-12.127909205738485,0.836211267605631
104184962,46.06438163439256,-30.623971830985823,-11.894785936542602,0.8098450704225325
104184963,46.05241277089545,-30.622873239436515,-11.992801224099983,0.8909577464788703
104184964,46.04076739019557,-30.62177464788722,-11.983096740183411,0.8997464788732366
104184965,46.02912200949568,-30.620859154929477,-11.792565372621377,0.9800352112676024
104184966,46.0170453183995,-30.619852112675957,-11.710939880123096,1.0818380281690105
104184967,46.00529211010054,-30.618570422535115,-11.54391492915898,1.0913591549295738
104184968,45.993431074202505,-30.617563380281595,-11.468543437406936,1.1416197183098555
104184969,45.98200134870076,-30.616190140844978,-11.516958029390723,1.2033239436619678
104184970,45.96992465760459,-30.61481690140836,-11.707812879749978,1.1407957746478836
104184971,45.95806362170656,-30.613535211267504,-11.677297669212313,1.2885563380281648
104184972,45.94577127541223,-30.612345070422435,-11.617776834524003,1.3488873239436576
104184973,45.93412589471234,-30.611063380281593,-11.471886092978199,1.4013450704225305
104184974,45.92258834161153,-30.609690140844975,-11.540464445988643,1.425697183098587
104184975,45.910511650515346,-30.608316901408358,-11.470915644586542,1.487492957746474
104184976,45.89821930422102,-30.606943661971727,-11.7488951949968,1.4879507042253473
104184977,45.887005233917435,-30.605112676056237,-11.454741504725588,1.6539295774647833
104184978,45.87492854282125,-30.603830985915394,-11.563647379789344,1.4420845070422488
104184979,45.863390989720436,-30.602183098591453,-11.568715276945776,1.5220985915492906
104184980,45.85163778142147,-30.600535211267513,-11.843136516586625,1.4850211267605584
104184981,45.84020805591974,-30.59870422535201,-11.676219393221581,1.7978450704225293
104184982,45.82888615801707,-30.597056338028068,-11.506175269483421,1.7530774647887266
104184983,45.817348604916255,-30.59522535211258,-11.536798307620161,1.8037957746478812
104184984,45.806565845008954,-30.59321126760554,-11.421638431810171,1.9636408450704161
104184985,45.79481263670999,-30.591471830985824,-11.418187948639833,1.8978169014084443
104184986,45.7835985664064,-30.589549295774546,-11.119613326806626,1.8785915492957685
104184987,45.772492323701876,-30.587535211267507,-11.255368274039565,1.9866197183098528
104184988,45.76106259820014,-30.58552112676047,-11.126406465548227,1.946795774647881
104184989,45.74995635549561,-30.583507042253416,-11.549845447107996,1.8868309859154868
104184990,45.73852662999388,-30.581309859154842,-11.359421907145034,2.0740492957746413
104184991,45.72742038728936,-30.579204225352015,-11.479110542116093,2.1557112676056267
104184992,45.71642197218391,-30.577098591549202,-11.31790828150192,2.0965704225352044
104184993,45.70542355707846,-30.574809859154826,-11.212129406811282,2.0469507042253454
104184994,45.69453296957208,-30.572612676056238,-10.997875967453183,2.143992957746472
104184995,45.68342672686756,-30.57041549295765,-11.042840076266634,2.067091549295768
104184996,45.67178134616767,-30.5680352112675,-10.878510815279343,2.233619718309852
104184997,45.66099858626037,-30.56574647887315,-10.665335651911972,2.2326126760563305
104184998,45.64989234355585,-30.563274647887226,-10.597943402491332,2.2881830985915417
104184999,45.63835479045503,-30.56107746478864,-10.867943710570188,2.23929577464788
104185000,45.62757203054773,-30.558697183098502,-11.0637586304868,2.2869929577464716
104185001,45.61711275343765,-30.556042253521028,-10.960783273372062,2.443084507042246
104185002,45.60676130392664,-30.55366197183089,-10.59470857451914,2.383211267605626
104185003,45.595762888821184,-30.551281690140755,-10.656278133589838,2.360140845070415
104185004,45.5845488185176,-30.54899295774638,-10.642368373309418,2.3573943661971755
104185005,45.57441302420473,-30.546521126760467,-10.430810623928144,2.4309084507042176
104185006,45.56341460909928,-30.544049295774556,-10.5668890539583,2.4820845070422455
104185007,45.55338664238549,-30.541485915492856,-10.52192494514485,2.5031408450704147
104185008,45.5429273652754,-30.538647887323847,-10.530551153070691,2.58992957746478
104185009,45.5321446053681,-30.53626760563371,-10.669217445478601,2.483823943661964
104185010,45.522008811055244,-30.53361267605625,-10.512004806030133,2.5552323943661888
104185011,45.511765189143304,-30.530957746478776,-10.429085382342976,2.5366478873239355
104185012,45.50087460163693,-30.52857746478864,-10.770144078210953,2.4330140845070343
104185013,45.49095446252221,-30.525647887323842,-10.62425333666515,2.4200140845070344
104185014,45.4806030130112,-30.523267605633706,-10.435015900291992,2.5068028169014003
104185015,45.47046721869833,-30.52052112676047,-10.229496496458806,2.5949647887323857
104185016,45.45957663119196,-30.517866197182997,-10.517827496380075,2.4795211267605555
104185017,45.449333009280025,-30.515211267605537,-10.21677283976819,2.5724436619718225
104185018,45.43898155976901,-30.512556338028077,-10.349292959028936,2.588922535211259
104185019,45.428306627460785,-30.509992957746377,-10.360399201733458,2.590021126760555
104185020,45.418063005548845,-30.507246478873142,-10.461541489663956,2.6224295774647803
104185021,45.40760372843876,-30.504499999999908,-10.347028579448404,2.579950704225344
104185022,45.397036623729605,-30.502028169013983,-10.245347153522541,2.651084507042245
104185023,45.38657734661952,-30.499190140844973,-10.405794620943203,2.68486619718309
104185024,45.37590241431129,-30.496718309859062,-10.459708420479714,2.617760563380273
104185025,45.36511965440399,-30.494063380281588,-10.817264739005866,2.6659154929577378
104185026,45.35422906689762,-30.491408450704128,-10.985583621158858,2.4903239436619637
104185027,45.34301499659402,-30.488753521126654,-10.808746358679096,2.589746478873231
104185028,45.33266354708301,-30.486190140844982,-10.577024848271165,2.5109225352112596
104185029,45.32188078717571,-30.483260563380185,-10.740599316064944,2.5296901408450623
104185030,45.31088237207026,-30.480788732394274,-10.647867580862144,2.486387323943654
104185031,45.299883956964806,-30.47795070422525,-10.908918198217936,2.631035211267597
104185032,45.28899336945843,-30.47529577464779,-10.755479524737021,2.7244154929577378
104185033,45.27853409234835,-30.472366197183007,-10.718925968651266,2.784563380281681
104185034,45.2679669876392,-30.46943661971821,-10.604089575638495,2.792985915492949
104185035,45.25686074493467,-30.466873239436524,-10.571309985520296,2.711598591549287
104185036,45.245970157428296,-30.46394366197174,-10.625762923052173,2.927380281690131
104185037,45.23497174232285,-30.460922535211168,-10.629752544217874,3.0116056338028074
104185038,45.22418898241554,-30.45799295774637,-10.624900302259588,3.052161971830976
104185039,45.21362187770639,-30.454971830985812,-10.840124190009346,2.952830985915483
104185040,45.20262346260094,-30.452133802816803,-10.824273532945611,2.916394366197174
104185041,45.191732875094566,-30.449204225352005,-10.8235187397521,2.959422535211258
104185042,45.18073445998912,-30.445908450704138,-10.64064313172425,2.9977816901408354
104185043,45.170383010478105,-30.44279577464779,-10.884764816025578,2.9596056338028074
104185044,45.159600250570804,-30.43940845070412,-10.966282480924786,2.9592394366197086
104185045,45.14849400786628,-30.436570422535112,-11.050819318598036,2.912366197183089
104185046,45.13706428236454,-30.43345774647878,-11.450859711158959,2.8089154929577376
104185047,45.12606586725909,-30.430161971830884,-11.227980063875018,2.8800492957746386
104185048,45.114743969356425,-30.42704929577455,-11.356079251573771,2.8534999999999906
104185049,45.103098588656536,-30.42393661971822,-11.54607148114044,2.8250281690140753
104185050,45.091453207956654,-30.420823943661873,-11.210188510027969,3.1567112676056235
104185051,45.07991565485584,-30.417802816901315,-11.0705517692284,3.097021126760553
104185052,45.06891723975039,-30.41441549295766,-10.832252775277016,3.1229295774647787
104185053,45.05716403145143,-30.411119718309763,-11.024617212023292,3.1548802816901302
104185054,45.04638127154413,-30.407823943661867,-11.047045352630482,3.187746478873229
104185055,45.03473589084424,-30.404528169013986,-11.216442510774204,3.211274647887313
104185056,45.02373747573879,-30.40132394366188,-11.105272256129915,3.148105633802807
104185057,45.0120920950389,-30.398028169013983,-11.132013500700024,3.218873239436609
104185058,45.000554541938094,-30.394823943661876,-11.19671006014384,3.185366197183088
104185059,44.99009526482801,-30.391070422535122,-11.055779388155395,3.1728239436619616
104185060,44.97888119452441,-30.387774647887227,-11.153363365316483,3.175295774647877
104185061,44.96809843461711,-30.38447887323933,-11.39629894602801,3.1640352112675956
104185062,44.95720784711074,-30.381091549295675,-11.405679947147362,3.1377605633802714
104185063,44.946317259604356,-30.377795774647794,-11.390907566074358,3.2189647887323836
104185064,44.93542667209798,-30.374591549295673,-11.665544460913353,3.1569859154929474
104185065,44.924212601794395,-30.37129577464779,-11.45625109111261,3.176852112676046
104185066,44.91321418668894,-30.367999999999896,-11.445252676007163,3.2013873239436514
104185067,44.90243142678164,-30.364704225352014,-11.457005884306122,3.128605633802807
104185068,44.89132518407712,-30.361316901408358,-11.161881745643253,3.345760563380271
104185069,44.88043459657074,-30.358021126760462,-11.209218061636312,3.319394366197172
104185070,44.86975966426251,-30.354633802816807,-11.092548599439299,3.227570422535201
104185071,44.858329938760775,-30.351429577464685,-10.882931746841338,3.3640704225352005
104185072,44.84722369605625,-30.348133802816804,-10.957979755796162,3.2994366197182994
104185073,44.836117453351726,-30.344838028168923,-10.881745643251532,3.3149084507042144
104185074,44.82490338304814,-30.341725352112576,-10.857592261059176,3.340084507042243
104185075,44.81401279554176,-30.33833802816892,-10.758390869911993,3.2935774647887217
104185076,44.802906552837236,-30.3351338028168,-10.609157472794928,3.369105633802806
104185077,44.79233944812808,-30.331563380281594,-10.52440497992353,3.353725352112665
104185078,44.7814488606217,-30.328267605633698,-10.545431361742768,3.3736830985915387
104185079,44.77045044551625,-30.325154929577366,-10.782112941708059,3.285246478873229
104185080,44.75977551320803,-30.321676056337935,-10.884980471223724,3.223176056338018
104185081,44.74910058089979,-30.318105633802716,-10.754293421147219,3.337887323943651
104185082,44.73896478658693,-30.314352112675962,-10.483214837077634,3.4940704225352
104185083,44.72850550947685,-30.31069014084497,-10.389189170685956,3.499929577464777
104185084,44.71761492197047,-30.307119718309764,-10.44353428061876,3.6028309859154812
104185085,44.70758695525668,-30.30327464788722,-10.379161203972163,3.71232394366196
104185086,44.69734333334475,-30.299612676056242,-10.249228947089168,3.8119295774647766
104185087,44.687638849428176,-30.29567605633794,-10.210303183823807,3.787119718309847
104185088,44.677071744719015,-30.29210563380272,-10.352743442199273,3.7474788732394244
104185089,44.666612467608935,-30.288535211267515,-10.276724984852791,3.6180281690140728
104185090,44.65690798369236,-30.284598591549198,-10.042307784468035,3.6145492957746366
104185091,44.64698784457764,-30.280845070422444,-10.051580957988314,3.706007042253509
104185092,44.636420739868484,-30.27718309859145,-10.481058285096173,3.622239436619706
104185093,44.626284945555625,-30.27370422535202,-10.492919320994206,3.5466197183098473
104185094,44.61625697884183,-30.270225352112575,-10.323306507652338,3.5491830985915374
104185095,44.60633683972711,-30.266288732394273,-10.007910780363739,3.599901408450693
104185096,44.596093217815174,-30.26262676056328,-10.252895085457652,3.569598591549284
104185097,44.58552611310602,-30.25914788732385,-10.267559638931584,3.567035211267594
104185098,44.57549814639223,-30.255485915492855,-10.270039673710263,3.554859154929566
104185099,44.56449973128678,-30.252190140844974,-10.236936600794843,3.582690140845059
104185100,44.55414828177577,-30.24861971830977,-10.306377574597873,3.557239436619707
104185101,44.543904659863834,-30.24504929577455,-10.233486117624508,3.5089929577464676
104185102,44.533337555154674,-30.241661971830894,-10.494752390178448,3.4673380281690025
104185103,44.522878278044594,-30.23818309859145,-10.414097346071825,3.486471830985904
104185104,44.512634656132654,-30.234978873239342,-10.2367209455967,3.6064014084506923
104185105,44.50228320662164,-30.231591549295672,-10.579504883049845,3.4001408450704114
104185106,44.49182392951156,-30.228204225352016,-10.55297929367788,3.3239718309859048
104185107,44.48136465240148,-30.224816901408346,-10.5109265300394,3.3456690140844962
104185108,44.47133668568769,-30.22124647887314,-10.217204150164482,3.441246478873228
104185109,44.461308718973896,-30.21776760563371,-10.045542612440224,3.403436619718299
104185110,44.45106509706196,-30.214380281690055,-10.427575795955953,3.465964788732383
104185111,44.44114495794724,-30.210626760563287,-10.2147241153858,3.4834507042253406
104185112,44.431116991233445,-30.207422535211165,-10.088997134866654,3.340542253521116
104185113,44.42130467971781,-30.203943661971735,-9.83107351788398,3.356838028169003
104185114,44.411815850999375,-30.200373239436516,-9.71634495247028,3.3789929577464677
104185115,44.401572229087435,-30.19716901408441,-10.033681576542191,3.4107605633802702
104185116,44.39175991757179,-30.19350704225343,-10.067215959853904,3.4850070422535095
104185117,44.381947606056144,-30.19011971830976,-9.945694255698605,3.5951408450704108
104185118,44.372350949738646,-30.18654929577454,-9.70103343340191,3.604661971830974
104185119,44.362538638223,-30.182795774647786,-9.585334419596554,3.578295774647876
104185120,44.35326546470272,-30.179042253521033,-9.713433607295308,3.7236760563380162
104185121,44.343345325588004,-30.175471830985828,-9.937607185768126,3.622880281690129
104185122,44.334072152067726,-30.17153521126751,-9.622966251673041,3.893408450704213
104185123,44.3245833233493,-30.16805633802808,-9.510825548637095,3.961887323943649
104185124,44.31487883943272,-30.164302816901312,-9.433189677304517,3.816507042253509
104185125,44.305282183115224,-30.160732394366093,-9.309403593568684,3.6870563380281567
104185126,44.29557769919865,-30.156704225352016,-9.616927906124952,3.7667957746478753
104185127,44.2861966980793,-30.153042253521022,-9.202762098085463,3.687239436619706
104185128,44.27616873136551,-30.149380281690043,-9.52096134294996,3.692183098591537
104185129,44.266679902647084,-30.14544366197174,-9.526137067705463,3.7057323943661853
104185130,44.25697541873051,-30.141690140844972,-9.326763837019442,3.6905352112675938
104185131,44.24759441761116,-30.138119718309753,-9.271016968298687,3.6834859154929456
104185132,44.23778210609551,-30.134366197183,-9.481927752085523,3.5438732394366084
104185133,44.228293277377084,-30.13052112676047,-9.513736893812066,3.6434788732394248
104185134,44.21880444865866,-30.126584507042153,-9.449363817165471,3.656936619718298
104185135,44.209315619940234,-30.12301408450695,-9.425426090171259,3.8641126760563256
104185136,44.200258101618104,-30.119260563380195,-9.443864609612746,3.867042253521114
104185137,44.190661445300606,-30.115415492957652,-9.336144838138793,3.8500140845070296
104185138,44.18128044418125,-30.111661971830884,-9.211172650813158,3.904119718309847
104185139,44.17200727066097,-30.10790845070413,-9.227023307876893,3.8284999999999876
104185140,44.16294975233883,-30.104246478873137,-9.138173366240721,3.75901408450703
104185141,44.15410788921484,-30.100492957746383,-9.100757189362382,3.72257746478872
104185142,44.14461906049642,-30.096556338028066,-9.219906686338073,3.6513521126760446
104185143,44.135238059377066,-30.09280281690131,-9.205457788062288,3.609422535211256
104185144,44.126288368654,-30.08886619718301,-9.20448733967063,3.5646549295774532
104185145,44.116691712336504,-30.085021126760466,-9.433405332502662,3.611436619718298
104185146,44.10720288361808,-30.081542253521036,-9.824496034340523,3.441246478873228
104185147,44.09782188249873,-30.077330985915395,-9.682163603564131,3.5955070422535096
104185148,44.08876436417659,-30.07357746478864,-9.549104346308019,3.6459507042253403
104185149,44.07970684585446,-30.069640845070325,-9.50349327190013,3.6006338028168896
104185150,44.07011018953696,-30.06588732394357,-9.515138652600015,3.4437183098591433
104185151,44.061052671214824,-30.062042253521028,-9.475565923740215,3.5086267605633688
104185152,44.052534290888055,-30.05801408450695,-9.052666080175811,3.6854084507042133
104185153,44.04304546216963,-30.054260563380183,-9.003173212201293,3.816507042253509
104185154,44.03398794384749,-30.05050704225343,-9.05298956297303,3.7526971830985794
104185155,44.025038253124436,-30.04629577464779,-8.985705141151463,3.8615492957746356
104185156,44.0159807348023,-30.04235915492947,-8.77921528892662,3.8918521126760437
104185157,44.00724669927739,-30.038147887323845,-8.47621973553142,3.9737887323943535
104185158,43.99808135335618,-30.034028169013993,-8.746327871209347,4.024873239436607
104185159,43.98967080062848,-30.029816901408353,-8.504901876884844,4.123014084507028
104185160,43.981260247900785,-30.025605633802726,-8.542641536560403,4.128598591549282
104185161,43.97209490197958,-30.02166901408441,-8.312321784940423,4.185816901408437
104185162,43.96379217685096,-30.01736619718301,-8.140336764418947,4.141323943661958
104185163,43.95527379652419,-30.013063380281594,-8.00005305802494,4.185450704225339
104185164,43.94686324379649,-30.009035211267516,-8.26239760656961,4.097929577464775
104185165,43.93834486346972,-30.0047323943661,-8.416375418045892,4.124661971830972
104185166,43.930149965940174,-30.000521126760475,-8.41421886606443,4.240838028169001
104185167,43.92184724081155,-29.996309859154834,-8.253555743445624,4.189387323943649
104185168,43.91332886048478,-29.992007042253434,-8.405808313336735,4.216302816901394
104185169,43.90470265255894,-29.988070422535117,-8.382194069139743,4.1786760563380145
104185170,43.896399927430316,-29.9837676056337,-8.369578240048197,4.1534084507042115
104185171,43.88798937470262,-29.97964788732385,-8.392006380655387,4.347767605633789
104185172,43.879686649574,-29.975436619718224,-8.396211657019236,4.407549295774634
104185173,43.871060441648154,-29.971225352112583,-8.476866701125859,4.282859154929564
104185174,43.862326406123245,-29.96719718309849,-8.498108738143243,4.185999999999987
104185175,43.853700198197394,-29.96289436619709,-8.441822731427125,4.226739436619705
104185176,43.84496616267248,-29.958774647887225,-8.443871455809512,4.182978873239423
104185177,43.83655560994479,-29.95465492957736,-8.482905046673947,4.091978873239423
104185178,43.8277137468208,-29.95062676056328,-8.342297857482723,4.117429577464775
104185179,43.81897971129588,-29.94632394366188,-8.388879380282269,4.28652112676055
104185180,43.810030020572825,-29.942204225352015,-8.377341827181455,4.13958450704224
104185181,43.8017272954442,-29.937901408450614,-8.353404100187245,4.1571619718309725
104185182,43.792993259919285,-29.93405633802807,-8.912058890984587,4.0551760563380155
104185183,43.78425922439437,-29.929661971830882,-8.914431098164194,4.077788732394353
104185184,43.77563301646853,-29.92572535211258,-8.669554620669354,4.0350352112675925
104185185,43.76679115334454,-29.921880281690036,-8.62308092546888,3.936619718309846
104185186,43.758380600616846,-29.917760563380185,-8.532721397445684,3.919316901408438
104185187,43.74943090989378,-29.913823943661882,-8.760884597084207,3.9072323943661846
104185188,43.74112818476516,-29.90979577464779,-8.847577986738917,3.8843450704225226
104185189,43.73142370084859,-29.906042253521036,-9.233385136222202,3.9045774647887197
104185190,43.72268966532367,-29.902197183098494,-9.156396230484063,3.906042253521114
104185191,43.713739974600614,-29.898352112675965,-9.252362793659053,3.8469929577464668
104185192,43.70586855986828,-29.894140845070325,-8.880141921658971,4.04464788732393
104185193,43.69756583473966,-29.8899295774647,-8.673759897033202,4.038056338028156
104185194,43.689047454412886,-29.88599295774638,-8.736192076896483,4.007661971830973
104185195,43.68063690168519,-29.881964788732304,-8.560972228402816,4.110197183098578
104185196,43.67201069375935,-29.877753521126664,-8.545768536933522,4.044281690140832
104185197,43.66370796863073,-29.873542253521038,-8.214737807779334,4.131802816901395
104185198,43.65518958830396,-29.86960563380272,-8.335504718741122,4.030183098591536
104185199,43.64688686317534,-29.865394366197094,-8.206111599853493,4.086302816901395
104185200,43.638260655249496,-29.861640845070326,-8.60809288919773,3.9006408450704098
104185201,43.62995793012087,-29.857246478873137,-8.479023253107318,4.044190140845057
104185202,43.62133172219503,-29.853584507042157,-8.416375418045892,3.844978873239424
104185203,43.613244652264555,-29.84946478873229,-8.469642251987967,3.915105633802804
104185204,43.60451061673964,-29.84552816901399,-8.710313453118957,3.818795774647875
104185205,43.59631571921008,-29.841408450704137,-8.428883419538362,3.946323943661959
104185206,43.5874738560861,-29.837380281690045,-8.19964194390911,4.002626760563367
104185207,43.57873982056118,-29.83362676056329,-8.08480555089634,4.145077464788718
104185208,43.57043709543256,-29.8295985915492,-8.417130211239403,4.109739436619705
104185209,43.561487404709496,-29.825570422535122,-8.547601606117762,4.078795774647874
104185210,43.55232205878829,-29.821450704225256,-8.54469026094279,4.169978873239423
104185211,43.54283323006987,-29.817697183098502,-8.551052089288099,3.9548380281690014
104185212,43.53409919454495,-29.81366901408441,-8.146590765165183,4.089507042253508
104185213,43.52579646941633,-29.80954929577456,-8.580920334231326,3.9487042253520994
104185214,43.516954606292344,-29.805521126760468,-8.732633766127073,3.9271901408450574
104185215,43.50768143277206,-29.801676056337925,-8.914538925763265,3.907964788732382
104185216,43.49894739724715,-29.797647887323848,-8.84304922757785,3.7232183098591425
104185217,43.491075982514815,-29.79325352112666,-8.32935854559396,3.99814084507041
104185218,43.482557602188045,-29.789133802816806,-8.387693276692467,4.12658450704224
104185219,43.4739313942622,-29.78501408450694,-8.265416779343656,4.125302816901395
104185220,43.46508953113822,-29.781169014084412,-8.157050042275266,4.2792887323943525
104185221,43.45678680600959,-29.776774647887237,-8.349198823823397,4.283133802816888
104185222,43.44859190848004,-29.7721971830985,-8.066043548657632,4.222436619718296
104185223,43.44007352815328,-29.768077464788632,-8.243959087128124,4.238732394366184
104185224,43.432309941020016,-29.763499999999908,-7.97503705504,4.250725352112663
104185225,43.424330698688614,-29.759288732394268,-7.806610345287935,4.529950704225337
104185226,43.41635145635721,-29.754619718309755,-8.070787963016846,4.581401408450689
104185227,43.40826438642673,-29.749676056337933,-7.8924411141500626,4.639809859154914
104185228,43.40028514409533,-29.745281690140757,-7.897724666504641,4.504133802816887
104185229,43.392305901763926,-29.740154929577372,-7.883275768228855,4.7285211267605485
104185230,43.38475796982881,-29.734936619718212,-7.664385742110615,4.9258098591549135
104185231,43.37645524470019,-29.7302676056337,-7.8837070786251475,4.953457746478858
104185232,43.36826034717064,-29.725140845070328,-8.008355783153565,4.9234295774647725
104185233,43.35974196684387,-29.72028873239428,-7.873032146316918,5.007380281690125
104185234,43.35187055211154,-29.71543661971822,-7.9997295752277235,4.8009366197182946
104185235,43.34335217178477,-29.710309859154833,-8.126534831737601,4.819338028168999
104185236,43.33537292945337,-29.705549295774546,-7.917457117135005,4.868499999999984
104185237,43.326854549126594,-29.700605633802724,-8.216247394166357,4.899260563380266
104185238,43.31822834120075,-29.69584507042245,-8.37529310279907,4.825838028168999
104185239,43.31014127127028,-29.690992957746374,-8.13472972926715,4.888823943661956
104185240,43.30151506334444,-29.686049295774552,-8.375400930398142,4.832429577464773
104185241,43.29278102781952,-29.681380281690053,-8.466623079213921,4.8571478873239275
104185242,43.2844783026909,-29.676345070422443,-8.524526499916135,4.806063380281675
104185243,43.27585209476506,-29.671584507042155,-8.62092437348742,4.706274647887309
104185244,43.26744154203736,-29.666823943661882,-8.294530231093374,4.819521126760548
104185245,43.259354472106885,-29.66197183098582,-8.183252148850011,4.803591549295759
104185246,43.25094391937919,-29.65730281690132,-8.118879072203415,4.837647887323928
104185247,43.24242553905242,-29.652542253521034,-8.242988638736467,4.792330985915477
104185248,43.23401498632472,-29.64778169014076,-8.286119678365676,4.732091549295759
104185249,43.225820088795174,-29.643021126760473,-8.466838734412066,4.848999999999984
104185250,43.217625191265626,-29.63816901408441,-8.46554480322319,4.830690140845054
104185251,43.20943029373608,-29.6334999999999,-8.436862661869766,4.787570422535196
104185252,43.200588430612086,-29.628739436619625,-8.338847374312387,4.785190140845055
104185253,43.19282484347883,-29.623704225352014,-7.894597666131523,4.955471830985899
104185254,43.184306463152055,-29.619218309859065,-7.7284353359599915,4.868957746478857
104185255,43.17621939322159,-29.61409154929568,-7.714741230877718,4.893218309859139
104185256,43.168455806088325,-29.609330985915392,-7.696841849431595,5.136190140845054
104185257,43.1601530809597,-29.604661971830893,-8.037145752106063,5.003901408450687
104185258,43.15238949382645,-29.59935211267596,-7.756793994516197,5.062676056338012
104185259,43.14387111349967,-29.59459154929567,-8.065180927865049,5.007105633802801
104185260,43.13589187116827,-29.589373239436526,-7.7907596882242,5.097556338028152
104185261,43.127804801237794,-29.58442957746469,-7.9283477046413795,5.038873239436604
104185262,43.11982555890639,-29.579485915492867,-7.93654260217093,5.118521126760547
104185263,43.11206197177313,-29.574176056337933,-8.00749316236098,5.104330985915476
104185264,43.102573143054705,-29.569323943661885,-8.242126017943884,5.154408450704208
104185265,43.094593900723304,-29.5641971830985,-8.206974220646076,5.2018309859154765
104185266,43.08650683079283,-29.558887323943566,-8.232098051230091,5.268936619718293
104185267,43.07777279526791,-29.55394366197173,-8.725624972187326,5.017267605633786
104185268,43.06914658734207,-29.548816901408358,-8.677749518198903,5.088218309859139
104185269,43.06095168981252,-29.543690140844973,-8.295392851885957,5.1690563380281525
104185270,43.05243330948575,-29.538288732394264,-8.715273522676316,4.868225352112661
104185271,43.04413058435713,-29.533161971830893,-8.44052880023825,4.8384718309859
104185272,43.035504376431284,-29.527943661971733,-8.54285719175855,4.9346901408450545
104185273,43.02720165130266,-29.522908450704136,-8.656723136379663,4.7297112676056186
104185274,43.01900675377311,-29.517873239436526,-8.555580848449166,4.986873239436603
104185275,43.01038054584727,-29.512746478873154,-8.577146368263772,4.957485915492941
104185276,43.00250913111494,-29.507253521126657,-8.709989970321738,4.971492957746462
104185277,42.99420640598632,-29.50221830985906,-8.541024122574308,5.014704225352096
104185278,42.986658474051204,-29.496816901408366,-8.361706825315867,5.05397887323942
104185279,42.9786792317198,-29.491598591549206,-7.966410847114158,5.11266197183097
104185280,42.970484334190246,-29.486563380281595,-7.938914809350536,5.074669014084491
104185281,42.962828574656065,-29.481161971830886,-7.852221419695824,5.125753521126744
104185282,42.95484933232466,-29.47594366197174,-7.680991192367862,5.206591549295758
104185283,42.9470857451914,-29.47072535211258,-7.627940013623933,5.0226690140844905
104185284,42.93942998565722,-29.465323943661872,-7.772860306778078,5.086570422535194
104185285,42.93145074332581,-29.460014084506952,-7.911095288789697,5.2848661971830815
104185286,42.924226294187925,-29.45433802816892,-7.673335432833676,5.364788732394349
104185287,42.91667836225281,-29.449211267605534,-7.363654568295948,5.45404929577463
104185288,42.909453913114916,-29.44344366197174,-7.621254702481406,5.383007042253503
104185289,42.90222946397702,-29.43776760563371,-7.371310327830134,5.487464788732376
104185290,42.89457370444284,-29.432366197183,-7.554832901452421,5.540380281690123
104185291,42.88734925530495,-29.426781690140757,-7.364409361489459,5.520880281690123
104185292,42.87990915096891,-29.421288732394274,-7.367536361862577,5.801478873239417
104185293,42.87290035702917,-29.415521126760467,-7.178945891083856,5.8258309859154735
104185294,42.86578373549034,-29.409661971830886,-7.187679926608771,5.795711267605615
104185295,42.85812797595616,-29.404169014084417,-7.31491649351494,5.767880281690123
104185296,42.85068787162012,-29.398492957746384,-7.456925441494114,5.658753521126742
104185297,42.843032112085936,-29.392633802816817,-7.389641019672546,5.602359154929559
104185298,42.83580766294804,-29.387140845070334,-7.496174687556696,5.542211267605616
104185299,42.828475386211075,-29.381373239436527,-7.6772172264003045,5.504584507042235
104185300,42.82114310947411,-29.37578873239427,-7.461130717857963,5.542577464788714
104185301,42.81413431553436,-29.369929577464703,-7.383387018926311,5.424387323943644
104185302,42.8068020387974,-29.364345070422445,-7.350499601209038,5.4527676056337855
104185303,42.79968541725858,-29.358943661971736,-7.606805804205619,5.452492957746461
104185304,42.79267662331883,-29.35317605633793,-7.386621846898502,5.488563380281672
104185305,42.78523651898279,-29.34777464788722,-7.49951734312796,5.389690140845053
104185306,42.778227725043045,-29.342373239436526,-7.759489684493023,5.376598591549278
104185307,42.771434586301446,-29.336514084506945,-7.35589098116269,5.531774647887306
104185308,42.76399448196541,-29.331021126760476,-7.201805342087338,5.565464788732376
104185309,42.75730917082288,-29.32525352112667,-7.02583070040016,5.534887323943644
104185310,42.75019254928406,-29.319760563380186,-6.931481551211265,5.86080281690139
104185311,42.74372289333968,-29.31399295774638,-6.975367384033985,5.827387323943643
104185312,42.736821926999006,-29.308133802816812,-6.941078207528763,5.755429577464771
104185313,42.72992096065833,-29.302732394366103,-6.970622969674772,5.742887323943643
104185314,42.723127821916734,-29.296873239436522,-7.081146258724622,5.751126760563362
104185315,42.715795545179766,-29.291288732394264,-7.0168810096771,5.748105633802798
104185316,42.70911023403724,-29.285612676056246,-7.085567190286618,5.759091549295756
104185317,42.70210144009749,-29.279753521126665,-6.887380063190397,5.9264436619718115
104185318,42.69541612895496,-29.273894366197084,-6.789688258430236,6.003528169014064
104185319,42.68829950741615,-29.26812676056329,-6.970083831679408,5.871697183098572
104185320,42.68150636867455,-29.26226760563371,-6.82936881488911,5.922415492957727
104185321,42.674821057532014,-29.25640845070413,-6.783973395679366,5.9163732394366
104185322,42.66759660839412,-29.250457746478787,-6.807479812277285,5.91518309859153
104185323,42.66069564205345,-29.24450704225343,-6.978170901609883,5.889091549295755
104185324,42.654118158509995,-29.238556338028076,-6.979680487996906,5.879204225352093
104185325,42.6468937093721,-29.23242253521117,-6.834975850040907,6.052598591549277
104185326,42.63956143263513,-29.22656338028159,-7.0361821499111725,6.039598591549276
104185327,42.63298394909168,-29.22024647887315,-7.090742915042122,6.0116760563380085
104185328,42.62586732755286,-29.21438732394357,-7.069393050425663,6.296394366197163
104185329,42.61907418881126,-29.208253521126665,-7.31491649351494,6.1761901408450495
104185330,42.61195756727244,-29.202119718309774,-7.265854935936715,6.113570422535192
104185331,42.60484094573363,-29.196169014084404,-7.056130255739681,6.06688028169012
104185332,42.598802600185536,-29.18994366197174,-6.737607528077965,6.019457746478854
104185333,42.592009461443936,-29.183626760563286,-6.721002077820719,6.0231197183098395
104185334,42.584892839905116,-29.177584507042155,-7.23145793183242,5.967823943661952
104185335,42.57809970116351,-29.17135915492949,-6.958546278578593,6.059007042253502
104185336,42.57195352801635,-29.165225352112586,-6.274272334861177,6.2318521126760364
104185337,42.565268216873825,-29.158908450704132,-6.1842362896352014,6.205852112676036
104185338,42.55825942293408,-29.152866197183002,-6.270282713695475,6.096267605633782
104185339,42.551358456593405,-29.147098591549195,-6.808989398664307,6.027971830985896
104185340,42.544457490252725,-29.140964788732305,-7.021517596437239,6.003070422535192
104185341,42.537987834308346,-29.1348309859154,-6.799392742346809,6.028704225352093
104185342,42.53108686796767,-29.128514084506946,-7.067991291637713,6.018542253521106
104185343,42.52440155682515,-29.12238028169004,-6.927276274847416,5.984302816901389
104185344,42.51771624568262,-29.116154929577377,-6.5770522330582315,6.103316901408431
104185345,42.51113876213916,-29.109929577464698,-6.50146508610804,6.082535211267586
104185346,42.50466910619478,-29.103612676056244,-5.99456754286575,6.405887323943642
104185347,42.498199450250404,-29.097387323943565,-5.92005867190629,6.392704225352092
104185348,42.4914063115088,-29.09097887323935,-6.155554148281777,6.362035211267584
104185349,42.4846131727672,-29.084478873239334,-6.454236597714056,6.453950704225331
104185350,42.477712206426524,-29.07788732394357,-6.858482266638826,6.515929577464767
104185351,42.471242550482145,-29.07120422535202,-6.798098811157932,6.565091549295753
104185352,42.46488072213684,-29.064521126760468,-6.9418330007222755,6.722556338028147
104185353,42.45754844539987,-29.05792957746469,-6.906465548226322,6.612330985915471
104185354,42.4506474790592,-29.051429577464702,-6.907867307014271,6.699119718309838
104185355,42.44428565071389,-29.044380281690053,-6.884037407619132,6.640711267605613
104185356,42.43727685677414,-29.037605633802727,-7.08427325909774,6.597499999999979
104185357,42.43069937323069,-29.03101408450695,-6.61371361674306,6.654992957746456
104185358,42.42390623448909,-29.024239436619624,-6.717120284254091,6.616359154929556
104185359,42.41657395775212,-29.017647887323847,-6.73491183810114,6.858598591549273
104185360,42.410212129406816,-29.01105633802807,-6.6512376212204725,6.7248450704225124
104185361,42.40352681826428,-29.004373239436532,-6.664823898703673,6.665612676056316
104185362,42.39673367952268,-28.99787323943653,-6.586756716974803,6.609584507042232
104185363,42.38950923038479,-28.9914647887323,-6.590854165739578,6.509338028168993
104185364,42.382284781246895,-28.985056338028073,-6.753997323137065,6.8018380281689925
104185365,42.375275987307155,-28.978830985915394,-6.954987967809184,6.595302816901387
104185366,42.36848284856555,-28.972514084506955,-6.9958546278578595,6.480499999999979
104185367,42.3614740546258,-28.966288732394275,-7.086537638678275,6.472992957746458
104185368,42.354788743483276,-28.959971830985822,-6.693398212458025,6.302985915492938
104185369,42.34777994954353,-28.953929577464706,-6.578453991846181,6.372471830985895
104185370,42.34120246600008,-28.947704225352012,-6.710219317913417,6.340795774647867
104185371,42.334840637654764,-28.941570422535122,-6.804676294701387,6.135725352112656
104185372,42.32761618851688,-28.93571126760554,-7.022919355225189,6.140485915492937
104185373,42.32114653257249,-28.929394366197087,-6.764780083044368,6.064591549295755
104185374,42.31402991103367,-28.923169014084422,-7.081146258724622,5.974507042253501
104185375,42.30669763429671,-28.917218309859066,-7.295076215285505,5.9213169014084315
104185376,42.30044363355047,-28.911084507042162,-7.13592267905372,5.823176056338009
104185377,42.29300352921443,-28.905133802816806,-7.234153621809245,6.1604436619718115
104185378,42.28621039047283,-28.899274647887225,-7.179485029079222,6.095992957746458
104185379,42.279201596533085,-28.892957746478785,-7.232644035422222,6.06056338028167
104185380,42.27262411298963,-28.887281690140753,-6.847376023934305,6.050035211267587
104185381,42.26583097424803,-28.881056338028074,-6.713238490687462,6.033647887323925
104185382,42.25871435270921,-28.875288732394267,-7.093115122221728,5.783169014084488
104185383,42.252029041566686,-28.86924647887315,-7.029928149164936,5.801295774647868
104185384,42.24480459242879,-28.862838028168923,-7.021948906833532,5.879936619718292
104185385,42.237795798489046,-28.857070422535116,-6.666656967887914,5.882957746478854
104185386,42.23132614254466,-28.850753521126677,-6.7648879106434405,5.878471830985896
104185387,42.22334690021326,-28.844894366197096,-6.997148559046737,5.740507042253502
104185388,42.216230278674445,-28.83912676056329,-7.317720011090839,5.845605633802799
104185389,42.20943713993284,-28.83290140845061,-7.039201322685217,5.893852112676037
104185390,42.20210486319588,-28.827133802816803,-7.024968079607577,5.814295774647868
104185391,42.194880414057984,-28.82118309859146,-7.121042470381642,5.73748591549294
104185392,42.18797944771731,-28.81532394366188,-6.816645158198492,5.753049295774629
104185393,42.18053934338127,-28.809739436619637,-6.920051825709523,5.754147887323925
104185394,42.17353054944152,-28.803788732394267,-6.748174632787122,5.776577464788714
104185395,42.16673741069992,-28.79811267605625,-6.798853604351443,6.039415492957727
104185396,42.16026775475554,-28.792161971830893,-6.569288645924973,6.1221760563380085
104185397,42.153151133216724,-28.785936619718214,-6.633230412175277,6.100936619718291
104185398,42.146357994475125,-28.780169014084407,-6.591501131334016,5.925345070422516
104185399,42.13934920053538,-28.77412676056329,-6.731030044534511,5.769161971830967
104185400,42.132663889392845,-28.767901408450612,-6.680566728168335,5.800105633802797
104185401,42.12576292305217,-28.762042253521045,-6.911317790184609,5.815394366197164
104185402,42.118538473914285,-28.75590845070414,-6.998226835037467,5.820429577464769
104185403,42.11152967997453,-28.74986619718301,-6.9735343148497435,5.827112676056319
104185404,42.10506002403015,-28.743457746478782,-6.87713644127846,5.927542253521107
104185405,42.09869819568485,-28.73714084507033,-6.7046122827616195,5.97386619718308
104185406,42.09147374654695,-28.731007042253424,-6.895143650323655,6.084732394366177
104185407,42.085543228597935,-28.72441549295766,-6.602607374038539,6.1442394366196975
104185408,42.07831877946004,-28.718190140844982,-6.869480681744275,6.198985915492937
104185409,42.07152564071844,-28.711415492957656,-6.971269935269211,6.271859154929557
104185410,42.064840329575915,-28.705007042253428,-7.019576699653926,6.36075352112674
104185411,42.05815501843338,-28.698415492957665,-6.8885661667802,6.327704225352092
104185412,42.05114622449364,-28.69164084507034,-7.070040016020101,6.263985915492937
104185413,42.04402960295482,-28.685323943661885,-6.9527235882286496,6.454042253521107
104185414,42.03745211941137,-28.678640845070333,-7.053758048560074,6.442049295774627
104185415,42.03001201507533,-28.671866197183007,-7.083841948701449,6.525359154929555
104185416,42.02321887633373,-28.665549295774554,-7.087292431871784,6.539549295774626
104185417,42.015670944398614,-28.658866197183002,-7.122120746372373,6.575070422535189
104185418,42.00844649526072,-28.652366197183014,-6.971916900863648,6.494598591549275
104185419,42.00186901171727,-28.645957746478786,-6.7269325957697355,6.623408450704203
104185420,41.994105424584006,-28.639549295774557,-7.064756463665522,6.5487042253520915
104185421,41.98666532024797,-28.633232394366104,-6.998981628230977,6.624507042253499
104185423,41.972539904769405,-28.620690140844985,-6.948949622261094,6.316992957746459
104185424,41.964560662438004,-28.614647887323855,-7.500811274316836,6.1556830985915285
104185425,41.95787535129547,-28.60851408450695,-7.20439320446509,6.198802816901389
104185426,41.950111764162216,-28.602563380281595,-7.1978157209216365,6.35013380281688
104185427,41.94321079782154,-28.596246478873155,-6.938059034754718,6.244760563380261
104185428,41.9357706934855,-28.590295774647785,-6.657168139169489,6.095992957746458
104185429,41.9289775547439,-28.584161971830895,-6.645954068865894,6.100112676056318
104185430,41.921645278006935,-28.578119718309765,-7.049444944597154,5.895408450704205
104185431,41.91452865646812,-28.572260563380198,-7.061737290891478,6.118422535211248
104185432,41.907519862528375,-28.566309859154842,-7.0003833870189265,5.935781690140827
104185433,41.90029541339048,-28.56026760563371,-6.993266765480107,5.918204225352093
104185434,41.892747481455366,-28.554591549295694,-7.255826969222924,5.885887323943643
104185435,41.88584651511469,-28.54845774647879,-7.102927433737374,5.953359154929559
104185436,41.87894554877402,-28.542507042253433,-6.999952076622636,5.8690422535211075
104185437,41.87193675483427,-28.536556338028078,-6.770387118196164,6.00069014084505
104185438,41.86438882289916,-28.530605633802722,-6.862687543002673,5.9708450704225156
104185439,41.85738002895941,-28.524746478873155,-6.826996607709503,5.941183098591529
104185440,41.850371235019665,-28.5187957746478,-7.078666223945943,5.874535211267586
104185441,41.84347026867899,-28.512661971830894,-7.0988299849726,5.957204225352093
104185442,41.836461474739245,-28.50671126760554,-7.345108221255388,5.8781056338027975
104185443,41.82923702560136,-28.500577464788634,-7.380044363355048,5.891380281690123
104185444,41.822012576463464,-28.494718309859067,-7.008146974152185,6.1833309859154735
104185445,41.8146802997265,-28.488676056337937,-7.498762549934448,6.251169014084486
104185446,41.80767150578675,-28.482633802816807,-7.3786426045671,6.027422535211247
104185447,41.800123573851636,-28.476499999999902,-7.5572051086320275,6.046922535211248
104185448,41.79289912471374,-28.47036619718301,-7.4890580660178765,5.884971830985897
104185449,41.78513553758049,-28.46450704225343,-7.316857390298256,6.114485915492938
104185450,41.777695433244446,-28.458556338028075,-7.254748693232193,5.990345070422516
104185451,41.77014750130934,-28.452422535211184,-7.443339164010913,5.8627253521126566
104185452,41.76249174177515,-28.446471830985814,-7.371094672631988,5.70342957746477
104185453,41.75526729263726,-28.440338028168924,-7.4390260600479925,5.725950704225334
104185454,41.74815067109844,-28.43420422535202,-7.3186904594824975,5.724211267605615
104185455,41.74092622196055,-28.428436619718212,-7.424361506574061,5.676971830985897
104185456,41.733054807228214,-28.42248591549287,-7.353518773983083,5.597690140845052
104185457,41.72539904769403,-28.416718309859064,-7.307907699575194,5.693908450704207
104185458,41.718066770957066,-28.410859154929483,-7.302624147220615,5.592746478873221
104185459,41.7107344942201,-28.404816901408353,-7.210539377612252,5.667359154929559
104185460,41.70318656228498,-28.399415492957658,-7.439349542845211,5.58798591549294
104185461,41.695315147552655,-28.393739436619626,-7.586318560381745,5.6082183098591365
104185462,41.68798287081569,-28.388154929577368,-7.469541270585659,5.813654929577447
104185463,41.68097407687594,-28.382387323943576,-7.459405476272795,5.774838028168995
104185464,41.67353397253991,-28.37643661971822,-7.542756210356242,5.799098591549277
104185465,41.66630952340201,-28.370943661971737,-7.213882033183517,5.83992957746477
104185466,41.65908507426412,-28.364992957746395,-7.392228882050301,5.798274647887306
104185467,41.65261541831974,-28.358950704225265,-7.105623123714199,6.106887323943642
104185468,41.6451753139837,-28.353183098591458,-7.254964348430339,6.076676056338009
104185469,41.637950864845806,-28.347232394366102,-7.1004473989586945,6.11769014084505
104185470,41.63094207090606,-28.341373239436535,-7.273942005867192,6.131422535211248
104185471,41.623825449367246,-28.335514084506954,-7.090635087443049,6.010302816901389
104185472,41.61660100022935,-28.329471830985824,-7.210539377612252,5.934957746478854
104185473,41.609592206289605,-28.323612676056243,-7.2162542403631225,6.0357535211267415
104185474,41.602691239948925,-28.317570422535127,-7.153390750103549,6.033281690140826
104185475,41.59579027360826,-28.31161971830977,-6.953262726224016,6.1196126760563185
104185476,41.58888930726758,-28.305485915492866,-6.8130868474290835,6.069718309859135
104185477,41.58188051332783,-28.299352112675976,-6.638190481732636,6.094802816901388
104185478,41.57530302978438,-28.293401408450606,-6.3542804133733615,6.150922535211247
104185479,41.568078580646485,-28.287267605633716,-6.441512941023439,6.035387323943642
104185480,41.56117761430581,-28.281408450704134,-6.762839186261052,5.925985915492938
104185481,41.55427664796514,-28.275640845070342,-6.5993725460663475,5.900535211267586
104185482,41.547052198827245,-28.269690140844986,-6.7558303923213066,5.851007042253502
104185483,41.539719922090285,-28.263830985915405,-6.833358436054811,5.805690140845051
104185484,41.53303461094775,-28.258063380281598,-6.625682480240165,5.778316901408433
104185485,41.52537885141357,-28.252295774647806,-6.435798078272569,5.791957746478855
104185486,41.51912485066733,-28.24643661971821,-6.481732635477677,5.792415492957727
104185487,41.51200822912851,-28.240669014084418,-6.831633194469643,5.718352112676038
104185488,41.5048916075897,-28.23526760563371,-6.802735397918073,5.595126760563362
104185489,41.4980984688481,-28.229866197183,-6.989708454710699,5.4782183098591375
104185490,41.49130533010649,-28.224098591549208,-6.93525551717882,5.541204225352095
104185491,41.484080880968605,-28.21851408450695,-7.194257410152226,5.557957746478855
104185492,41.47707208702886,-28.212929577464692,-6.960810658159127,5.5965915492957565
104185493,41.46973981029189,-28.207711267605546,-7.078989706743163,5.649140845070404
104185494,41.46283884395122,-28.202035211267514,-7.107995330893806,5.53067605633801
104185495,41.45550656721425,-28.19645070422527,-7.119748539192766,5.565007042253503
104185496,41.448821256071724,-28.19104929577456,-6.992080661890304,5.528661971830968
104185497,41.44148897933476,-28.185647887323853,-7.171829269545037,5.428232394366179
104185498,41.43469584059316,-28.18033802816892,-7.04038742627502,5.411845070422517
104185499,41.42801052945063,-28.174936619718224,-6.690918177679346,5.48673239436618
104185500,41.42110956310995,-28.169352112675966,-6.805107605097679,5.46979577464787
104185501,41.41377728637299,-28.163859154929483,-6.953478381422162,5.453683098591531
104185502,41.40719980282954,-28.158366197183,-6.868725888550763,5.43711267605632
104185503,41.399975353691644,-28.152781690140756,-6.697819144020019,5.578098591549278
104185504,41.39329004254911,-28.1471971830985,-6.600558649656151,5.550450704225335
104185505,41.3861734210103,-28.141612676056255,-6.861932749809163,5.388499999999983
104185506,41.37916462707055,-28.13611971830977,-7.086321983480128,5.374309859154912
104185507,41.37226366072987,-28.130535211267514,-7.205147997658602,5.330366197183081
104185508,41.365362694389205,-28.12485915492948,-6.87713644127846,5.4577112676056165
104185509,41.35781476245409,-28.119457746478787,-7.51666193138057,5.333661971830969
104185510,41.35091379611342,-28.11369014084498,-7.298742353653987,5.453774647887307
104185511,41.343473691777376,-28.108380281690046,-7.298634526054914,5.396190140845053
104185512,41.33646489783763,-28.102795774647802,-7.252915624047952,5.377147887323926
104185513,41.32967175909603,-28.097028169013996,-7.018390596064122,5.529943661971813
104185514,41.32212382716092,-28.09171830985906,-7.0012460078115115,5.544774647887306
104185515,41.315654171216536,-28.086133802816818,-6.815998192604055,5.500373239436602
104185516,41.30810623928142,-28.08054929577456,-6.615762341125447,5.756711267605616
104185517,41.30131310053982,-28.075056338028077,-6.628378170216991,5.665161971830967
104185518,41.293980823802855,-28.069380281690044,-6.881449545241381,5.499457746478855
104185519,41.286648547065894,-28.0641619718309,-6.966202038112778,5.392711267605616
104185520,41.27974758072522,-28.05857746478864,-7.0280950799806945,5.270309859154913
104185521,41.2726309591864,-28.053176056337932,-7.117484159612232,5.215197183098575
104185522,41.26486737205314,-28.04804929577456,-7.392768020045665,5.171894366197167
104185523,41.257966405712466,-28.04237323943653,-7.146813266560096,5.268570422535195
104185524,41.25128109456994,-28.03706338028161,-7.067667808840494,5.286880281690124
104185525,41.24438012822927,-28.0316619718309,-7.083841948701449,5.340253521126743
104185526,41.23769481708674,-28.02626056338019,-7.048366668606422,5.396373239436602
104185527,41.2302547127507,-28.020950704225257,-7.187787754207844,5.428232394366179
104185528,41.22324591881095,-28.015457746478788,-7.266070591134861,5.370190140845053
104185529,41.21634495247028,-28.01005633802808,-7.258091348803457,5.494788732394348
104185530,41.20976746892683,-28.00456338028161,-7.039416977883362,5.3982957746478695
104185531,41.20243519218986,-27.998978873239338,-7.292919663304044,5.254563380281673
104185532,41.19596553624548,-27.99348591549287,-6.987875385526457,5.362774647887306
104185533,41.18884891470666,-27.98808450704216,-6.907004686221688,5.379253521126743
104185534,41.18162446556877,-27.98259154929569,-6.909700376198513,5.638887323943644
104185535,41.17450784402995,-27.977098591549208,-6.978817867204322,5.575169014084489
104185536,41.1674990500902,-27.97151408450695,-7.189189512995793,5.579471830985897
104185537,41.1607059113486,-27.966204225352016,-7.022488044828898,5.511816901408433
104185538,41.153912772607,-27.960528169013998,-6.923717964078007,5.54880281690139
104185539,41.14658049587003,-27.95476056338019,-6.872176371721101,5.576450704225334
104185540,41.139787357128434,-27.949267605633707,-6.756908668312036,5.6170985915492775
104185541,41.132455080391466,-27.94359154929569,-6.970730797273845,5.4961619718309676
104185542,41.12523063125357,-27.937915492957657,-6.80338236351251,5.5877112676056155
104185543,41.118221837313826,-27.932056338028076,-6.745371115211223,5.646119718309841
104185544,41.11121304337408,-27.92601408450696,-6.800255363139392,5.641542253521108
104185545,41.10388076663712,-27.920521126760477,-6.849963886312057,5.682647887323926
104185546,41.09676414509829,-27.914478873239347,-6.892663615544975,5.731626760563361
104185547,41.089539695960404,-27.90880281690133,-6.949920070652751,5.690063380281671
104185548,41.08231524682251,-27.90285211267596,-7.317288700694548,5.533788732394348
104185549,41.07509079768462,-27.897084507042166,-7.369692913844038,5.515845070422517
104185550,41.06818983134394,-27.89095070422526,-7.234369277007391,5.626345070422516
104185551,41.0607497270079,-27.885183098591455,-7.4326642317026845,5.4821549295774465
104185552,41.05330962267187,-27.879415492957662,-7.357508395148786,5.73885915492956
104185553,41.04619300113305,-27.87373943661963,-7.4628559594431305,5.549535211267587
104185554,41.03864506919793,-27.86788028169005,-7.6072371146019115,5.512915492957728
104185555,41.03098930966375,-27.86229577464779,-7.527983829283238,5.508246478873222
104185556,41.02387268812493,-27.856619718309773,-7.562919971382899,5.357098591549279
104185557,41.016001273392604,-27.850852112675966,-7.661690052133789,5.511816901408433
104185558,41.008884651853776,-27.845542253521046,-7.577045386861465,5.48673239436618
104185559,41.00079758192331,-27.84023239436611,-7.83141069307473,5.3357676056337855
104185560,40.99314182238912,-27.835014084506952,-7.61036411497503,5.43729577464787
104185561,40.98580954565215,-27.829704225352017,-7.703311505375978,5.417978873239419
104185562,40.97815378611797,-27.824119718309774,-7.788495308643667,5.362957746478855
104185563,40.97092933698008,-27.819084507042163,-7.745903407009822,5.209063380281673
104185564,40.96348923264404,-27.81377464788723,-7.756147028921759,5.207873239436602
104185565,40.95561781791171,-27.808830985915407,-7.796905861371362,5.193408450704209
104185566,40.94828554117474,-27.803795774647796,-7.795072792187121,5.132436619718293
104185567,40.940521954041486,-27.798577464788636,-7.636350566351628,5.124654929577448
104185568,40.932758366908224,-27.793816901408363,-7.691234814279799,5.007929577464773
104185569,40.924886952175896,-27.788690140844977,-7.973527468652978,4.943112676056322
104185570,40.91669205464635,-27.783929577464704,-8.190584425586977,5.000330985915477
104185571,40.90914412271123,-27.779077464788642,-7.954334156017979,5.044457746478857
104185572,40.90159619077612,-27.773676056337948,-7.8897454241732365,5.079246478873223
104185573,40.89372477604379,-27.76891549295766,-7.884785354615877,4.9717676056337865
104185574,40.88585336131146,-27.7636971830985,-7.930180773825621,5.003809859154913
104185575,40.878521084574494,-27.758387323943566,-7.854054488880066,5.029260563380265
104185576,40.870649669842166,-27.753626760563293,-8.172577216541782,4.97872535211266
104185577,40.86267042751076,-27.748499999999908,-8.256359261021522,4.906309859154914
104185578,40.85415204718399,-27.743739436619634,-8.129230521714426,4.954739436619702
104185579,40.84660411524888,-27.738704225352024,-8.083188136910245,4.895323943661956
104185580,40.8385170453184,-27.733669014084413,-8.165999732998326,4.850739436619702
104185581,40.83032214778885,-27.728908450704125,-8.288599713144357,4.778140845070407
104185582,40.821803767462086,-27.724147887323852,-8.255173157431718,4.724859154929562
104185583,40.81360886993254,-27.719295774647804,-8.276738677246323,4.895140845070406
104185584,40.80638442079464,-27.714077464788645,-7.952393259234665,5.044823943661956
104185585,40.79829735086416,-27.709133802816808,-8.227137981672733,4.895140845070406
104185586,40.79010245333461,-27.704190140844972,-8.055692099146622,4.988795774647871
104185587,40.78223103860228,-27.69924647887315,-8.123515658963555,4.793338028168999
104185588,40.77382048587459,-27.694394366197088,-8.19101573598327,5.006281690140829
104185589,40.76627255393947,-27.68954225352104,-8.104753656724847,4.8267535211267445
104185590,40.758616794405285,-27.684323943661894,-7.901067322075906,4.864654929577449
104185591,40.750529724474816,-27.67965492957738,-7.805855552094424,4.820619718309843
104185592,40.742442654544334,-27.674711267605545,-7.972557020261321,4.8125633802816745
104185593,40.734571239812006,-27.669676056337934,-7.765743685239259,4.85266197183097
104185594,40.72648416988153,-27.664732394366112,-8.186594804421276,4.838563380281674
104185595,40.718612755149195,-27.65997183098584,-8.051594650381848,4.6876901408450555
104185596,40.71106482321409,-27.654936619718228,-7.8517901092995315,4.8449718309859
104185597,40.70319340848175,-27.649901408450617,-7.7811630319067016,4.9512605633802655
104185598,40.69489068335313,-27.645232394366104,-7.778790824727094,4.888091549295759
104185599,40.68723492381895,-27.640288732394282,-7.779545617920606,4.884704225352097
104185600,40.67882437109125,-27.635161971830897,-7.99573995406202,4.829774647887308
104185601,40.67106078395799,-27.630309859154835,-7.916163185946128,4.866760563380266
104185602,40.66318936922566,-27.625366197183013,-8.225089257290344,4.7768591549295625
104185603,40.654994471696114,-27.620330985915402,-8.202768944282228,4.847352112676041
104185604,40.646799574166565,-27.61547887323934,-8.217325670157086,4.958859154929561
104185605,40.63871250423608,-27.610260563380194,-8.300352921443316,4.898802816901393
104185606,40.63019412390932,-27.605408450704132,-8.090089103250918,5.0112253521126595
104185607,40.622322709176984,-27.600281690140747,-7.863327662400346,5.1345422535211105
104185608,40.61423563924651,-27.5950633802816,-8.092461310430524,5.115499999999984
104185609,40.60604074171696,-27.59002816901399,-8.089334310057406,5.168690140845054
104185610,40.597630188989264,-27.58508450704217,-8.260456709786297,5.044274647887308
104185611,40.58900398106342,-27.57986619718301,-8.074022790989037,5.036676056338012
104185612,40.580916911132945,-27.574830985915398,-8.224334464096833,5.0011549295774484
104185613,40.57250635840525,-27.56933802816893,-8.130740108101447,5.114859154929561
104185614,40.56420363327663,-27.564211267605543,-8.151550834722542,5.123373239436603
104185615,40.55579308054893,-27.558535211267525,-8.340356960699408,5.162098591549279
104185616,40.547706010618455,-27.553042253521042,-8.030244785765388,5.270035211267588
104185617,40.539187630291686,-27.547823943661882,-8.069709687026116,5.244950704225335
104185618,40.53088490516306,-27.54223943661964,-8.095696138402714,5.3473943661971655
104185619,40.52290566283166,-27.536563380281606,-8.07984548133898,5.359021126760545
104185620,40.51492642050025,-27.531070422535123,-8.137317591644903,5.436288732394349
104185621,40.50716283336699,-27.525485915492865,-8.016874163480333,5.515570422535194
104185622,40.498860108238375,-27.520176056337945,-8.088363861665748,5.452126760563363
104185623,40.490880865906966,-27.514316901408364,-8.198348012720235,5.407999999999983
104185624,40.482901623575565,-27.50882394366188,-8.123731314161702,5.663605633802799
104185625,40.47449107084787,-27.503514084506946,-8.225089257290344,5.386577464788715
104185626,40.46651182851647,-27.498021126760477,-8.215384773373772,5.373852112676039
104185627,40.458209103387844,-27.492528169013994,-8.479346735904537,5.36323239436618
104185628,40.450014205858295,-27.48721830985906,-8.465436975624117,5.274429577464772
104185629,40.44181930832874,-27.481450704225267,-8.346718789044717,5.390514084507025
104185630,40.43330092800197,-27.476323943661882,-8.584802127797957,5.329176056338011
104185631,40.42510603047242,-27.470922535211173,-8.235009396405063,5.336774647887307
104185632,40.416695477744724,-27.46552112676048,-8.242126017943884,5.430429577464771
104185633,40.40903971821054,-27.460028169013995,-8.220452670530205,5.321852112676039
104185634,40.40073699308192,-27.45480985915485,-8.310920026152473,5.185260563380265
104185635,40.392002957557004,-27.44968309859145,-8.237165948386524,5.219774647887307
104185636,40.38326892203209,-27.444464788732304,-8.526359569100377,5.100760563380265
104185637,40.375289679700685,-27.439338028168933,-8.282022229600901,5.285140845070405
104185638,40.36666347177484,-27.434211267605548,-8.593536163322872,5.248521126760546
104185639,40.358252919047146,-27.428901408450614,-8.409366624106145,5.29823239436618
104185640,40.34897974552687,-27.424049295774566,-8.490021668212767,5.241929577464772
104185641,40.34056919279917,-27.419014084506955,-8.532937052643831,5.190845070422518
104185642,40.33172732967518,-27.41407042253512,-8.47406318354996,5.335126760563363
104185643,40.32353243214563,-27.408943661971747,-8.271670780089892,5.3385140845070245
104185644,40.31415143102628,-27.403633802816813,-8.64626385926958,5.291640845070405
104185645,40.30563305069951,-27.39869014084499,-8.710313453118957,5.2225211267605465
104185646,40.29679118757552,-27.393929577464704,-8.92143989210394,5.060204225352097
104185647,40.28773366925339,-27.388711267605544,-8.916587650145654,5.016901408450688
104185648,40.278999633728475,-27.383676056337933,-9.258401139207143,5.019098591549279
104185649,40.270157770604484,-27.37854929577456,-9.098061499385556,4.990352112676041
104185650,40.261423735079575,-27.37360563380274,-9.02344480082702,4.885985915492942
104185651,40.25247404435651,-27.36857042253513,-9.11003036288266,4.8836056338028015
104185652,40.24384783643067,-27.36335211267597,-8.924566892477056,4.904936619718294
104185653,40.23543728370297,-27.35813380281681,-8.756894975918504,4.939267605633787
104185654,40.2269189033762,-27.353007042253438,-8.645940376472362,5.048943661971815
104185655,40.21807704025221,-27.347971830985827,-8.592134404534923,5.124197183098575
104185656,40.209989970321736,-27.342570422535132,-8.449370663362236,5.135640845070406
104185657,40.2013637623959,-27.337260563380198,-8.449370663362236,5.173450704225335
104185658,40.19262972687098,-27.332133802816813,-8.427266005552267,5.225999999999983
104185659,40.18454265694051,-27.326732394366104,-8.398044726203477,5.2187676056337855
104185660,40.17623993181188,-27.321239436619635,-8.450772422150186,5.285507042253504
104185661,40.167613723886035,-27.3162957746478,-8.720772730229042,5.143788732394349
104185662,40.15866403316298,-27.31098591549288,-8.627825339828092,5.215380281690123
104185663,40.14982217003899,-27.305676056337944,-8.540269329380797,5.331556338028151
104185664,40.14162727250944,-27.30036619718301,-8.121790417378387,5.398204225352095
104185665,40.13343237497989,-27.294873239436527,-8.247733053095681,5.346478873239419
104185666,40.12512964985127,-27.28983802816893,-8.305097335802529,5.244859154929561
104185667,40.11639561432635,-27.284253521126672,-8.202337633885936,5.372936619718292
104185668,40.10776940640051,-27.279035211267512,-8.219697877336694,5.27616901408449
104185669,40.09935885367281,-27.273633802816818,-8.201798495890571,5.1562394366197015
104185670,40.0906248181479,-27.26823239436611,-8.197916702323942,5.281570422535194
104185671,40.081890782622985,-27.263105633802724,-8.377773137577748,5.162373239436603
104185672,40.073048919499,-27.25770422535203,-8.639255065329833,5.190204225352096
104185673,40.063991401176864,-27.25248591549287,-8.67548513861837,5.400401408450687
104185674,40.05525736565195,-27.247176056337935,-8.839598744407514,5.331647887323927
104185675,40.04684681292425,-27.241866197183,-8.63914723773076,5.264725352112659
104185676,40.03789712220119,-27.23673943661963,-8.658232722766686,5.1893802816901236
104185677,40.02927091427535,-27.231246478873146,-8.63947072052798,5.222612676056321
104185678,40.020536878750434,-27.225753521126677,-8.668907655074914,5.187183098591532
104185679,40.012018498423664,-27.220535211267517,-8.431363454317042,5.186633802816885
104185680,40.003176635299674,-27.21531690140837,-8.498647876138609,5.068535211267589
104185681,39.99433477217569,-27.21009859154921,-8.667505896286965,5.030816901408435
104185682,39.98613987464614,-27.20460563380273,-8.50792104965889,5.123556338028153
104185683,39.977729321918446,-27.199021126760485,-8.42489379837266,5.18004225352111
104185684,39.96899528639353,-27.19371126760555,-8.573048919498996,5.202654929577448
104185685,39.96080038886398,-27.18830985915484,-8.410444900096875,5.368176056338011
104185686,39.952389836136284,-27.182908450704133,-8.024529923014518,5.359204225352095
104185687,39.94462624900302,-27.177598591549213,-7.8167461396008,5.294204225352095
104185688,39.93643135147347,-27.171830985915406,-7.94937408646062,5.455239436619701
104185689,39.928236453943924,-27.166612676056246,-8.037361407304207,5.413218309859137
104185690,39.920041556414375,-27.161028169014003,-8.130524452903302,5.3791619718309684
104185691,39.911523176087606,-27.15571830985907,-7.950344534852277,5.515661971830968
104185692,39.90343610615713,-27.15013380281681,-8.065504410662268,5.4541408450704045
104185693,39.89534903622665,-27.144457746478793,-8.015148921895165,5.643373239436602
104185694,39.88693848349895,-27.13878169014076,-8.012021921522047,5.80349295774646
104185695,39.8787435859694,-27.133197183098503,-7.980644090191797,5.768612676056319
104185696,39.870548688439854,-27.127429577464696,-7.893627217739866,5.649323943661954
104185697,39.86256944610845,-27.121845070422452,-7.553215487466326,5.628816901408432
104185698,39.85426672097983,-27.115894366197097,-7.840036901000572,5.686401408450686
104185699,39.846179651049354,-27.110309859154853,-7.867964249160487,5.698211267605616
104185700,39.83830823631702,-27.104267605633723,-7.600228320662166,5.879387323943643
104185701,39.830005511188396,-27.09859154929569,-7.741158992650608,5.737119718309841
104185702,39.8215949584607,-27.092823943661884,-8.07413061858811,5.635591549295756
104185703,39.81372354372837,-27.086964788732317,-8.314047026525591,5.571049295774629
104185704,39.80542081859975,-27.081380281690045,-8.313723543728372,5.594394366197165
104185705,39.79765723146649,-27.075704225352027,-8.065720065860413,5.529485915492939
104185706,39.78892319594158,-27.06993661971822,-8.173763320131584,5.502112676056321
104185707,39.78072829841203,-27.0646267605633,-7.820627933167428,5.386577464788715
104185708,39.77253340088247,-27.05876760563372,-7.988731160122274,5.420267605633786
104185709,39.765201124145506,-27.05318309859146,-7.609717149380591,5.606936619718292
104185710,39.75732970941318,-27.047598591549203,-7.588690767561351,5.629183098591531
104185711,39.749350467081776,-27.041922535211185,-7.7902205502288355,5.513190140845052
104185712,39.741694707547595,-27.036338028168927,-7.885971458205682,5.4401338028168835
104185713,39.733391982418965,-27.030845070422444,-8.295392851885957,5.3152605633802645
104185714,39.72562839528571,-27.025169014084412,-8.111331140268303,5.407359154929559
104185715,39.717864808152456,-27.01985915492949,-8.192094011974,5.307387323943645
104185716,39.7096699106229,-27.01436619718301,-8.363539894500109,5.295943661971814
104185717,39.701906323489645,-27.0089647887323,-8.013423680309996,5.2937464788732225
104185718,39.69403490875732,-27.00347183098583,-8.141522868008751,5.443521126760546
104185719,39.68551652843055,-26.997887323943573,-8.112517243858106,5.583316901408432
104185720,39.67753728609914,-26.99248591549288,-7.90624304683141,5.524725352112658
104185721,39.669773698965884,-26.98708450704217,-7.9708317786761524,5.405802816901391
104185722,39.66136314623819,-26.98186619718301,-8.183467804048158,5.397197183098574
104185723,39.65403086950122,-26.976190140844977,-7.880795733450176,5.567936619718291
104185724,39.64551248917445,-26.970788732394283,-8.063563513878954,5.44635915492956
104185725,39.637101936446754,-26.965661971830897,-8.24848784628919,5.365429577464771
104185726,39.6293383493135,-26.96026056338019,-8.147345558358694,5.278915492957729
104185727,39.62103562418488,-26.955042253521043,-8.255280985030792,5.476753521126743
104185728,39.6129485542544,-26.94954929577456,-8.427912971146704,5.458169014084489
104185729,39.604538001526706,-26.944056338028076,-8.424354660377295,5.453225352112659
104185730,39.59591179360086,-26.939112676056254,-8.31296875053486,5.288345070422518
104185731,39.58760906847224,-26.93380281690132,-8.50727408406445,5.23341549295773
104185732,39.57941417094269,-26.928218309859076,-8.334965580745758,5.286880281690124
104185733,39.57078796301685,-26.923183098591466,-8.741906939647354,5.189197183098575
104185734,39.56270089308637,-26.917507042253433,-8.539838018984506,5.286605633802799
104185735,39.553643374764235,-26.912380281690062,-8.79172329041909,5.206408450704208
104185736,39.54534064963561,-26.90688732394358,-8.567657539545346,5.214556338028152
104185737,39.53671444170977,-26.901577464788645,-8.549219020103857,5.23735211267604
104185738,39.52798040618485,-26.895992957746387,-8.515576809193075,5.384563380281673
104185739,39.51924637065994,-26.890683098591467,-8.565393159964811,5.366070422535194
104185740,39.51072799033317,-26.885373239436532,-8.523124741128186,5.2949366197182925
104185741,39.501993954808256,-26.8796971830985,-8.856312022263833,5.359753521126743
104185742,39.493152091684266,-26.87420422535203,-9.181843543865297,5.348676056338011
104185743,39.484418056159356,-26.868894366197097,-9.152622264516506,5.351514084507025
104185744,39.47600750343166,-26.86312676056329,-9.131595882697265,5.4211830985915315
104185745,39.46770477830303,-26.857908450704144,-8.66513368910736,5.563267605633785
104185746,39.459078570377194,-26.852323943661887,-8.91852854692897,5.450295774647869
104185747,39.450236707253204,-26.846830985915403,-9.011152454532697,5.339612676056321
104185748,39.44161049932736,-26.841429577464694,-8.773069115779458,5.414591549295757
104185749,39.433199946599665,-26.836028169014,-8.81986629377715,5.371929577464772
104185750,39.424142428277534,-26.830535211267517,-8.922949478490963,5.356549295774631
104185751,39.41573187554984,-26.825133802816808,-9.062801874488676,5.225908450704209
104185752,39.4066743572277,-26.81964084507034,-9.118117432813138,5.234422535211251
104185753,39.3975090113065,-26.814330985915404,-9.074555082787635,5.231767605633786
104185754,39.38888280338065,-26.80874647887316,-8.708156901137496,5.427133802816884
104185755,39.379825285058516,-26.803436619718227,-8.778244840534962,5.4008591549295595
104185756,39.37087559433546,-26.798126760563292,-8.673544241835055,5.4415070422535035
104185757,39.36181807601332,-26.792908450704147,-8.885317646414476,5.27992253521125
104185758,39.352868385290265,-26.787690140844987,-8.8840237152256,5.319838028168997
104185759,39.34359521176998,-26.782288732394278,-8.987646037934777,5.295028169014067
104185760,39.334106383051555,-26.777161971830893,-8.981823347584834,5.290084507042237
104185761,39.32483320953128,-26.771852112675973,-8.94462282590464,5.422647887323926
104185762,39.31556003601099,-26.766450704225264,-8.977186760824694,5.335035211267589
104185763,39.30574772449535,-26.761232394366104,-8.932546134808462,5.571598591549278
104185764,39.29625889577692,-26.755739436619635,-8.985920796349609,5.571415492957729
104185765,39.287524860252006,-26.75024647887315,-8.812210534242967,5.571781690140827
104185766,39.278143859132655,-26.745211267605555,-8.774470874567408,5.497077464788714
104185767,39.26897851321145,-26.73971830985907,-8.885533301612623,5.512640845070404
104185768,39.25981316729024,-26.73422535211259,-8.842725744780632,5.572422535211249
104185769,39.25010868337367,-26.728915492957668,-9.207075202048383,5.564915492957728
104185770,39.24105116505154,-26.723239436619636,-9.219906686338073,5.588443661971813
104185771,39.23177799153126,-26.7179295774647,-9.25581327682939,5.646211267605615
104185772,39.22315178360542,-26.712161971830895,-9.276300520653265,5.574528169014067
104185773,39.21377078248606,-26.706485915492877,-9.209986547223355,5.550999999999982
104185774,39.20471326416393,-26.700992957746394,-9.152298781719287,5.504676056338011
104185775,39.19587140103994,-26.695225352112587,-9.154670988898893,5.4961619718309676
104185776,39.187245193114094,-26.68945774647878,-8.641735100108514,5.779598591549277
104185777,39.178511157589185,-26.683781690140762,-8.738564284076089,5.731169014084489
104185778,39.16977712206427,-26.677739436619632,-8.767785563424878,5.745816901408432
104185779,39.16050394854398,-26.6720633802816,-8.829247294896504,5.58404929577463
104185780,39.151769913019066,-26.66638732394358,-8.86655564417577,5.555394366197165
104185781,39.14260456709786,-26.66071126760555,-8.854263297881445,5.6957394366197
104185782,39.13354704877573,-26.654943661971743,-8.849626711121306,5.688232394366179
104185783,39.12459735805267,-26.649267605633725,-8.765736839042493,5.5152957746478695
104185784,39.115432012131464,-26.64377464788724,-8.61240599316065,5.577091549295757
104185785,39.10615883861118,-26.63846478873232,-8.63483413376784,5.589725352112658
104185786,39.09710132028905,-26.63288028169005,-8.682170449760896,5.584140845070404
104185787,39.087612491570624,-26.627204225352017,-8.986891244741267,5.629274647887306
104185788,39.078770628446634,-26.621528169014,-8.858792057042512,5.51767605633801
104185789,39.06906614453006,-26.61630985915484,-9.130409779107463,5.456521126760546
104185790,39.05990079860885,-26.61099999999992,-9.335713527742502,5.37092253521125
104185791,39.05062762508857,-26.605507042253436,-9.081779531925527,5.369366197183081
104185792,39.041030968771075,-26.60028873239429,-9.093209257427269,5.370190140845053
104185793,39.03208127804801,-26.594704225352018,-9.234571239812004,5.240830985915475
104185794,39.02280810452773,-26.589485915492872,-8.868280885760939,5.485633802816884
104185795,39.01364275860652,-26.584084507042164,-9.023876111223313,5.367626760563363
104185796,39.00447741268532,-26.578866197183018,-9.098169326984626,5.238999999999983
104185797,38.99477292876875,-26.573647887323858,-9.005653246979971,5.283584507042236
104185798,38.985715410446616,-26.568338028168924,-9.145397815378614,5.151112676056321
104185799,38.976550064525405,-26.56311971830978,-9.00198710861149,5.276352112676039
104185800,38.967492546203275,-26.55790140845062,-9.37269839422455,5.228563380281673
104185801,38.95854285548021,-26.55268309859146,-9.218289272351978,5.122366197183082
104185802,38.94883837156364,-26.547739436619636,-9.2689682439163,5.08922535211266
104185803,38.94031999123687,-26.542429577464702,-9.089758774256932,5.06047887323942
104185804,38.93093899011752,-26.53730281690133,-9.125881019946396,5.026880281690125
104185805,38.92188147179538,-26.53245070422527,-9.287838073754079,4.899443661971815
104185806,38.9130396086714,-26.52723239436611,-9.207398684845602,4.920316901408435
104185807,38.90398209034926,-26.522288732394273,-9.125126226752883,4.98916197183097
104185808,38.89514022722527,-26.517070422535127,-9.304012213615033,4.888457746478857
104185809,38.88586705370499,-26.511760563380193,-9.22799375626855,5.036676056338012
104185810,38.87637822498657,-26.506725352112582,-9.118440915610357,4.99566197183097
104185811,38.8674285342635,-26.501690140844985,-9.207398684845602,4.936887323943646
104185812,38.85793970554508,-26.49665492957739,-8.935996617978798,5.316450704225335
104185813,38.84899001482202,-26.491619718309778,-8.7189396610448,5.267288732394349
104185814,38.83971684130174,-26.486126760563295,-9.030992732762133,5.205492957746462
104185815,38.830012357385165,-26.481366197183007,-9.101511982555891,5.170338028168997
104185816,38.82073918386489,-26.475964788732313,-9.05115649378879,5.241563380281673
104185817,38.81168166554275,-26.470929577464716,-9.053960011364687,5.232866197183082
104185818,38.802516319621546,-26.46561971830978,-9.210741340416865,5.220598591549279
104185819,38.79313531850219,-26.4601267605633,-9.24610879291282,5.334211267605617
104185820,38.78332300698655,-26.455091549295688,-9.447207265184009,5.192859154929561
104185821,38.774373316263485,-26.44959859154922,-9.38876470648643,5.230577464788715
104185822,38.76488448754506,-26.44419718309851,-9.205781270859507,5.245957746478856
104185823,38.75528783122756,-26.43897887323935,-9.567003727754141,5.179676056338011
104185824,38.74644596810357,-26.433852112675964,-9.272742209883855,5.084739436619702
104185825,38.736849311786074,-26.42863380281682,-9.306815731190932,5.249345070422518
104185826,38.728330931459304,-26.423323943661885,-9.06646801285716,5.140126760563364
104185827,38.71884210274088,-26.41801408450695,-9.139467297429597,5.099845070422519
104185828,38.709892412017815,-26.412795774647805,-9.058704425723901,5.219499999999983
104185829,38.700727066096604,-26.407577464788645,-9.18874451020597,5.112295774647871
104185830,38.69188520297262,-26.4023591549295,-8.732525938528001,5.352612676056321
104185831,38.68282768465048,-26.39732394366189,-8.8348543300483,5.333936619718293
104185832,38.67366233872928,-26.392288732394277,-8.903432683058746,5.285964788732377
104185833,38.66492830320436,-26.387161971830906,-8.65909534355927,5.104056338028153
104185834,38.655978612481306,-26.38221830985907,-8.589977852553462,5.036401408450688
104185835,38.64692109415917,-26.37709154929569,-8.556982607237115,5.068809859154913
104185836,38.63851054143147,-26.371964788732313,-8.755061906734262,5.061119718309842
104185837,38.62956085070841,-26.366838028168928,-8.851998918300913,5.056450704225336
104185838,38.62050333238628,-26.362169014084422,-8.872701817322932,4.96966197183097
104185839,38.611877124460435,-26.357042253521044,-8.780940530511788,5.025964788732378
104185840,38.60271177853923,-26.351732394366117,-9.037570216305587,5.1015845070422365
104185841,38.593977743014314,-26.346788732394288,-9.148309160553584,5.143239436619702
104185842,38.5852437074894,-26.341661971830902,-9.138389021438867,5.104971830985899
104185843,38.57597053396912,-26.33662676056329,-9.025601352808483,5.1449788732394195
104185844,38.567020843246056,-26.331683098591462,-8.9072066490263,5.066338028168998
104185845,38.55882594571651,-26.326373239436542,-8.400309105784011,5.178394366197167
104185846,38.54987625499345,-26.32133802816893,-8.690581002488594,5.214281690140828
104185847,38.54125004706761,-26.31611971830978,-8.616934752321717,5.2949366197182925
104185848,38.53219252874547,-26.311084507042175,-8.64842041125104,5.312330985915476
104185849,38.52378197601777,-26.30595774647879,-8.450448939352967,5.134176056338012
104185850,38.51547925088915,-26.300647887323855,-8.307469542982137,5.1335352112675885
104185851,38.5060982497698,-26.295521126760484,-8.230372809644923,5.171345070422519
104185852,38.49811900743839,-26.29021126760555,-8.154570007496586,5.153035211267588
104185853,38.489816282309775,-26.284535211267524,-8.158775283860434,5.2937464788732225
104185854,38.48162138478022,-26.279499999999913,-8.230696292442142,5.054894366197167
104185855,38.47374997004789,-26.27382394366189,-8.04242930446064,5.2361619718309695
104185856,38.465339417320195,-26.26842253521118,-8.323535855244016,5.237992957746462
104185857,38.45746800258786,-26.26283802816893,-8.077473274159374,5.340345070422518
104185858,38.449704415454605,-26.25707042253513,-8.126103521341308,5.306654929577448
104185859,38.44161734552413,-26.251760563380202,-8.060005203109544,5.296035211267588
104185860,38.43331462039551,-26.24626760563372,-8.115644244231225,5.209429577464772
104185861,38.42544320566317,-26.24095774647879,-7.987221573735252,5.294478873239419
104185862,38.41746396333177,-26.23528169014076,-8.096666586794372,5.396830985915476
104185863,38.409700376198515,-26.22969718309851,-8.05590775434477,5.3646056338028
104185864,38.40182896146618,-26.22438732394358,-7.98075191779087,5.398478873239419
104185865,38.39384971913478,-26.218802816901324,-8.023559474622862,5.301894366197166
104185866,38.38597830440245,-26.21358450704217,-7.676678088404939,5.4845352112675885
104185867,38.37853820006641,-26.208091549295688,-7.602061389846406,5.532323943661954
104185868,38.37088244053223,-26.202690140844986,-7.513966241403745,5.438852112676038
104185869,38.362903198200826,-26.19738028169005,-7.495419894363185,5.587070422535193
104185870,38.35470830067127,-26.191887323943575,-7.525827277301778,5.5164859154929395
104185871,38.34640557554265,-26.186302816901325,-7.481186651285546,5.4784014084506865
104185872,38.338749816008466,-26.181084507042172,-7.784936997874256,5.428232394366179
104185873,38.330447090879844,-26.175957746478787,-8.066906169450217,5.23478873239435
104185874,38.32289915894473,-26.170922535211183,-7.9337390845950315,5.217211267605617
104185875,38.31459643381611,-26.16552112676048,-8.004689644785081,5.255112676056321
104185876,38.30726415707914,-26.16030281690132,-7.569497454926353,5.182330985915476
104185877,38.29960839754496,-26.154901408450627,-7.620823392085113,5.226091549295758
104185878,38.29206046560984,-26.14968309859146,-7.678726812787327,5.162190140845054
104185879,38.28408122327844,-26.14473943661963,-7.825264519927568,5.1791267605633635
104185880,38.276748946541474,-26.139246478873154,-7.86526855918366,5.259049295774631
104185881,38.26930884220543,-26.13411971830977,-7.708810712928702,5.072563380281673
104185882,38.26100611707681,-26.12917605633794,-7.876482629487255,4.937619718309843
104185883,38.253997323137064,-26.123866197183013,-7.55763641902832,5.023126760563364
104185884,38.24634156360288,-26.118922535211183,-7.398698537994681,5.325514084507025
104185885,38.23890145926684,-26.11370422535203,-7.420803195804651,5.282943661971814
104185886,38.23167701012895,-26.108394366197096,-7.5239942081175375,5.182147887323927
104185887,38.22434473339199,-26.102901408450627,-7.522484621730515,5.21254225352111
104185888,38.2166889738578,-26.09795774647879,-7.702125401786173,5.092429577464772
104185889,38.209788007517126,-26.092647887323864,-7.334541116546231,5.18516901408449
104185890,38.202347903181085,-26.087612676056253,-7.591278629939104,5.049401408450688
104185891,38.19490779884505,-26.08221126760555,-7.583946353202138,5.103323943661955
104185892,38.18725203931086,-26.077084507042173,-7.635811428356264,5.046654929577448
104185893,38.180243245371116,-26.071957746478787,-7.531326484854502,4.989070422535195
104185894,38.17258748583693,-26.066739436619635,-7.628694806817444,4.975795774647871
104185895,38.16525520909997,-26.061704225352024,-7.4890580660178765,4.989345070422519
104185896,38.15813858756115,-26.056211267605555,-7.304025906008566,5.089591549295758
104185897,38.15080631082418,-26.0513591549295,-7.187464271410625,5.073661971830969
104185898,38.14282706849278,-26.046049295774566,-7.33734463412213,5.119894366197166
104185899,38.13571044695396,-26.040830985915406,-7.160938682038661,5.185443661971814
104185900,38.12837817021699,-26.035887323943577,-7.3775643285763675,5.141866197183082
104185901,38.12093806588095,-26.030669014084424,-7.608962356187081,5.114492957746462
104185902,38.113497961544915,-26.025908450704144,-7.382093087737435,5.346021126760546
104185903,38.106057857208874,-26.020690140844984,-7.568850489331916,5.36185915492956
104185904,38.09850992527376,-26.015380281690057,-7.558391212221832,5.284591549295757
104185905,38.09139330373495,-26.010161971830904,-7.211617653602983,5.373028169014067
104185906,38.08373754420076,-26.005035211267526,-7.613167632550928,5.256943661971814
104185907,38.07586612946843,-25.999542253521042,-7.626106944439691,5.378429577464772
104185908,38.0679947147361,-25.994415492957664,-7.687892158708534,5.302260563380265
104185909,38.060662437999135,-25.989105633802737,-7.395032399626199,5.266830985915476
104185910,38.05322233366309,-25.98397887323935,-7.290978766520729,5.177387323943645
104185911,38.04610571212427,-25.978669014084424,-7.583515042805846,5.23597887323942
104185912,38.03866560778823,-25.97335915492949,-7.597963941081631,5.334119718309841
104185913,38.030794193055904,-25.96823239436612,-7.816099174006361,5.178028169014068
104185914,38.02335408871986,-25.96283098591541,-7.738139819876563,5.103140845070406
104185915,38.01591398438383,-25.95788732394358,-7.541677934365513,5.0493098591549135
104185916,38.00825822484964,-25.952760563380203,-7.657592603369014,5.075126760563363
104185917,38.000494637716386,-25.947359154929494,-7.690048710689996,5.056084507042237
104185918,37.99262322298405,-25.94223239436611,-7.638399290734016,5.217577464788715
104185919,37.98529094624709,-25.936830985915414,-7.521514173338857,5.182239436619701
104185920,37.9776351867129,-25.931887323943585,-7.417137057436169,5.141499999999984
104185921,37.97019508237686,-25.9267605633802,-7.546530176323798,5.18379577464787
104185922,37.962647150441754,-25.921450704225272,-7.6765702608058675,5.162007042253504
104185923,37.954667908110345,-25.91623239436612,-7.68487298593449,5.170887323943645
104185924,37.94722780377431,-25.911014084506967,-7.89912642529259,5.098838028168998
104185925,37.93892507864569,-25.905612676056258,-7.90052818408054,5.179584507042237
104185926,37.9312693191115,-25.900302816901323,-7.908399598812871,5.259323943661955
104185927,37.9232900767801,-25.89480985915484,-7.8563188684605985,5.404154929577447
104185928,37.914987351651476,-25.889408450704146,-7.827205416710883,5.467323943661954
104185929,37.907008109320074,-25.884007042253437,-7.766714133630916,5.37604929577463
104185930,37.89913669458774,-25.877964788732314,-7.610579770173176,5.540197183098574
104185931,37.89126527985541,-25.87265492957738,-7.676354605607721,5.402964788732377
104185932,37.88339386512308,-25.866887323943573,-7.730807543139598,5.491401408450686
104185933,37.87541462279167,-25.861394366197104,-7.646809843461711,5.622866197183081
104185934,37.86711189766305,-25.85553521126753,-7.866346835174391,5.7152394366197
104185935,37.85956396572794,-25.849584507042167,-7.321601804657469,5.697936619718291
104185936,37.85169255099561,-25.843999999999916,-7.58006455963551,5.548619718309841
104185937,37.84403679146142,-25.838415492957665,-7.812972173633243,5.567661971830968
104185938,37.83594972153095,-25.83264788732386,-7.915300565153544,5.67880281690139
104185939,37.82786265160047,-25.82688028169006,-8.256251433422449,5.688873239436601
104185940,37.82031471966536,-25.82111267605626,-8.025500371406174,5.774105633802798
104185941,37.81233547733395,-25.815894366197107,-7.741482475447827,5.662781690140827
104185942,37.80489537299792,-25.81030985915485,-7.517848034970375,5.716246478873221
104185943,37.79691613066652,-25.804633802816824,-7.817824415591529,5.657471830985897
104185944,37.78872123313696,-25.79914084507034,-7.999945230425868,5.7228380281689955
104185945,37.781388956399994,-25.793464788732308,-7.779545617920606,5.608126760563362
104185946,37.77340971406859,-25.78852112676048,-8.018275922268282,5.420084507042236
104185947,37.76564612693534,-25.78321126760555,-7.948080155271743,5.333753521126743
104185948,37.757882539802075,-25.777809859154843,-7.768978513211449,5.284225352112659
104185949,37.74957981467345,-25.772499999999923,-7.998974782034211,5.360485915492941
104185950,37.7418162275402,-25.767373239436537,-7.747412993396844,5.213091549295758
104185951,37.733190019614355,-25.762521126760483,-8.013100197512777,5.322767605633786
104185952,37.725749915278314,-25.757302816901323,-7.939130464548683,5.3516056338028
104185953,37.71744719014969,-25.75208450704217,-7.897185528509276,5.417521126760546
104185954,37.70946794781829,-25.747049295774573,-7.990456401707442,5.37092253521125
104185955,37.701057395090594,-25.74210563380273,-8.023343819424715,5.161091549295758
104185956,37.69232335956568,-25.736887323943577,-8.014070645904434,5.170338028168997
104185957,37.684344117234275,-25.73185211267598,-8.301646852632192,5.068809859154913
104185958,37.67636487490287,-25.726725352112595,-8.102597104743388,5.007380281690125
104185959,37.667846494576104,-25.721598591549217,-7.976115331030729,5.074028169014068
104185960,37.659651597046555,-25.716197183098515,-8.18713394241664,5.266190140845053
104185961,37.65178018231422,-25.71088732394358,-7.7091341957259205,5.260239436619702
104185962,37.64336962958652,-25.705669014084428,-7.910771805992477,5.351239436619701
104185963,37.63592952525049,-25.700542253521043,-7.773183789575297,5.162556338028152
104185964,37.627303317324646,-25.69541549295767,-7.986143297744522,5.261154929577447
104185965,37.61943190259231,-25.689830985915407,-7.966842157510451,5.267197183098575
104185966,37.611344832661835,-25.68452112676048,-8.051918133179067,5.223436619718293
104185967,37.60325776273136,-25.679302816901327,-7.93762087816166,5.146718309859138
104185968,37.59527852039996,-25.67380985915485,-7.835831624636724,5.226366197183082
104185969,37.587191450469476,-25.66877464788724,-7.605619700615816,5.34492253521125
104185970,37.57899655293993,-25.66319014084499,-7.846290901746808,5.383007042253503
104185971,37.571017310608525,-25.657880281690062,-7.78968141223347,5.211718309859138
104185972,37.56346937867342,-25.65266197183091,-7.8068260004860806,5.119070422535195
104185973,37.55549013634201,-25.647169014084426,-7.689617400293703,5.114492957746462
104185974,37.547942204406894,-25.641767605633717,-7.657484775769941,5.0976478873239275
104185975,37.53985513447642,-25.63645774647879,-8.056231237141988,5.116873239436603
104185976,37.5311210989515,-25.63133098591541,-8.193819253559168,5.183154929577448
104185977,37.523896649813615,-25.625929577464703,-7.789250101837178,5.345563380281672
104185978,37.51527044188777,-25.62071126760555,-7.938052188557952,5.336957746478856
104185979,37.506859889160076,-25.615401408450623,-8.042752787257859,5.436014084507025
104185980,37.49844933643238,-25.610274647887238,-8.073699308191818,5.384471830985898
104185981,37.49068574929912,-25.604873239436543,-7.745472096613529,5.467964788732377
104185982,37.4823830241705,-25.59965492957739,-7.689617400293703,5.505957746478855
104185983,37.47408029904187,-25.59425352112668,-8.15111952432625,5.432901408450687
104185984,37.4659932291114,-25.588760563380198,-7.792700585007514,5.477852112676039
104185985,37.457690503982775,-25.583542253521045,-7.845643936152371,5.512091549295756
104185986,37.44992691684952,-25.577866197183013,-7.605080562620451,5.573338028168996
104185987,37.4411928813246,-25.57246478873231,-7.884354044219586,5.782253521126742
104185988,37.43353712179042,-25.56678873239428,-7.584269835999357,5.790035211267586
104185989,37.42566570705809,-25.56111267605626,-7.759274029294876,5.689971830985897
104185990,37.41747080952854,-25.555619718309778,-7.766606306031842,5.7190845070422345
104185991,37.409922877593424,-25.549577464788648,-7.758411408502293,5.756436619718292
104185992,37.40194363526202,-25.5436267605633,-7.846830039742174,5.765499999999982
104185993,37.39471918612413,-25.537950704225267,-7.638399290734016,5.7812464788732205
104185994,37.38663211619365,-25.532183098591467,-7.8420856253829605,5.753873239436602
104185995,37.379299839456685,-25.52604929577457,-7.553970280659836,5.878654929577446
104185996,37.37175190752158,-25.52000704225344,-7.566154799355089,5.812922535211248
104185997,37.36409614798739,-25.513690140844993,-7.583191560008627,5.828302816901389
104185998,37.356332560854135,-25.50801408450696,-7.509221827044532,5.7800563380281496
104185999,37.349215939315314,-25.501514084506958,-7.441182612029453,5.947225352112658
104186000,37.342099317776494,-25.495380281690068,-7.450563613148807,6.057725352112657
104186001,37.33465921344045,-25.48915492957738,-7.373574707410667,6.0658732394366
104186002,37.327650419500706,-25.48292957746471,-7.276422040645871,6.005542253521107
104186003,37.32042597036281,-25.47688732394358,-7.126002539939002,6.0540633802816695
104186004,37.31298586602678,-25.470570422535133,-7.404197745547406,6.085647887323924
104186005,37.30554576169074,-25.464528169014002,-7.438918232448919,6.09049999999998
104186006,37.29853696775099,-25.458302816901323,-7.361282361116341,6.214732394366177
104186007,37.291528173811244,-25.451985915492877,-7.348450876826652,6.166394366197163
104186008,37.28398024187614,-25.445943661971747,-7.363223257899656,6.265359154929557
104186009,37.27664796513917,-25.43980985915485,-7.562273005788461,6.2393591549295575
104186010,37.26920786080313,-25.433492957746402,-7.43287988690083,6.25949999999998
104186011,37.26187558406616,-25.427450704225272,-7.559146005415342,6.210887323943641
104186012,37.254866790126414,-25.42140845070415,-7.370879017433841,6.197795774647867
104186013,37.247318858191306,-25.41536619718302,-7.429105920933274,6.143323943661952
104186014,37.239878753855265,-25.409507042253438,-7.474609167742091,6.0883943661971625
104186015,37.232438649519224,-25.403556338028082,-7.217871654349218,6.015612676056318
104186016,37.22521420038133,-25.397697183098515,-7.017743630469685,6.066056338028149
104186017,37.21809757884252,-25.39174647887316,-7.228654414256521,6.074845070422516
104186018,37.21044181930833,-25.385887323943578,-7.702017574187101,6.079880281690121
104186019,37.203540852967656,-25.37975352112668,-7.7046054365648535,6.121992957746459
104186020,37.19599292103254,-25.3738943661971,-7.461562028254255,5.979999999999981
104186021,37.18919978229094,-25.36794366197175,-7.294968387686432,5.902274647887305
104186022,37.182514471148416,-25.362084507042177,-6.900966340673598,5.813654929577447
104186023,37.175397849609595,-25.356042253521046,-7.027555941985329,5.937154929577446
104186024,37.16871253846707,-25.35036619718302,-7.050954530984177,5.847161971830967
104186025,37.16191939972547,-25.344140845070335,-6.868725888550763,5.922323943661953
104186026,37.15447929538943,-25.338556338028084,-6.924257102073371,5.831049295774629
104186027,37.14800963944505,-25.33269718309851,-6.635494791755811,5.927816901408431
104186028,37.14121650070345,-25.32647183098583,-6.788825637637652,6.026598591549276
104186029,37.1342077067637,-25.320521126760482,-6.736205769290016,5.994739436619699
104186030,37.127630223220244,-25.314478873239352,-6.582227957813736,5.882042253521107
104186031,37.120837084478644,-25.30871126760556,-6.70676883474308,5.928732394366178
104186032,37.11425960093519,-25.302394366197106,-6.804244984305095,5.923788732394347
104186033,37.107574289792666,-25.296169014084427,-6.579316612638765,5.898063380281671
104186034,37.10056549585292,-25.29021830985908,-6.6807823833664814,5.896140845070404
104186035,37.09420366750761,-25.283992957746406,-6.559368506810254,5.996478873239417
104186036,37.08773401156323,-25.277859154929494,-6.38166862353791,6.3859295774647675
104186037,37.080833045222555,-25.271542253521048,-6.154583699890119,6.436464788732373
104186038,37.0742555616791,-25.26531690140837,-6.22057419052281,6.287422535211247
104186039,37.06757025053657,-25.25918309859147,-6.196097325533234,6.356176056338008
104186040,37.06088493939404,-25.252957746478792,-6.373689381206506,6.248330985915473
104186041,37.054091800652444,-25.246823943661894,-6.390079176265606,6.32449999999998
104186042,37.047837799906205,-25.24069014084499,-6.1453105263698395,6.274514084507022
104186043,37.04126031636275,-25.234464788732318,-6.107786521892426,6.1361830985915295
104186044,37.034575005220226,-25.22823943661964,-6.182295392851886,6.211985915492937
104186045,37.02875231487028,-25.22164788732386,-5.988421369718588,6.22956338028167
104186046,37.02217483132683,-25.215330985915415,-6.074683448977008,6.217387323943642
104186047,37.01624431337781,-25.209105633802736,-6.202998291873907,6.243570422535191
104186048,37.01020596782972,-25.202788732394282,-5.96674802230491,6.236612676056318
104186049,37.00373631188534,-25.19665492957739,-5.904639325238848,6.282845070422514
104186050,36.99802144913447,-25.190246478873163,-5.730282097537766,6.254281690140825
104186051,36.99155179319009,-25.18411267605626,-5.992303163285216,6.113478873239417
104186052,36.98529779244385,-25.177795774647805,-6.078457414944563,6.153669014084487
104186053,36.97893596409855,-25.17147887323936,-6.094631554805518,6.137464788732375
104186054,36.972574135753234,-25.16507042253513,-6.146604457558715,6.4559647887323734
104186055,36.9667514454033,-25.158661971830902,-6.137007801241216,6.421725352112655
104186056,36.961252237850566,-25.15179577464781,-5.936017156569098,6.510345070422513
104186057,36.95489040950526,-25.145387323943588,-5.833473109850651,6.568936619718288
104186058,36.94917554675439,-25.138612676056262,-5.925881362256233,6.609309859154908
104186059,36.94324502880537,-25.131471830985838,-5.865713561973486,6.748830985915472
104186060,36.937637993653574,-25.124605633802744,-6.0509613771809425,6.618464788732372
104186061,36.9319231309027,-25.11746478873232,-5.965238435917888,6.699669014084485
104186062,36.92599261295369,-25.110507042253438,-6.04158037606159,6.840929577464767
104186063,36.92027775020282,-25.103274647887247,-6.21593760376267,6.842943661971809
104186064,36.91423940465473,-25.095676056337943,-6.323657375236622,6.922499999999977
104186065,36.908740197102006,-25.088260563380196,-5.994998853262042,7.017345070422512
104186066,36.90324098954928,-25.080753521126688,-5.988960507713953,7.033457746478851
104186067,36.89698698880304,-25.073521126760483,-5.922646534284042,7.052316901408428
104186068,36.89181126404754,-25.065922535211193,-5.735996960288636,7.110359154929554
104186069,36.885988573697595,-25.05841549295767,-5.666663814084681,7.18433098591547
104186070,36.88016588334765,-25.051183098591466,-5.682406643549343,7.210147887323919
104186071,36.873804055002346,-25.043676056337944,-5.9466920888773265,7.188908450704202
104186072,36.868089192251475,-25.036535211267527,-5.72079326881934,7.379788732394342
104186073,36.86258998469875,-25.029119718309786,-5.67626047040218,7.483605633802792
104186074,36.85687512194788,-25.021612676056257,-5.706236542944482,7.458246478873215
104186075,36.85062112120165,-25.01438028169006,-5.86409614798739,7.418330985915469
104186076,36.844582775653556,-25.00696478873231,-5.8085649344647825,7.344542253521103
104186077,36.83865225770454,-24.999823943661895,-5.889866944165843,7.206669014084484
104186078,36.83304522255274,-24.99268309859147,-5.84091321418669,7.302887323943637
104186079,36.82711470460373,-24.985450704225272,-5.828513040293291,7.154485915492934
104186080,36.821615497051,-24.9781267605633,-5.8354140066339655,7.106697183098569
104186081,36.815577151502914,-24.9708943661971,-6.074359966179789,6.974774647887301
104186082,36.80997011635112,-24.96366197183091,-6.027994098578388,6.941542253521105
104186083,36.8040395984021,-24.95670422535204,-6.272115782879716,6.9409014084506815
104186084,36.797893425254934,-24.949471830985836,-6.359024827732575,6.932661971830964
104186085,36.791747252107776,-24.942514084506968,-6.150809733922563,6.8838661971830755
104186086,36.786032389356905,-24.935281690140762,-6.093984589211079,6.898880281690118
104186087,36.78020969900696,-24.927957746478796,-6.057538860724397,6.767140845070401
104186088,36.774063525859795,-24.920816901408372,-6.135174732056974,6.8698591549295545
104186089,36.76824083550986,-24.913767605633723,-6.089671485248158,6.813556338028147
104186090,36.76209466236269,-24.9066267605633,-6.190813773178656,7.196415492957723
104186091,36.756811110008115,-24.899302816901333,-5.994351887667604,7.176091549295751
104186092,36.750772764460024,-24.89170422535203,-5.989283990511172,7.243838028168991
104186093,36.745165729308226,-24.884563380281612,-5.535653281210956,7.311859154929553
104186094,36.73901955616107,-24.87751408450697,-5.708716577723161,7.2412746478873
104186095,36.73276555541483,-24.870098591549223,-6.0319837197440895,7.272676056338004
104186096,36.72683503746581,-24.8625915492957,-6.032954168135747,7.387387323943638
104186097,36.72068886431865,-24.855176056337953,-5.966532367106764,7.342894366197159
104186098,36.71454269117149,-24.847852112675973,-6.026161029394147,7.447992957746455
104186099,36.70861217322247,-24.840253521126684,-6.36775886325749,7.408443661971806
104186100,36.70268165527345,-24.832746478873162,-6.072203414198328,7.2717605633802584
104186101,36.69621199932907,-24.82542253521119,-6.083201829303777,7.248781690140821
104186102,36.69071279177635,-24.81800704225344,-6.085142726087091,7.330626760563357
104186103,36.68467444622826,-24.810408450704145,-6.060558033498442,7.46721830985913
104186104,36.67885175587831,-24.80290140845063,-6.105522142311893,7.4779295774647645
104186105,36.6729212379293,-24.795394366197108,-6.040178617273639,7.437647887323919
104186106,36.666990719980284,-24.78834507042246,-5.838001869011718,7.270936619718286
104186107,36.66095237443219,-24.780654929577388,-6.0304741333570675,7.420345070422511
104186108,36.65469837368596,-24.773605633802745,-5.833257454652505,7.62578169014082
104186109,36.648875683336016,-24.766098591549216,-5.717881923644368,7.629626760563355
104186110,36.643484303382365,-24.75849999999992,-5.593772357111316,7.598408450704201
104186111,36.63723030263613,-24.751176056337947,-5.688768471894651,7.530112676056314
104186112,36.631299784687116,-24.74357746478865,-6.034895064919061,7.385647887323919
104186113,36.625800577134385,-24.736070422535136,-5.837354903417279,7.367978873239412
104186114,36.62008571438352,-24.728471830985832,-5.9876665765250765,7.458063380281666
104186115,36.61437085163265,-24.720690140844987,-5.913049877966543,7.431880281690117
104186116,36.60844033368363,-24.713274647887246,-5.895042668921348,7.376767605633779
104186117,36.60304895372998,-24.705309859154852,-5.750230203366276,7.52315492957744
104186118,36.59733409097911,-24.69734507042245,-5.673349125227209,7.5605985915492715
104186119,36.59172705582731,-24.689563380281612,-5.530154073658232,7.7020422535211015
104186120,36.58590436547737,-24.681598591549218,-5.656851502569036,7.769147887323918
104186121,36.57997384752835,-24.673633802816816,-5.7271550971646485,7.940894366197157
104186122,36.57436681237655,-24.665394366197106,-5.831855695864555,7.94666197183096
104186123,36.56929891522012,-24.657063380281606,-5.586763563171569,8.08572535211265
104186124,36.56315274207296,-24.648915492957663,-5.779451482715065,8.090394366197158
104186125,36.557977017317455,-24.64040140845062,-5.685749299120607,8.054964788732368
104186126,36.552262154566584,-24.63170422535203,-5.586655735572497,8.499802816901381
104186127,36.54654729181571,-24.623464788732313,-5.5809408728216265,8.466570422535183
104186128,36.54083242906484,-24.614859154929505,-5.673564780425354,8.407521126760535
104186129,36.53565670430934,-24.606253521126682,-5.414778542650095,8.423450704225324
104186130,36.529834013959395,-24.597922535211197,-5.5722068372967115,8.319176056338
104186131,36.52433480640667,-24.5892253521126,-5.476240274121719,8.330528169014057
104186132,36.5186199436558,-24.580894366197107,-5.910893325985083,8.311119718309833
104186133,36.513120736103076,-24.57247183098584,-5.824415591528517,8.241725352112649
104186134,36.507405873352205,-24.564232394366122,-5.771472240383662,8.288323943661945
104186135,36.50179883820041,-24.555901408450623,-5.8574108368448625,8.14010563380279
104186136,36.49597614785046,-24.547661971830912,-5.735457822293271,8.061739436619693
104186137,36.49026128509959,-24.539605633802744,-5.640893017906229,8.08416901408448
104186138,36.484977732745016,-24.531549295774568,-5.513009485405621,7.959936619718284
104186139,36.479586352791365,-24.523676056337955,-5.329594739382405,8.228450704225326
104186140,36.47441062803586,-24.515711267605553,-5.177234341892221,8.077211267605607
104186141,36.46891142048314,-24.507471830985835,-5.2915315969096275,8.137999999999973
104186142,36.46330438533134,-24.49996478873232,-5.61738660130831,7.899880281690116
104186143,36.458020832976764,-24.49199999999992,-5.3741275377995645,7.882577464788707
104186144,36.45273728062218,-24.484035211267532,-5.560669284195898,7.918647887323918
104186145,36.44691459027224,-24.47643661971823,-5.687043230309483,7.79478169014082
104186146,36.44173886551673,-24.468929577464714,-5.43990237323411,7.774183098591523
104186147,36.43634748556308,-24.461056338028094,-5.266084283528394,7.939795774647862
104186148,36.43138741600573,-24.45327464788725,-5.272769594670921,7.817577464788706
104186149,36.42621169125022,-24.445309859154847,-5.035656704309339,7.865183098591524
104186150,36.420820311296566,-24.437619718309783,-5.131515439885258,7.775556338028143
104186151,36.41532110374384,-24.429838028168938,-5.082346054707959,7.655077464788707
104186152,36.41036103418649,-24.421873239436543,-4.777301776930371,7.840098591549271
104186153,36.4055087922282,-24.413816901408367,-4.75476580872411,7.814190140845045
104186154,36.400656550269915,-24.40585211267598,-5.020884323236335,7.8381760563380025
104186155,36.395480825514404,-24.39779577464781,-4.816766678191098,7.988683098591523
104186156,36.38998161796168,-24.390105633802747,-5.129682370701016,7.822795774647862
104186157,36.38523720360247,-24.382140845070346,-4.8528889238805615,8.09085211267603
104186158,36.37995365124789,-24.37417605633795,-4.946591107475021,7.9920704225351855
104186159,36.37488575409146,-24.366211267605557,-4.983575973957068,7.873056338028144
104186160,36.369710029335955,-24.358521126760486,-5.001583183002263,7.888802816901382
104186161,36.364857787377666,-24.350464788732317,-5.07167112239973,7.813549295774622
104186162,36.35968206262216,-24.342316901408374,-5.300049977236396,7.917274647887298
104186163,36.35450633786666,-24.334626760563296,-5.465996652209782,7.705521126760539
104186164,36.34922278551208,-24.326570422535134,-5.406475817521471,7.705887323943637
104186165,36.34426271595472,-24.31878873239429,-5.175509100307052,7.6513239436619465
104186166,36.33919481879829,-24.31073239436612,-5.212925277185392,7.7448873239436375
104186167,36.33380343884464,-24.3028591549295,-5.242470039331401,7.7414084507042
104186168,36.328735541688204,-24.294894366197106,-5.1998781376975565,7.755140845070397
104186169,36.3235598169327,-24.286929577464704,-5.324526842225973,7.706619718309835
104186170,36.31806060937998,-24.27923943661964,-5.36614829546816,7.788556338028143
104186171,36.31299271222354,-24.271457746478795,-5.315900634300131,7.75852816901406
104186172,36.30760133226989,-24.263492957746408,-5.183811825435676,7.714035211267581
104186173,36.30242560751439,-24.25580281690133,-5.119223093590933,7.703507042253496
104186174,36.29714205515981,-24.24802112676049,-5.080081675127426,7.59483802816899
104186175,36.29218198560245,-24.240239436619646,-4.833372128448344,8.04397887323941
104186176,36.287006260846944,-24.232274647887245,-5.045576843424057,8.052859154929552
104186177,36.281614880893294,-24.224401408450625,-5.0642310180636905,7.842753521126735
104186178,36.27643915613779,-24.216528169014012,-4.968911420483137,7.938514084507016
104186179,36.271371258981354,-24.208471830985836,-4.930632622812213,8.063845070422508
104186180,36.26651901702307,-24.20004929577457,-4.785388846860848,8.196866197183072
104186181,36.261451119866635,-24.192267605633724,-4.9677253168933335,8.151366197183073
104186182,36.256706705507426,-24.183753521126683,-4.76263722345644,8.378133802816874
104186183,36.251315325553776,-24.17560563380274,-4.851163682295394,8.288873239436592
104186184,36.24678656639271,-24.16690845070415,-4.928152588033534,8.232845070422508
104186185,36.24171866923627,-24.158485915492882,-4.77298867296745,8.406056338028142
104186186,36.23665077207984,-24.150154929577383,-4.990261285099596,8.412830985915466
104186187,36.231906357720625,-24.14127464788725,-4.874238788497021,8.449816901408424
104186188,36.226299322568835,-24.13294366197175,-5.143160820585145,8.287133802816875
104186189,36.221986218605906,-24.12442957746471,-4.98648731913204,8.190091549295747
104186190,36.2168104938504,-24.115640845070345,-5.16149151242756,8.23211267605631
104186191,36.21195825189212,-24.107126760563304,-5.09237402142175,8.303338028168987
104186192,36.207213837532905,-24.098612676056263,-5.132485888276916,8.244654929577438
104186193,36.20193028517833,-24.090464788732312,-5.130329336295455,8.617626760563352
104186194,36.19707804322004,-24.08195070422527,-5.002445803794847,8.586774647887296
104186195,36.192225801261756,-24.073253521126688,-4.942924969106538,8.677133802816874
104186196,36.18694224890718,-24.06538028169006,-5.0841791238922,8.360739436619692
104186197,36.18176652415167,-24.056957746478794,-5.391272126052176,8.309746478873212
104186198,36.17702210979246,-24.04862676056331,-5.224678485484351,8.190457746478847
104186199,36.17152290223974,-24.040845070422463,-5.527889694077698,7.909309859154904
104186200,36.16667066028145,-24.032880281690062,-5.3635604330904085,7.8624366197182844
104186201,36.16106362512965,-24.024915492957675,-5.645313949468222,7.824626760563355
104186202,36.15599572797322,-24.01713380281683,-5.522282658925901,7.738387323943638
104186203,36.15071217561864,-24.008985915492886,-5.416503784235263,7.773725352112651
104186204,36.14456600247148,-24.001478873239357,-5.484650826849415,7.719619718309834
104186205,36.13982158811226,-23.993605633802737,-5.317302393088081,7.769880281690115
104186206,36.13432238055954,-23.985915492957673,-5.419091646613016,7.730514084507018
104186207,36.12936231100218,-23.978133802816828,-5.216914898351094,7.788464788732369
104186208,36.12353962065224,-23.97053521126753,-5.287110665347633,7.720535211267581
104186209,36.11857955109488,-23.962845070422453,-5.0473020850092265,7.793316901408425
104186210,36.11308034354215,-23.955246478873164,-5.319566772668614,7.706253521126736
104186211,36.107581135989435,-23.947739436619642,-5.1908206193754225,7.864450704225326
104186212,36.102405411233924,-23.939957746478797,-5.377578020969901,7.772352112676031
104186213,36.097014031280274,-23.93199295774641,-5.408093231507567,7.837992957746453
104186214,36.0917304789257,-23.92448591549288,-5.086982641468099,7.906014084507017
104186215,36.086770409368334,-23.916704225352035,-4.791750675206156,7.948950704225326
104186216,36.081702512211905,-23.908830985915415,-4.878875375257161,7.8750704225351855
104186217,36.0765267874564,-23.901232394366126,-5.205269517651207,7.8661901408450445
104186218,36.07113540750275,-23.893267605633724,-5.272877422269994,7.780042253521102
104186219,36.06585185514817,-23.88557746478866,-5.194918068140197,7.86216197183096
104186220,36.060999613189885,-23.877795774647815,-4.942924969106538,7.804669014084481
104186221,36.05593171603345,-23.87019718309851,-5.064554500860909,7.598133802816877
104186222,36.050432508480725,-23.86250704225344,-4.984115111952433,7.64271830985913
104186223,36.04558026652244,-23.85463380281682,-4.96761748929426,7.6079295774647635
104186224,36.039973231370645,-23.847218309859073,-5.0373819458945075,7.841746478873214
104186225,36.03522881701143,-23.839619718309784,-4.909282758195753,7.698929577464764
104186226,36.029729609458705,-23.83183802816894,-4.991339561090325,7.679795774647863
104186227,36.02423040190598,-23.82442253521119,-5.076415536758943,7.517478873239413
104186228,36.019485987546766,-23.81691549295767,-5.1832726874403106,7.454492957746455
104186229,36.014094607593115,-23.809683098591478,-5.079111226735768,7.559499999999975
104186230,36.00891888283761,-23.80226760563373,-5.374990158592149,7.6179084507042
104186231,36.00352750288396,-23.794852112675983,-5.532526280837838,7.421443661971806
104186232,35.99802829533124,-23.78780281690134,-5.50977465743343,7.357816901408427
104186233,35.99263691537759,-23.780387323943593,-5.6213762224740105,7.269105633802793
104186234,35.987353363023004,-23.77288028169007,-5.340269671690635,7.3981901408450454
104186235,35.98206981066843,-23.76592253521119,-5.565198043356965,7.194859154929554
104186236,35.976570603115704,-23.758598591549216,-5.643157397486762,7.0492042253520895
104186237,35.970963567963906,-23.751366197183025,-5.431383992907341,7.054605633802794
104186238,35.96568001560933,-23.743767605633728,-5.408955852300151,7.123816901408427
104186239,35.96039646325475,-23.736443661971755,-5.3198902554658325,7.062845070422512
104186240,35.95457377290481,-23.729211267605557,-5.514087761396351,7.08426760563378
104186241,35.94961370334745,-23.721612676056267,-5.299403011641958,7.180852112676034
104186242,35.944006668195655,-23.71438028169006,-5.355689018358077,7.4422253521126525
104186243,35.93872311584107,-23.706690140844998,-5.444754615192395,7.397183098591525
104186244,35.93322390828835,-23.698999999999927,-5.415209853046387,7.475732394366172
104186245,35.92794035593377,-23.691492957746405,-5.231255969027806,7.613788732394342
104186246,35.922656803579194,-23.683802816901334,-5.230609003433368,7.646288732394341
104186247,35.91737325122462,-23.676295774647812,-5.126771025526045,7.886147887323918
104186248,35.91252100926633,-23.668422535211192,-5.152757476902645,7.796063380281664
104186249,35.90766876730804,-23.660823943661896,-4.9484241766592625,7.617084507042229
104186250,35.90206173215624,-23.653133802816832,-4.925672553254854,7.653246478873215
104186251,35.89688600740074,-23.64498591549289,-4.690500559676586,7.795514084507017
104186252,35.89127897224894,-23.63729577464781,-5.050105602585124,7.745528169014059
104186253,35.88610324749344,-23.62969718309852,-5.221443657512161,7.7452535211267355
104186254,35.88135883313422,-23.622098591549218,-5.211200035600223,7.603352112676031
104186255,35.8758596255815,-23.61468309859147,-5.166559409583991,7.469232394366173
104186256,35.870683900825995,-23.606992957746407,-5.3225859454426585,7.45934507042251
104186257,35.865831658867705,-23.59957746478866,-5.214434863572414,7.4268450704225115
104186258,35.86000896851777,-23.592253521126686,-5.473652411743966,7.31671126760561
104186259,35.85494107136133,-23.585021126760488,-5.22424717508806,7.175176056338005
104186260,35.84922620861046,-23.577514084506966,-5.267701697514489,7.5138169014084255
104186261,35.844266139053104,-23.57037323943655,-5.134318957461157,7.223605633802793
104186262,35.83844344870316,-23.563232394366125,-5.544387316735871,7.140021126760541
104186263,35.83326772394766,-23.556183098591475,-5.60034984065477,7.173253521126736
104186264,35.827876343994006,-23.549133802816826,-5.74429968541726,7.161718309859133
104186265,35.822377136441276,-23.541901408450627,-5.460820927454277,7.164464788732371
104186266,35.81677010128948,-23.535218309859076,-5.369059640643132,7.105507042253498
104186267,35.811055238538614,-23.527985915492884,-5.363776088288554,7.07520422535209
104186268,35.80490906539145,-23.521394366197107,-5.593772357111316,6.99445774647885
104186269,35.7995176854378,-23.51443661971824,-5.460173961859839,6.871323943661949
104186270,35.79380282268693,-23.50757042253513,-5.359678639523779,6.831133802816879
104186271,35.78798013233698,-23.50097887323936,-5.603692496226035,6.738485915492936
104186272,35.78215744198704,-23.494204225352036,-5.429874406520319,6.7155070422535
104186273,35.77655040683524,-23.487612676056266,-5.481523826476297,6.710929577464766
104186274,35.7707277164853,-23.48102112676048,-5.603692496226035,6.687309859154908
104186275,35.76468937093721,-23.47442957746471,-5.435589269271189,6.813373239436598
104186276,35.75854319779005,-23.468112676056265,-5.450361650344194,6.7534999999999785
104186277,35.752828335039176,-23.461429577464713,-5.6472548462515375,6.632563380281669
104186278,35.74678998949109,-23.45474647887317,-5.7362126154867825,6.8256408450704
104186279,35.74085947154207,-23.448154929577385,-5.838217524209864,6.639521126760542
104186280,35.734605470795834,-23.441563380281615,-6.063685033871559,6.638971830985894
104186281,35.72824364245053,-23.434971830985845,-6.000713716012912,6.570767605633781
104186282,35.72296009009595,-23.428105633802744,-5.718421061639733,6.735556338028147
104186283,35.71692174454786,-23.42114788732387,-5.647686156647829,7.055612676056315
104186284,35.71099122659884,-23.414647887323866,-6.0350028925181345,6.856950704225329
104186285,35.704845053451685,-23.407964788732322,-6.183373668842617,6.812183098591528
104186286,35.69848322510637,-23.40109859154923,-6.079643518534367,6.773640845070401
104186287,35.69244487955829,-23.39423239436612,-6.038992513683836,6.739950704225331
104186288,35.686083051212975,-23.387549295774576,-6.242355365535562,6.61031690140843
104186289,35.67993687806582,-23.380957746478806,-6.092906313220349,6.721091549295752
104186290,35.673575049720505,-23.374366197183022,-6.109727418675741,6.590176056338006
104186291,35.66796801456871,-23.367591549295696,-6.037051616900523,6.669366197183077
104186292,35.661929669020616,-23.360816901408384,-6.093445451215714,6.812457746478851
104186293,35.655675668274384,-23.353950704225277,-6.021632270233079,6.765676056338005
104186294,35.64899035713186,-23.34717605633795,-6.240845779148539,6.7871901408450475
104186295,35.642952011583766,-23.340492957746406,-6.247207607493848,6.810535211267584
104186296,35.63669801083753,-23.33371830985908,-6.2285534328542145,7.012492957746456
104186297,35.630444010091296,-23.326852112675986,-6.451648735336303,6.864274647887302
104186298,35.62419000934506,-23.320169014084435,-6.357623068944625,6.72731690140843
104186299,35.617612525801604,-23.313485915492876,-6.588481958559972,6.692985915492937
104186300,35.6112506974563,-23.306436619718234,-6.505993845269108,6.751943661971809
104186301,35.604565386313766,-23.29957042253514,-6.734696182902994,6.7027816901408235
104186302,35.59798790277031,-23.293161971830912,-7.015910561285443,6.748281690140823
104186303,35.59194955722222,-23.28629577464781,-6.78375774048122,6.677422535211246
104186304,35.58537207367877,-23.27970422535204,-6.857080507850877,6.672295774647866
104186305,35.57868676253624,-23.272838028168934,-6.9337459307917975,6.487366197183077
104186306,35.572217106591864,-23.26615492957739,-6.6440131720825795,6.521147887323923
104186307,35.5648848298549,-23.25974647887316,-6.752595564349115,6.683464788732373
104186308,35.55841517391052,-23.252880281690068,-6.746880701598245,6.695366197183077
104186309,35.55129855237169,-23.246105633802742,-6.840475057593631,6.754049295774625
104186310,35.54418193083288,-23.239422535211197,-6.9309424132159,6.586056338028148
104186311,35.537280964492204,-23.23264788732387,-6.891800994752391,6.634028169014063
104186312,35.53005651535431,-23.225873239436545,-6.867647612560033,6.715873239436599
104186313,35.52293989381549,-23.21891549295767,-7.16374219961456,6.674492957746457
104186314,35.51560761707852,-23.21204929577457,-7.058825945716506,7.032359154929554
104186315,35.508922305936,-23.205274647887258,-6.783326430084928,6.9993098591549066
104186316,35.5021291671944,-23.19822535211261,-7.1192094011974,7.042429577464765
104186317,35.49479689045743,-23.191084507042184,-7.050523220587884,7.289338028168991
104186318,35.487895924116756,-23.18385211267598,-7.133658299473185,7.231570422535189
104186319,35.48110278537516,-23.176345070422457,-7.121258125579788,7.279359154929554
104186320,35.47387833623726,-23.169295774647807,-7.244720726518401,7.1967816901408215
104186321,35.46751650789196,-23.162063380281616,-7.179161546282002,7.163823943661948
104186322,35.46018423115499,-23.15473943661965,-7.414980505454707,7.1940352112675825
104186323,35.45317543721524,-23.147049295774572,-7.258738314397895,7.371366197183075
104186324,35.44627447087457,-23.139542253521057,-7.052895427767489,7.404598591549271
104186325,35.4389421941376,-23.13230985915486,-7.278686420226403,7.327147887323919
104186326,35.43171774499971,-23.124985915492886,-7.30564331999466,7.238528169014061
104186327,35.42503243385718,-23.117661971830906,-7.096457777792992,7.271302816901384
104186328,35.41845495031373,-23.110246478873158,-6.954556657412891,7.39059154929575
104186329,35.41133832877491,-23.102922535211192,-6.990571075503282,7.205387323943638
104186330,35.404113879637016,-23.095781690140768,-7.211833308801129,7.1050492957746245
104186331,35.39710508569727,-23.088549295774577,-7.182935512249558,7.008281690140822
104186332,35.3897728089603,-23.08131690140837,-7.186278167820822,7.331816901408427
104186333,35.38287184261963,-23.07426760563373,-7.270383695097782,7.292542253521104
104186334,35.375970876278956,-23.067035211267537,-7.026369838395526,7.21902816901406
104186335,35.368530771942915,-23.060352112675986,-7.00404952538741,7.059915492957724
104186336,35.361198495205954,-23.053028169014006,-7.143362783389758,7.001598591549273
104186337,35.353542735671766,-23.046070422535138,-7.231781414629639,6.900161971830963
104186338,35.345886976137585,-23.03929577464781,-7.516446276182426,6.891830985915471
104186339,35.3382312166034,-23.03270422535204,-7.256689590015507,6.752584507042232
104186340,35.33111459506458,-23.025929577464716,-7.103574399331811,6.769795774647865
104186341,35.32356666312947,-23.019063380281615,-7.437192990863752,6.7191690140844855
104186342,35.31537176559992,-23.01210563380274,-7.723151783605413,6.66213380281688
104186343,35.30728469566944,-23.00551408450697,-7.881658354242759,6.696922535211245
104186344,35.2998445913334,-22.99864788732387,-7.675384157216063,6.68026056338026
104186345,35.29197317660107,-22.991964788732318,-7.484421479257736,6.885788732394344
104186346,35.284425244665954,-22.98500704225345,-7.691450469477945,6.673485915492936
104186347,35.276553829933626,-22.978049295774568,-7.902253425665708,6.641901408450683
104186348,35.26879024280037,-22.971366197183023,-7.7106437821129425,6.580838028168993
104186349,35.260918828068036,-22.96449999999993,-7.727033577172043,6.621852112676035
104186350,35.252939585736634,-22.957725352112604,-7.636566221549774,7.10733802816899
104186351,35.245068171004306,-22.950676056337954,-7.662876155723593,7.088753521126738
104186352,35.237628066668265,-22.943809859154854,-7.626214772038764,7.035105633802794
104186353,35.230187962332224,-22.93694366197176,-7.29065528372351,7.080239436619696
104186354,35.22253220279804,-22.929802816901336,-7.230703138638909,7.004436619718287
104186355,35.21476861566478,-22.92238732394359,-7.379289570161537,7.149908450704202
104186356,35.20657371813523,-22.915246478873165,-7.616510288122193,7.073007042253497
104186357,35.1991336137992,-22.908288732394297,-7.543511003549753,6.909591549295752
104186358,35.19147785426501,-22.90105633802809,-7.58901425035857,7.15576760563378
104186359,35.18403774992897,-22.893549295774584,-7.328502770998142,7.282929577464765
104186360,35.17648981799386,-22.88595070422528,-7.250974727264637,7.198154929577441
104186361,35.16861840326153,-22.878809859154856,-7.4398886808405775,7.176823943661949
104186362,35.16107047132642,-22.87139436619711,-7.545775383130287,7.186436619718286
104186363,35.1539538497876,-22.864070422535143,-7.501134757114055,7.231478873239413
104186364,35.14629809025341,-22.856654929577395,-7.628371324020225,7.0987323943661735
104186365,35.138534503120155,-22.84942253521119,-7.631606151992416,7.164464788732371
104186366,35.13055526078875,-22.842190140845,-7.631821807190561,7.1050492957746245
104186367,35.12300732885364,-22.834683098591476,-7.582113284017898,7.2311126760563145
104186368,35.11502808652224,-22.82735915492951,-7.6063744938093265,7.213809859154907
104186369,35.10791146498342,-22.82030985915486,-7.544481451941412,7.255098591549272
104186370,35.100147877850155,-22.81298591549288,-7.482264927276275,7.146154929577442
104186371,35.09216863551875,-22.805845070422464,-7.5689583169309875,7.150274647887302
104186372,35.08418939318735,-22.79879577464782,-7.7477364761940635,7.154119718309836
104186373,35.075778840459655,-22.791654929577398,-7.8249410371303485,7.177922535211245
104186374,35.067799598128246,-22.784605633802748,-8.027225612991344,7.182408450704202
104186375,35.05971252819777,-22.777464788732324,-7.90624304683141,7.075936619718287
104186376,35.05173328586637,-22.770690140844998,-8.050192891593898,7.018809859154906
104186377,35.043646215935894,-22.76373239436613,-8.046850236022633,6.984478873239413
104186378,35.03555914600542,-22.756499999999924,-7.9783797106112635,6.9673591549295555
104186379,35.027472076074936,-22.7493591549295,-8.010188852337807,6.9880492957746245
104186380,35.01938500614446,-22.742218309859084,-8.046742408423562,6.981915492957723
104186381,35.01140576381306,-22.73526056338021,-7.9708317786761524,7.227908450704201
104186382,35.00321086628351,-22.72784507042246,-8.113595519848836,7.173161971830963
104186383,34.99555510674932,-22.720521126760488,-7.8158835188082145,7.315154929577441
104186384,34.98682107122441,-22.713380281690064,-8.09548048320457,7.368802816901385
104186385,34.9792731392893,-22.705873239436542,-8.133759280875493,7.3127746478873
104186386,34.971509552156036,-22.698549295774576,-8.163304043021501,7.452204225352088
104186387,34.96374596502278,-22.691408450704152,-8.17861556208987,7.394345070422511
104186388,34.95609020548859,-22.68408450704218,-7.837772521420039,7.360654929577441
104186389,34.94843444595441,-22.676669014084432,-7.680452054372496,7.547507042253497
104186390,34.94067085882115,-22.66916197183091,-7.744285993023726,7.524802816901384
104186391,34.93301509928697,-22.661654929577395,-7.568419178935623,7.451288732394342
104186392,34.92557499495093,-22.654239436619648,-7.333031530159209,7.623676056338003
104186393,34.91781140781767,-22.64654929577457,-7.273834178268119,7.591633802816877
104186394,34.9097243378872,-22.639225352112604,-7.528091656882312,7.516929577464764
104186395,34.90206857835301,-22.63144366197176,-7.591925595533542,7.568197183098567
104186396,34.8945206464179,-22.62384507042247,-7.672580639640165,7.489922535211243
104186397,34.88708054208186,-22.616063380281624,-7.4622089938486935,7.5440281690140605
104186398,34.87942478254767,-22.608098591549222,-7.556234660240371,7.5858661971830745
104186399,34.87198467821164,-22.600225352112602,-7.575751455672589,8.05203521126758
104186400,34.8645445738756,-22.592443661971757,-7.56442955776992,7.867197183098566
104186401,34.85688881434142,-22.584570422535144,-7.45854285548021,7.893471830985891
104186402,34.849125227208155,-22.5767887323943,-7.580711525229948,7.863077464788706
104186403,34.84168512287212,-22.56891549295768,-7.413578746666758,7.887429577464762
104186404,34.833813708139786,-22.56104225352105,-7.808982552467541,7.827922535211242
104186405,34.82594229340746,-22.553443661971762,-7.981291055786236,7.785809859154904
104186406,34.81807087867512,-22.545570422535143,-7.96220557075031,7.7544084507042
104186407,34.809875981145574,-22.537788732394297,-7.975791848233512,7.774183098591523
104186408,34.80243587680954,-22.52973239436613,-7.897077700910202,7.848795774647862
104186409,34.79467228967628,-22.52185915492951,-7.673982398428114,7.796704225352087
104186410,34.78647739214673,-22.51444366197176,-7.660935258940278,7.741683098591524
104186411,34.77882163261254,-22.506478873239367,-7.644437636282105,7.87534507042251
104186412,34.770411079884845,-22.499063380281626,-7.853731006082847,7.756605633802791
104186413,34.76253966515252,-22.49128169014078,-7.972233537464101,7.811901408450679
104186414,34.75499173321741,-22.483408450704154,-7.777712548736364,7.701950704225327
104186415,34.747012490886,-22.476084507042188,-7.981722366182528,7.6126901408450465
104186416,34.73935673135182,-22.46839436619711,-7.821706209158159,7.676316901408426
104186417,34.7310540062232,-22.46079577464782,-7.824833209531275,8.061830985915467
104186418,34.723290419089935,-22.453014084506975,-7.784936997874256,7.9133380281689885
104186419,34.71541900435761,-22.445323943661904,-7.964146467533624,7.865732394366171
104186420,34.70787107242249,-22.437908450704157,-7.81286434603417,7.911049295774623
104186421,34.69978400249202,-22.429943661971755,-7.938052188557952,7.847605633802792
104186422,34.69245172575505,-22.42216197183091,-7.471374339769901,7.858591549295749
104186423,34.68479596622087,-22.414471830985846,-7.877129595081694,7.725753521126736
104186424,34.67660106869131,-22.4070563380281,-7.942688775318093,7.641253521126735
104186425,34.669053136756204,-22.399549295774577,-7.733718888314569,7.730788732394341
104186426,34.660858239226656,-22.391584507042182,-7.659210017355109,7.820232394366172
104186427,34.65331030729154,-22.383985915492886,-7.565184350963432,7.673295774647863
104186428,34.645546720158286,-22.376387323943597,-7.748814752184793,7.535514084507017
104186429,34.6378909606241,-22.36860563380275,-7.8219218643563035,7.663133802816876
104186430,34.63012737349084,-22.360732394366124,-7.885647975408462,7.795605633802792
104186431,34.62257944155573,-22.35304225352106,-7.682177295957664,7.810436619718285
104186432,34.61524716481876,-22.34507746478866,-7.4727760985578495,7.795788732394341
104186433,34.60780706048273,-22.337204225352046,-7.631713979591489,7.8026549295774394
104186434,34.60025912854761,-22.32914788732387,-7.6913426418788715,7.801830985915468
104186435,34.59217205861714,-22.321366197183025,-7.7507556489681075,8.049014084507016
104186436,34.5847319542811,-22.313492957746412,-7.699645367007494,7.935767605633776
104186437,34.577076194746915,-22.305436619718236,-7.7938866885973175,7.899239436619693
104186438,34.56909695241551,-22.297746478873165,-7.787740515450155,8.039126760563354
104186439,34.56187250327762,-22.289690140845003,-7.563027798981971,8.059176056338002
104186440,34.554001088545284,-22.281725352112602,-7.772428996381785,7.967077464788707
104186441,34.5463453290111,-22.273760563380208,-7.834753348645995,8.016788732394339
104186442,34.53879739707599,-22.265704225352046,-7.730268405144233,7.880288732394341
104186443,34.531572947938095,-22.25783098591542,-7.604541424625086,8.030887323943634
104186444,34.52467198159742,-22.2495915492957,-7.29453707729014,8.180387323943636
104186445,34.517124049662314,-22.241443661971758,-7.206657584045624,8.189908450704198
104186446,34.50968394532627,-22.233570422535145,-7.379720880557829,8.198330985915467
104186447,34.502028185792085,-22.225514084506976,-7.633762703973876,8.144957746478847
104186448,34.4948037366542,-22.217549295774575,-7.447005302379397,8.16903521126758
104186449,34.48768711511538,-22.20940140845063,-7.4086186771094,8.100647887323916
104186450,34.480462665977484,-22.20134507042247,-7.304672871603003,8.04333802816899
104186451,34.47291473404237,-22.193471830985843,-7.42004840261114,8.020267605633776
104186452,34.465474629706335,-22.185415492957674,-7.1984626865160735,8.03784507042251
104186453,34.45814235296937,-22.17763380281683,-7.224233482694527,8.202633802816875
104186454,34.45102573143055,-22.16966901408444,-7.083302810706083,8.056154929577438
104186455,34.44358562709451,-22.161612676056265,-7.266717556729298,7.9577394366196925
104186456,34.435606384763105,-22.154014084506976,-7.49240072158914,7.769147887323918
104186457,34.428813246021505,-22.145866197183032,-7.252053003255367,7.906380281690114
104186458,34.42104965888825,-22.13771830985909,-7.320092218270447,7.98016901408448
104186459,34.41328607175499,-22.129753521126688,-7.427380679348106,8.047457746478846
104186460,34.406061622617095,-22.121971830985842,-7.496713825552061,7.82609154929575
104186461,34.3988371734792,-22.113915492957673,-7.184660753834726,7.958105633802791
104186462,34.39107358634595,-22.10604225352106,-7.3594492919320995,7.99097183098589
104186463,34.383956964807126,-22.097619718309787,-7.306613768386319,7.91278873239434
104186464,34.37619337767387,-22.089563380281618,-7.397620262003951,7.895485915492932
104186465,34.369184583734125,-22.0813239436619,-7.226929172671353,8.024936619718284
104186466,34.36109751380364,-22.07326760563373,-7.395679365220636,8.138274647887298
104186467,34.35398089226483,-22.06502816901402,-7.418970126620411,8.103760563380256
104186468,34.346432960329714,-22.05651408450698,-7.139588817422202,8.087830985915467
104186469,34.338561545597386,-22.04836619718303,-7.344461255660951,8.096711267605608
104186470,34.33155275165764,-22.039577464788664,-7.347803911232213,8.204007042253494
104186471,34.32378916452438,-22.03124647887317,-7.192208685769838,8.520492957746452
104186472,34.31678037058463,-22.02254929577458,-7.510623585832481,8.351218309859128
104186473,34.309448093847664,-22.013760563380217,-7.579094111243853,8.387380281690113
104186474,34.30103754111997,-22.005429577464717,-7.730376232743307,8.500443661971804
104186475,34.293920919581154,-21.99645774647881,-7.721857852416536,8.578718309859127
104186476,34.2857260220516,-21.987852112675988,-7.608099735394496,8.45668309859152
104186477,34.27785460731927,-21.979338028168947,-7.424684989371281,8.532943661971803
104186478,34.27084581337952,-21.970823943661898,-7.3594492919320995,8.380605633802789
104186479,34.263513536642556,-21.96240140845064,-7.329581046988872,8.342795774647861
104186480,34.25628908750466,-21.953612676056274,-7.393091502842884,8.342795774647861
104186481,34.24830984517326,-21.94482394366191,-7.644868946678398,8.369711267605608
104186482,34.240761913238146,-21.936218309859086,-7.584701146395649,8.413380281690113
104186483,34.233429636501185,-21.927704225352045,-7.357724050346932,8.361838028168988
104186484,34.225773876967,-21.919190140844997,-7.293458801299409,8.784521126760534
104186485,34.21790246223467,-21.910767605633737,-7.454768889512654,8.667154929577437
104186486,34.20992321990326,-21.902436619718245,-7.686382572321512,8.553725352112648
104186487,34.20194397757186,-21.8942887323943,-7.652309051014436,8.39497887323941
104186488,34.19428821803768,-21.8859577464788,-7.6898330554918495,8.30809859154927
104186489,34.18663245850349,-21.877535211267535,-7.760675788082826,8.303704225352087
104186490,34.17843756097394,-21.869478873239366,-8.099254449172124,8.125274647887297
104186491,34.17056614624161,-21.861056338028106,-8.045232822036539,8.09835915492955
104186492,34.16280255910835,-21.85318309859148,-8.126427004138527,7.98309859154927
104186493,34.15525462717324,-21.845035211267536,-8.122006072576534,8.005253521126734
104186494,34.146520591648326,-21.83679577464782,-8.129554004511645,8.022830985915467
104186495,34.13811003892063,-21.828922535211206,-8.080061136537127,7.98547887323941
104186496,34.130885589782736,-21.820774647887262,-7.907968288416578,7.909584507042228
104186497,34.12215155425782,-21.813084507042184,-8.167078008989058,7.925239436619693
104186498,34.11352534633198,-21.805028169014015,-8.30725388778399,8.002049295774622
104186499,34.10533044880243,-21.79715492957739,-8.242880811137393,8.029788732394339
104186500,34.09691989607473,-21.789281690140783,-8.43600004107718,7.9362253521126505
104186501,34.08926413654055,-21.78131690140838,-8.356638928159436,7.888436619718285
104186502,34.08085358381285,-21.77362676056331,-8.239645983165202,7.915809859154904
104186503,34.07255085868423,-21.76557042253514,-8.225304912488491,8.000767605633778
104186504,34.06478727155097,-21.757422535211198,-8.030460440963534,8.142485915492932
104186505,34.056700201620494,-21.749549295774578,-7.851897936898605,8.128112676056311
104186506,34.04861313169002,-21.74158450704219,-8.045556304833758,8.018436619718283
104186507,34.040849544556764,-21.733436619718248,-8.079737653739906,8.029788732394339
104186508,34.03330161262165,-21.725471830985846,-8.208807289830318,8.03097887323941
104186509,34.02499888749303,-21.717140845070354,-8.054613823155892,8.039676056338001
104186510,34.01712747276069,-21.70917605633796,-7.941502671728288,7.98053521126758
104186511,34.00968736842466,-21.70102816901401,-7.848016143331977,8.055605633802791
104186512,34.00127681569696,-21.6927887323943,-7.98538850455101,8.104950704225326
104186513,33.99362105616277,-21.684823943661904,-7.535100450822058,8.08316197183096
104186514,33.98596529662859,-21.676584507042193,-7.600012665464019,7.973211267605608
104186515,33.97820170949533,-21.668802816901348,-7.4935868251789435,7.957281690140818
104186516,33.970438122362076,-21.660563380281623,-7.509006171846386,8.013218309859129
104186517,33.9623510524316,-21.652507042253454,-7.763047995262433,7.787549295774623
104186518,33.95458746529834,-21.644450704225278,-7.793994516196391,7.790753521126734
104186519,33.94660822296694,-21.636211267605567,-7.669777122064266,7.861429577464763
104186520,33.938305497838314,-21.628612676056264,-7.733179750319206,8.069154929577438
104186521,33.93021842790784,-21.620647887323877,-7.715711679269374,8.100830985915467
104186522,33.922347013175504,-21.612683098591475,-7.668267535677244,8.016147887323918
104186523,33.914152115645955,-21.605084507042186,-7.8378803490191125,7.840007042253496
104186524,33.90606504571548,-21.597394366197122,-7.717113438057323,7.912239436619693
104186525,33.897977975785004,-21.58933802816894,-7.85168228170046,7.860147887323919
104186526,33.88967525065638,-21.5819225352112,-8.080276791735272,7.803295774647863
104186527,33.8815881807259,-21.573957746478804,-8.083511619707464,7.807415492957721
104186528,33.873501110795424,-21.566450704225282,-8.099901414766563,7.814647887323919
104186529,33.865306213265875,-21.558669014084437,-7.9551967768105625,7.758802816901384
104186530,33.8572191433354,-21.550795774647817,-8.044478028843029,7.684647887323918
104186531,33.84902424580585,-21.54301408450697,-8.195113184748044,7.675126760563355
104186532,33.841152831073515,-21.53514084507036,-8.11262507145718,7.7835211267605375
104186533,33.832957933543966,-21.52745070422528,-8.021187267443254,7.8216056338027915
104186534,33.82487086361349,-21.519485915492886,-8.098607483577686,7.7620070422534955
104186535,33.81699944888116,-21.511704225352048,-8.107125863904455,7.602253521126736
104186536,33.8092358617479,-21.50383098591542,-8.082109860919514,7.694992957746454
104186537,33.801472274614646,-21.495866197183034,-8.15359955910493,7.712021126760538
104186538,33.79338520468417,-21.48826760563373,-7.931043394618205,8.010746478873212
104186539,33.7860529279472,-21.48002816901402,-7.689617400293703,8.106964788732368
104186540,33.77828934081394,-21.472063380281618,-7.881658354242759,8.09048591549293
104186541,33.770202270883466,-21.464007042253456,-7.906135219232337,8.028690140845043
104186542,33.76265433894836,-21.455950704225287,-7.742884234235777,8.021823943661946
104186543,33.7548907518151,-21.447711267605563,-7.705468057357437,8.051394366197156
104186544,33.7464801990874,-21.43956338028162,-8.264230675753852,8.132781690140819
104186545,33.73914792235043,-21.4313239436619,-8.007169679563761,8.14047183098589
104186546,33.73181564561347,-21.423176056337958,-7.70449760896578,8.160704225352086
104186547,33.72405205848021,-21.414845070422466,-7.854809282073576,8.193845070422508
104186548,33.71639629894603,-21.40651408450698,-7.879393974662227,8.082154929577438
104186549,33.70863271181277,-21.398274647887256,-7.720563921227661,8.159239436619691
104186550,33.700869124679514,-21.390218309859087,-7.773722927570663,8.050936619718284
104186551,33.69310553754625,-21.38216197183091,-7.679373778381766,7.905281690140819
104186552,33.685341950413,-21.3739225352112,-7.835400314240432,8.047366197183072
104186553,33.67757836327974,-21.3655915492957,-7.663307466119884,8.082704225352087
104186554,33.66938346575019,-21.357809859154855,-7.375946914590273,8.07016197183096
104186555,33.661404223418785,-21.349753521126694,-7.403011641957602,8.099274647887299
104186556,33.653748463884604,-21.3414225352112,-7.244828554117475,8.271570422535184
104186557,33.645769221553195,-21.33354929577458,-7.476657892124479,8.199154929577437
104186558,33.63778997922179,-21.325584507042187,-7.63570360075719,8.039584507042228
104186559,33.62916377129595,-21.317711267605567,-7.7215343696193175,7.979345070422509
104186560,33.62172366695991,-21.309746478873166,-7.695440090643646,8.00278169014082
104186561,33.613960079826654,-21.30178169014078,-7.7227204732091215,8.019443661971804
104186562,33.60587300989618,-21.294274647887256,-7.900312528882393,7.880563380281665
104186563,33.59800159516385,-21.286676056337967,-7.396757641211368,7.6472042253520875
104186564,33.589591042436155,-21.27926056338022,-7.483774513663297,7.624957746478849
104186565,33.58215093810011,-21.271478873239374,-7.45746457948948,7.705612676056313
104186566,33.57438735096685,-21.263971830985852,-7.446897474780323,7.680894366197158
104186567,33.5666237638336,-21.256556338028105,-7.495419894363185,7.673112676056313
104186568,33.558644521502195,-21.249140845070357,-7.721426542020246,7.5235211267605395
104186569,33.55109658956708,-21.241633802816835,-7.4727760985578495,7.497063380281666
104186570,33.5434408300329,-21.234309859154862,-7.670747570455923,7.4053309859154695
104186571,33.53610855329593,-21.22680281690134,-7.6723649844420185,7.4102746478873
104186572,33.52791365576638,-21.219661971830917,-7.669345811667974,7.445521126760539
104186573,33.52015006863312,-21.21224647887317,-7.8779922158742774,7.349485915492934
104186574,33.51227865390079,-21.205105633802745,-7.772968134377151,7.601795774647862
104186575,33.504622894366605,-21.197873239436554,-8.02204988823584,7.470330985915469
104186576,33.4966436520352,-21.190549295774588,-8.147992523953132,7.369077464788708
104186577,33.48920354769916,-21.183316901408382,-8.02992130296817,7.33346478873237
104186578,33.481332132966834,-21.17608450704219,-8.124917417751504,7.122443661971807
104186579,33.47378420103172,-21.168943661971767,-7.9419339821245805,7.082619718309837
104186580,33.466020613898465,-21.161436619718245,-7.775879479552122,7.2271760563380045
104186581,33.45847268196335,-21.15429577464782,-7.73695371628676,7.180760563380259
104186582,33.451032577627316,-21.146971830985848,-7.692528745468675,7.382535211267582
104186583,33.44305333529591,-21.14001408450698,-7.9551967768105625,7.288697183098568
104186584,33.43528974816265,-21.132323943661902,-7.706222850550949,7.339598591549272
104186585,33.42731050583125,-21.12509154929571,-7.839282107807062,7.353697183098567
104186586,33.41997822909428,-21.117859154929505,-7.654034292599605,7.313049295774624
104186587,33.41189115916381,-21.110809859154863,-7.817285277596165,7.414485915492934
104186588,33.40434322722869,-21.10348591549289,-7.650907292226488,7.426753521126736
104186589,33.39690312289265,-21.096345070422466,-7.545883210729361,7.351316901408427
104186590,33.389031708160324,-21.089295774647823,-7.359880602328392,7.143683098591526
104186591,33.38137594862614,-21.082154929577392,-7.444956577997009,7.076485915492935
104186592,33.37425932708732,-21.07473943661965,-7.314269527920503,7.373288732394342
104186593,33.36649573995406,-21.067964788732326,-7.635380117959971,7.24795774647885
104186594,33.35862432522173,-21.06082394366191,-7.730915370738671,7.093971830985892
104186595,33.35118422088569,-21.05377464788726,-7.4851762724512465,7.0944295774647665
104186596,33.3439597717478,-21.046633802816835,-7.513858413804671,7.072915492957723
104186597,33.33641183981269,-21.03967605633796,-7.444201784803498,6.925521126760541
104186598,33.32864825267943,-21.03290140845064,-7.461993338650547,6.909774647887302
104186599,33.321747286338756,-21.026126760563315,-7.580819352829021,6.782338028168992
104186600,33.31473849239901,-21.019077464788666,-7.419401437016702,6.780507042253499
104186601,33.3071905604639,-21.01239436619712,-7.394061951234541,6.667809859154907
104186602,33.29975045612786,-21.005619718309795,-7.387915778087378,6.7039718309858936
104186603,33.292526006989966,-20.99902816901401,-7.394169778833614,6.581936619718289
104186604,33.28530155785207,-20.99197887323937,-7.460915062659817,6.576260563380259
104186605,33.278077108714186,-20.985570422535147,-7.255503486425704,6.642542253521105
104186606,33.270637004378145,-20.97888732394359,-7.469972580981952,6.60363380281688
104186607,33.26341255524025,-20.972204225352044,-7.304672871603003,6.627528169014063
104186608,33.255648968106996,-20.965795774647816,-7.286989145355028,6.573788732394345
104186609,33.248748001766316,-20.959112676056264,-7.291625732115167,6.605922535211246
104186610,33.24173920782657,-20.95242957746472,-7.218842102740875,6.648767605633781
104186611,33.234622586287756,-20.945929577464725,-7.340795117292467,6.684746478873218
104186612,33.22761379234801,-20.939429577464722,-7.438702577250774,6.64107746478871
104186613,33.220389343210115,-20.932838028168952,-7.366565913470921,6.572507042253499
104186614,33.21305706647315,-20.9261549295774,-7.4534749583237785,6.522612676056317
104186615,33.206479582929695,-20.919380281690074,-7.168594441572846,6.520232394366176
104186616,33.19882382339551,-20.91288028169007,-7.351038739204404,6.477112676056317
104186617,33.19149154665854,-20.9062887323943,-7.214960309174247,6.449190140845049
104186618,33.18415926992158,-20.899971830985855,-7.188866030198574,6.484528169014064
104186619,33.17768961397719,-20.89319718309853,-6.895898443517165,6.46594366197181
104186620,33.17057299243837,-20.886514084506977,-7.123845987957541,6.48425352112674
104186621,33.16356419849863,-20.8799225352112,-7.067775636439567,6.501373239436598
104186622,33.15709454255425,-20.872781690140783,-6.896545409111604,6.709190140845049
104186623,33.149870093416354,-20.866373239436555,-6.936441620768623,6.851366197183077
104186624,33.14318478227383,-20.85959859154923,-6.975583039232132,6.71276056338026
104186625,33.136283815933155,-20.85273239436613,-6.824840055728043,6.816119718309838
104186626,33.129814159988776,-20.845957746478803,-6.821820882953998,6.76338732394364
104186627,33.12312884884624,-20.83927464788725,-6.668813519869375,6.71788732394364
104186628,33.11622788250557,-20.832316901408383,-6.454560080511274,7.149542253521103
104186629,33.109326916164896,-20.82581690140838,-6.588805441357191,6.9622323943661755
104186630,33.1025337774233,-20.818950704225287,-6.695662592038558,6.863176056338006
104186632,33.08927098273732,-20.805767605633733,-6.7163654910605795,6.594295774647866
104186633,33.082046533599424,-20.79908450704219,-6.903769858249497,6.5475140845070205
104186634,33.075253394857825,-20.792767605633735,-6.847376023934305,6.521147887323923
104186635,33.068675911314365,-20.786176056337965,-6.749037253579705,6.497711267605612
104186636,33.061559289775545,-20.779584507042188,-6.7501155295704365,6.441957746478852
104186637,33.05487397863302,-20.773084507042192,-6.85222826589259,6.445985915492937
104186638,33.047649529495125,-20.76658450704219,-6.816537330599419,6.4100070422535
104186639,33.04074856315445,-20.760267605633736,-6.878646027665482,6.455873239436598
104186640,33.034063252011926,-20.75413380281683,-6.8652754053804275,6.287971830985895
104186641,33.02716228567125,-20.74790845070416,-6.784081223278439,6.493225352112655
104186642,33.020153491731506,-20.741774647887254,-6.848777782722254,6.32962676056336
104186643,33.01346818058898,-20.735457746478808,-6.844356851160261,6.2728661971830775
104186644,33.00602807625294,-20.729415492957678,-7.042328323058333,6.190746478873219
104186645,32.998803627115045,-20.723556338028104,-7.33162977137126,6.069352112676036
104186646,32.99136352277901,-20.717605633802755,-7.3997768139854125,5.913535211267586
104186647,32.984354728839264,-20.71183802816895,-7.422312782191673,5.895499999999981
104186648,32.97734593489952,-20.7058873239436,-7.38974884727162,5.817499999999981
104186649,32.970444968558844,-20.700119718309793,-7.154792508891498,5.796718309859136
104186650,32.9634361746191,-20.694352112675986,-7.461130717857963,5.6567394366196995
104186651,32.95610389788213,-20.688401408450638,-7.312544286335335,5.7135915492957565
104186652,32.948879448744236,-20.68290845070416,-7.153282922504476,5.74004929577463
104186653,32.941439344408195,-20.677415492957678,-7.3470491180387025,5.5521901408450525
104186654,32.93421489527031,-20.671830985915427,-7.267148867125591,5.560704225352095
104186655,32.92709827373149,-20.66633802816895,-7.307584216777975,5.574345070422517
104186656,32.919873824593594,-20.660845070422468,-7.21398986078259,5.547154929577447
104186657,32.91297285825292,-20.65553521126754,-7.0368291155056095,5.5865211267605455
104186658,32.9058562367141,-20.650042253521065,-6.819664330972537,5.407542253521109
104186659,32.89863178757621,-20.644732394366137,-7.035643011915806,5.566288732394348
104186660,32.891191683240166,-20.639605633802752,-7.165143958402509,5.381450704225335
104186661,32.88461419969671,-20.63392957746472,-6.949704415454605,5.418894366197166
104186662,32.8770662677616,-20.62898591549289,-7.236310173790706,5.292464788732377
104186663,32.86973399102464,-20.62358450704219,-7.182180719056047,5.391704225352095
104186664,32.8622938866886,-20.618183098591487,-7.049121461799935,5.311690140845053
104186665,32.854853782352556,-20.613147887323876,-7.260032245586771,5.0396056338028
104186666,32.847737160813736,-20.60783802816895,-7.530248208863771,5.009028169014068
104186667,32.84105184967121,-20.602985915492894,-7.324620977431514,4.922422535211252
104186668,32.833827400533316,-20.597676056337967,-7.342843841674855,4.945492957746462
104186669,32.826171640999135,-20.592640845070356,-7.280842972207865,5.025598591549279
104186670,32.81851588146495,-20.58733098591543,-7.1984626865160735,5.084922535211251
104186671,32.81129143232706,-20.58220422535205,-7.091066397839342,5.129964788732377
104186672,32.80331218999565,-20.577077464788665,-7.09279163942451,5.367809859154912
104186673,32.79597991325869,-20.572042253521055,-7.125786884740855,5.149007042253505
104186674,32.78789284332821,-20.567098591549225,-7.363115430300583,5.108999999999983
104186675,32.78002142859588,-20.56206338028163,-7.2065497564465515,5.146352112676039
104186676,32.77301263465613,-20.557028169014018,-7.267580177521883,4.998957746478857
104186677,32.765356875121945,-20.551992957746414,-7.170750993554307,5.013697183098575
104186678,32.758024598384985,-20.54714084507036,-7.4450644055960815,4.860809859154914
104186679,32.75026101125172,-20.542380281690072,-7.41573529864822,4.81366197183097
104186680,32.74282090691569,-20.5376197183098,-7.302839802418761,4.791873239436604
104186681,32.73505731978243,-20.532950704225286,-7.2159307575659035,4.696478873239421
104186682,32.72826418104083,-20.528007042253456,-7.109397089681756,4.753880281690125
104186683,32.72050059390757,-20.523338028168943,-7.290116145728145,4.815492957746463
104186684,32.71306048957153,-20.51857746478867,-7.20331492847436,4.7172605633802664
104186685,32.70551255763642,-20.514091549295706,-7.118131125206671,4.6904366197182945
104186686,32.69818028089945,-20.509514084506975,-7.206118446050259,4.642647887323928
104186687,32.6911714869597,-20.504936619718244,-7.155008164089645,4.573894366197168
104186688,32.68383921022274,-20.50054225352106,-7.20902979122523,4.574992957746463
104186689,32.67607562308948,-20.49614788732388,-7.611981528961125,4.47602816901407
104186690,32.669066829149735,-20.491478873239366,-7.3266697018139,4.755894366197168
104186691,32.66184238001185,-20.48708450704219,-7.3609588783191215,4.524640845070408
104186692,32.65429444807673,-20.48250704225346,-7.164281337609925,4.523450704225338
104186693,32.64728565413699,-20.47820422535205,-7.0636781876747925,4.461838028169
104186694,32.63973772220187,-20.473809859154862,-7.198354858917001,4.506239436619704
104186695,32.63229761786584,-20.46904929577458,-7.018929734059487,4.573619718309844
104186696,32.62474968593072,-20.464838028168955,-7.218410792344584,4.429704225352098
104186697,32.61698609879747,-20.460443661971766,-7.349960463213674,4.503859154929563
104186698,32.60900685646606,-20.456323943661907,-7.656298672180138,4.3949154929577325
104186699,32.60210589012539,-20.4520211267605,-7.622979944066572,4.493422535211253
104186700,32.59434230299213,-20.447443661971768,-7.790004895030689,4.43190140845069
104186701,32.58679437105702,-20.443232394366134,-7.75690182211527,4.284049295774635
104186702,32.57892295632469,-20.4390211267605,-7.57402621408742,4.265647887323929
104186703,32.57148285198865,-20.434809859154868,-7.189512995793013,4.283133802816888
104186704,32.563503609657246,-20.43050704225346,-7.481186651285546,4.280204225352099
104186705,32.55595567772213,-20.42611267605627,-7.505663516275122,4.181971830985901
104186706,32.54797643539073,-20.422084507042193,-7.627940013623933,4.142788732394353
104186707,32.54053633105469,-20.417781690140785,-7.793455378201025,4.093901408450691
104186708,32.532772743921434,-20.413661971830926,-7.5776923524559034,4.355366197183084
104186709,32.52554829478354,-20.40908450704218,-7.411422194685299,4.4373028169013935
104186710,32.51821601804657,-20.40496478873233,-7.35621446395991,4.333119718309845
104186711,32.510021120517024,-20.40093661971825,-7.697165332228815,4.234338028169001
104186712,32.502904498978204,-20.396633802816837,-7.597316975487194,4.197169014084493
104186713,32.4949252566468,-20.39242253521121,-7.74870692458572,4.151485915492944
104186714,32.487592979909834,-20.388302816901344,-7.714741230877718,4.17464788732393
104186715,32.48036853077194,-20.384183098591485,-7.486146720842905,4.130246478873226
104186716,32.47271277123776,-20.380063380281626,-7.370986845032914,4.120542253521114
104186717,32.46527266690172,-20.37576056338022,-7.27706900624031,4.075591549295762
104186718,32.457832562565684,-20.371640845070353,-7.2526999688498055,4.126859154929564
104186719,32.44963766503613,-20.36770422535205,-7.3319532541684795,4.023866197183086
104186720,32.4429523538936,-20.363676056337965,-7.130531299100068,4.05252112676055
104186721,32.43572790475571,-20.359739436619655,-7.111769296861362,4.020112676056325
104186722,32.428287800419675,-20.355619718309796,-7.391150606059569,4.031190140845058
104186723,32.42073986848456,-20.351408450704163,-7.262727935563596,4.107542253521113
104186724,32.41319193654945,-20.347563380281628,-7.383494846525384,4.006105633802804
104186725,32.405536177015264,-20.343718309859085,-7.309848596358509,3.9254507042253395
104186726,32.39831172787737,-20.340056338028106,-7.400531607178923,4.14864788732393
104186727,32.39087162354133,-20.33602816901402,-7.427057196550886,4.042267605633789
104186728,32.38289238120993,-20.33227464788726,-7.415950953846366,3.9270070422535084
104186729,32.37480531127945,-20.32870422535205,-7.1887582025995025,3.790507042253509
104186730,32.36704172414619,-20.324950704225294,-7.388347088483671,3.725598591549284
104186731,32.359278137012936,-20.3212887323943,-7.514181896601891,3.612809859154918
104186732,32.35151454987968,-20.31771830985909,-7.832704624263607,3.671218309859143
104186733,32.34407444554364,-20.3144225352112,-7.74266857903763,3.515309859154918
104186734,32.33523258241965,-20.310852112675988,-7.819334001978552,3.5859859154929463
104186735,32.328008133281756,-20.307464788732332,-7.917888427531296,3.414788732394355
104186736,32.31970540815313,-20.30389436619712,-8.128475728520915,3.4598309859154814
104186737,32.311833993420805,-20.300507042253457,-8.193387943162875,3.320035211267595
104186738,32.30428606148569,-20.297119718309794,-8.00749316236098,3.248718309859144
104186739,32.296198991555215,-20.294007042253455,-7.9150849099553975,3.1747464788732294
104186740,32.28832757682289,-20.29080281690134,-8.07240537700294,3.2907394366197074
104186741,32.28045616209055,-20.287690140845008,-8.046850236022633,3.1680633802816796
104186742,32.27301605775452,-20.284485915492894,-7.786770067058498,3.165591549295764
104186743,32.26536029822033,-20.28128169014078,-7.924465911074751,3.0565563380281593
104186744,32.257596711087075,-20.278260563380222,-7.871414732330822,3.175570422535201
104186745,32.24961746875567,-20.275422535211206,-8.075316722177913,3.0863098591549196
104186746,32.241961709221485,-20.27240140845064,-7.683255571948394,3.11725352112675
104186747,32.23419812208823,-20.269563380281625,-7.587504663971548,3.0705633802816803
104186748,32.22675801775219,-20.26663380281684,-7.4845293068568095,2.9956760563380187
104186749,32.218994430618935,-20.26370422535205,-7.652740361410728,2.7966478873239344
104186750,32.211015188287526,-20.261232394366132,-7.989809436113004,2.7574647887323853
104186751,32.20292811835705,-20.258577464788665,-8.036498786511624,2.811295774647878
104186752,32.19505670362472,-20.25573943661965,-7.953363707626322,2.731190140845061
104186753,32.18696963369424,-20.25308450704219,-8.080276791735272,2.7361338028168927
104186754,32.179529529358206,-20.250338028168954,-7.910987461190623,2.6696690140844983
104186755,32.17122680422958,-20.247591549295706,-7.891578493357478,2.827133802816892
104186756,32.16335538949725,-20.24484507042247,-7.840468211396865,2.870802816901399
104186757,32.155376147165846,-20.242373239436553,-7.877668733077058,2.7718380281690047
104186758,32.14696559443815,-20.239535211267537,-8.058387789123447,2.8242042253521036
104186759,32.13909417970582,-20.237246478873182,-7.722936128407268,2.680105633802808
104186760,32.13100710977534,-20.234591549295708,-7.95325588002725,2.6569436619718223
104186761,32.12259655704764,-20.232119718309796,-8.104645829125776,2.5894718309859073
104186762,32.11450948711717,-20.229464788732336,-8.185947838826836,2.6197746478873154
104186763,32.10631458958762,-20.22699295774642,-8.573695885093434,2.426147887323936
104186764,32.09779620926085,-20.224429577464726,-8.377773137577748,2.4905070422535127
104186765,32.08927782893408,-20.221866197183033,-8.213336048991385,2.5705211267605548
104186766,32.08097510380546,-20.219394366197115,-8.505225359682065,2.54973943661971
104186767,32.072995861474055,-20.216922535211204,-8.406455278931173,2.6005492957746394
104186768,32.06426182594914,-20.214542253521067,-8.147669041155913,2.5526690140844988
104186769,32.05574344562237,-20.212345070422472,-8.231451085635653,2.4951760563380203
104186770,32.047440720493746,-20.209873239436554,-8.175812044513972,2.4808028169014005
104186771,32.039137995365124,-20.207492957746418,-8.21959004973762,2.460387323943654
104186772,32.03105092543465,-20.20511267605628,-8.137964557239341,2.509640845070414
104186773,32.02220906231066,-20.202823943661905,-8.089334310057406,2.545528169014076
104186774,32.013906337182036,-20.200809859154866,-7.9998374028267945,2.3887957746478796
104186775,32.00560361205341,-20.198246478873173,-8.303803404613653,2.394105633802809
104186776,31.997732197321085,-20.195957746478804,-8.292373679111913,2.3867816901408374
104186777,31.989213816994315,-20.19385211267599,-8.178076424094506,2.3767112676056263
104186778,31.980695436667546,-20.191654929577403,-8.26239760656961,2.3361549295774573
104186779,31.972716194336144,-20.18954929577459,-8.215061290576553,2.2444225352112603
104186780,31.9640899864103,-20.187352112675995,-8.464358699633387,2.2472605633802742
104186781,31.95589508888075,-20.185338028168943,-8.189721804794393,2.1699929577464716
104186782,31.947915846549346,-20.182957746478806,-7.8699051459438,2.1965422535211196
104186783,31.93907398342536,-20.180852112675993,-8.033263958539433,2.157267605633796
104186784,31.93055560309859,-20.178838028168954,-8.265416779343656,2.1828098591549225
104186785,31.9217137399746,-20.176732394366134,-8.403975244152493,2.235908450704218
104186786,31.913195359647833,-20.174718309859095,-8.377341827181455,2.1580915492957677
104186787,31.904784806920137,-20.172612676056282,-8.200396737102622,2.238838028169007
104186788,31.896158598994294,-20.17069014084501,-8.26692636573068,2.089612676056331
104186789,31.88753239106845,-20.168676056337965,-8.488835564622963,2.025528169014078
104186790,31.879337493538902,-20.166753521126694,-8.429746040330945,2.0181126760563317
104186791,31.869956492419547,-20.164922535211204,-8.59849623288023,1.9331549295774584
104186792,31.86186942248907,-20.162908450704165,-8.459722112873246,1.8659577464788673
104186793,31.852811904166938,-20.16107746478867,-8.552669503274194,1.836936619718304
104186794,31.844185696241098,-20.15897183098585,-8.998967935837445,1.855338028169008
104186795,31.835020350319887,-20.15714084507036,-9.295386005689192,1.7977535211267548
104186796,31.826070659596827,-20.155309859154862,-9.044147699849043,1.7591197183098535
104186797,31.817660106869134,-20.153387323943598,-8.950122033457363,1.8585422535211207
104186798,31.809357381740508,-20.151556338028108,-8.654890067195423,1.8486549295774588
104186799,31.800623346215595,-20.149633802816844,-8.89286557834959,1.8342816901408392
104186800,31.792428448686046,-20.147802816901347,-8.7393190772696,1.8343732394366137
104186801,31.78326310276484,-20.1461549295774,-8.963277000544274,1.8190845070422474
104186802,31.774960377636216,-20.14450704225346,-8.616934752321717,1.8783169014084447
104186803,31.7662263421113,-20.142767605633743,-8.711715211906906,1.8602816901408392
104186804,31.757492306586386,-20.140845070422465,-8.883592404829308,1.7744084507042195
104186805,31.748866098660542,-20.139014084506982,-8.895129957930122,1.7642464788732337
104186806,31.74056337353192,-20.137183098591485,-8.677641690599831,1.862112676056332
104186807,31.73129020001164,-20.135535211267538,-8.890601198769055,1.8598239436619657
104186808,31.722556164486726,-20.133704225352055,-8.778891806129401,1.9673943661971767
104186809,31.713929956560882,-20.1320563380281,-8.64626385926958,1.9998943661971766
104186810,31.70530374863504,-20.130316901408385,-8.405484830539516,1.9210704225352049
104186811,31.696246230312905,-20.128669014084444,-8.108204139895186,1.962176056338022
104186812,31.68740436718892,-20.12692957746473,-8.514929843598635,1.8887535211267543
104186813,31.67791553847049,-20.125281690140774,-8.79452680799499,1.8424295774647828
104186814,31.668750192549286,-20.12381690140839,-8.98063724399503,1.6601549295774594
104186815,31.660231812222516,-20.1219859154929,-9.02808138758716,1.7118802816901353
104186816,31.65106646630131,-20.120612676056275,-9.243844413332285,1.5271338028168966
104186817,31.641254154785663,-20.119147887323884,-9.67785049960121,1.4456549295774601
104186818,31.63219663646353,-20.11749999999993,-9.46791016420603,1.503056338028164
104186819,31.622815635344175,-20.116035211267544,-9.407418881126064,1.438880281690136
104186820,31.613434634224824,-20.11447887323937,-9.47006671618749,1.425147887323939
104186821,31.60383797790732,-20.11301408450698,-9.549535656704311,1.4396126760563333
104186822,31.594241321589823,-20.11154929577458,-9.416584227047272,1.4414436619718263
104186823,31.58518380326769,-20.10999295774642,-9.342398838885028,1.499943661971826
104186824,31.57526366415297,-20.108619718309804,-9.331184768581435,1.4751338028168965
104186825,31.56631397342991,-20.10697183098585,-9.313177559536241,1.580232394366192
104186826,31.55628600671612,-20.10559859154923,-9.377766291380983,1.4985704225352066
104186827,31.54668935039862,-20.104499999999938,-9.401164880379827,1.470373239436615
104186828,31.536984866482047,-20.102760563380215,-9.480525993297574,1.5989084507042204
104186829,31.527280382565475,-20.101478873239373,-9.444942885603476,1.545169014084502
104186830,31.51779155384705,-20.10001408450698,-9.176559991510716,1.6652816901408398
104186831,31.508087069930475,-20.098823943661905,-9.371835773431966,1.5600915492957697
104186832,31.498382586013904,-20.097359154929507,-9.51891261856757,1.5117535211267557
104186833,31.489001584894552,-20.09607746478867,-9.36881660065792,1.5263098591549245
104186834,31.479189273378907,-20.094795774647828,-9.043069423858311,1.5774859154929526
104186835,31.469700444660482,-20.093514084506978,-9.578109970458662,1.5040633802816852
104186836,31.45967247794669,-20.09204929577458,-9.774032717974348,1.4532535211267557
104186837,31.449860166431044,-20.090767605633737,-9.741360955455223,1.4874014084506995
104186838,31.440155682514472,-20.08957746478866,-9.815222860820244,1.3797394366197138
104186839,31.429480750206242,-20.088204225352044,-10.144204865592043,1.3310352112676014
104186840,31.419668438690596,-20.087014084506983,-9.958202257191076,1.1939859154929537
104186841,31.409963954774025,-20.085732394366133,-10.007587297566522,1.2393028169014044
104186842,31.399612505263015,-20.084542253521064,-10.194021216363781,1.1250492957746443
104186843,31.389692366148296,-20.083169014084447,-10.100319032769322,1.2725352112676014
104186844,31.37944874423636,-20.081704225352055,-10.3034662294229,1.2893802816901365
104186845,31.369312949923494,-20.080697183098536,-10.077351754166768,1.2676830985915453
104186846,31.358530190016193,-20.07950704225346,-10.410539035302413,1.136767605633799
104186847,31.34742394731167,-20.078225352112618,-10.36471230569638,1.1453732394366158
104186848,31.337288152998806,-20.076943661971768,-10.366653202479695,1.172380281690137
104186849,31.326181910294284,-20.0757535211267,-10.511142185237548,1.088246478873236
104186850,31.315614805585128,-20.074563380281624,-10.506074288081116,1.0859577464788697
104186851,31.304832045677824,-20.07346478873233,-10.406225931339494,1.0938309859154893
104186852,31.294157113369597,-20.072366197183037,-10.414205173670897,1.2216338028168974
104186853,31.28359000866044,-20.071084507042194,-10.649377167249165,1.3662816901408406
104186854,31.273130731550356,-20.06989436619712,-10.494213252183082,1.4167253521126715
104186855,31.262347971643052,-20.068795774647825,-10.44569083260022,1.319408450704221
104186856,31.251673039334825,-20.067605633802756,-10.325786542431016,1.350626760563376
104186857,31.241321589823812,-20.066323943661907,-10.530443325471618,1.3265492957746434
104186858,31.230646657515585,-20.065042253521064,-10.36827061646579,1.3627112676056294
104186859,31.219756070009208,-20.06394366197177,-10.597404264495966,1.2729929577464747
104186860,31.209081137700977,-20.06284507042247,-10.691429930887645,1.2933169014084465
104186861,31.198514032991824,-20.061654929577394,-10.465099800433366,1.2573380281690099
104186862,31.187839100683593,-20.060373239436558,-10.325463059633798,1.2192535211267566
104186863,31.177271995974436,-20.05936619718304,-10.23747573879021,1.1486690140845033
104186864,31.166920546463427,-20.05854225352106,-10.297427883874812,1.0665492957746445
104186865,31.15592213135798,-20.05726056338022,-10.325678714831945,1.2075352112676017
104186866,31.145355026648822,-20.056345070422466,-10.641937062913128,1.1755845070422497
104186867,31.13435661154337,-20.055338028168947,-10.730247866553935,1.1541619718309821
104186868,31.123466024036997,-20.054147887323886,-10.82740053331873,1.1028943661971795
104186869,31.11246760893155,-20.053049295774585,-10.645495373682536,1.0483309859154895
104186870,31.101469193826098,-20.052042253521066,-10.567751674750884,1.075978873239433
104186871,31.09003946832436,-20.050943661971772,-11.009521348153068,1.0161971830985883
104186872,31.078825398020765,-20.050211267605576,-11.184417713849514,0.8884859154929549
104186873,31.067503500118097,-20.049112676056275,-11.163067849233055,0.9069788732394336
104186874,31.05650508501265,-20.048197183098523,-11.107860118507666,0.8650492957746452
104186875,31.044859704312763,-20.047281690140778,-11.360284527937619,0.8742957746478844
104186876,31.03342997881102,-20.046549295774582,-11.279413828632851,0.8816197183098563
104186877,31.021784598111136,-20.04545070422529,-11.420775811017586,0.9188802816901379
104186878,31.009923562213103,-20.044718309859086,-11.56709786295968,0.9597112676056306
104186879,30.998817319508582,-20.043711267605566,-11.528279927293392,0.9890985915492925
104186880,30.986740628412402,-20.042887323943603,-11.835372929453367,0.8276056338028142
104186881,30.975095247712513,-20.042063380281625,-11.914518387172967,0.9174154929577435
104186882,30.96280290141819,-20.041056338028106,-12.023100779439504,1.1072887323943625
104186883,30.95148100351552,-20.04032394366191,-11.856722794069826,0.9251971830985886
104186884,30.940374760811,-20.03931690140839,-11.808631684883256,0.9010281690140816
104186885,30.928945035309262,-20.038584507042195,-11.846371344558817,0.8211971830985889
104186886,30.917083999411226,-20.037577464788676,-12.003476156408214,0.9760985915492926
104186887,30.90576210150856,-20.03693661971824,-11.810249098869352,0.8014225352112649
104186888,30.89433237600682,-20.036112676056277,-11.447193572790477,0.926387323943659
104186889,30.882471340108786,-20.03547183098585,-11.673955013641049,0.8647746478873211
104186890,30.870933787007974,-20.03473943661966,-11.66080004655414,0.8943450704225323
104186891,30.85939623390716,-20.033915492957682,-11.49258899200022,0.9005704225352084
104186892,30.847535198009126,-20.03327464788726,-11.414737465469496,0.8384084507042225
104186893,30.835781989710167,-20.032542253521065,-11.438459537265562,0.7547323943661947
104186894,30.82413660901028,-20.03199295774641,-11.315859557119532,0.7064859154929555
104186895,30.81238340071132,-20.031535211267546,-11.405248636751072,0.6697746478873218
104186896,30.800414537214216,-20.03080281690135,-11.63157876720535,0.6592464788732373
104186897,30.78855350131618,-20.03016197183093,-11.775097301571545,0.7192112676056315
104186898,30.77636898262093,-20.029612676056274,-11.606454936621335,0.7787183098591524
104186899,30.764184463925677,-20.028971830985853,-11.87753352069092,0.6685845070422514
104186900,30.75221560042857,-20.02851408450698,-12.032697435757003,0.614112676056336
104186901,30.74003108173332,-20.027781690140777,-12.358875922952903,0.6380985915492937
104186902,30.728062218236214,-20.02741549295768,-12.476731488739718,0.5503028169014067
104186903,30.71587769954096,-20.026683098591484,-12.408907928922787,0.6198802816901389
104186904,30.70369318084571,-20.026316901408386,-12.104941927135929,0.5866478873239417
104186905,30.69118517935324,-20.025676056337964,-12.227002769286592,0.6452394366197162
104186906,30.67867717786077,-20.0252183098591,-12.255684910640017,0.5071830985915476
104186907,30.666708314363664,-20.02476056338022,-12.161767071847413,0.5454507042253504
104186908,30.654415968069337,-20.02439436619712,-12.185381316044406,0.5062676056338011
104186909,30.641907966576866,-20.024028169014024,-12.11205854867475,0.44840845070422386
104186910,30.628968654688105,-20.02347887323937,-12.212122560614516,0.4534436619718295
104186911,30.61678413599285,-20.023204225352046,-12.215896526582073,0.36061267605633684
104186912,30.604383962099455,-20.022746478873174,-11.99269339650091,0.39292957746478746
104186913,30.59133682261162,-20.02228873239431,-11.931986458222799,0.44740140845070275
104186914,30.578720993520076,-20.021922535211203,-12.180636901685192,0.47358450704225197
104186915,30.566212992027605,-20.021556338028105,-12.286092293578612,0.5004999999999984
104186916,30.553920645733278,-20.021098591549233,-12.294718501504454,0.49088732394366036
104186917,30.54173612703803,-20.020732394366135,-12.233580252830048,0.5154225352112659
104186918,30.529120297946484,-20.020549295774586,-12.290081914744313,0.4524366197183084
104186919,30.51725926204845,-20.020274647887256,-12.088659959675903,0.3209718309859145
104186920,30.504859088155055,-20.01981690140839,-12.29568894989611,0.3554859154929566
104186921,30.492566741860728,-20.019542253521067,-12.131036206111602,0.32985211267605524
104186922,30.48016656796733,-20.018992957746413,-12.456352072514917,0.41014084507042115
104186923,30.467766394073934,-20.01880985915487,-12.382705822348042,0.28096478873239344
104186924,30.455474047779607,-20.018626760563315,-12.358875922952903,0.1635070422535206
104186925,30.44307387388621,-20.01835211267599,-12.395213823840512,0.17723943661971772
104186926,30.430350217195592,-20.018077464788675,-12.615505608746703,0.21532394366197113
104186927,30.417303077707757,-20.01789436619712,-12.886045054820922,0.14574647887323897
104186928,30.40533421421065,-20.01771126760557,-12.559543084827803,0.10930985915492922
104186929,30.392287074722816,-20.017345070422472,-12.758808487914752,0.22402112676056266
104186930,30.379671245631272,-20.017161971830923,-12.865557810997048,0.1467535211267601
104186931,30.367594554535092,-20.016978873239374,-12.800106458359721,0.1603943661971826
104186932,30.354870897844474,-20.016978873239374,-12.748133555606524,0.09832394366197152
104186933,30.342686379149225,-20.016612676056276,-12.303344709430295,0.13741549295774602
104186934,30.33007055005768,-20.016338028168953,-12.334614713161471,0.17751408450704168
104186935,30.317023410569842,-20.016612676056276,-12.536575806225247,0.08349295774647861
104186936,30.304838891874592,-20.016338028168953,-12.489778628227556,0.14483098591549248
104186937,30.292115235183974,-20.016246478873178,-12.575070259094318,0.12267605633802778
104186938,30.279391578493357,-20.016063380281622,-12.820917184980814,0.1346690140845066
104186939,30.266452266604595,-20.015971830985855,-12.864803017803537,0.14730281690140798
104186940,30.253405127116757,-20.01588028169008,-12.996029205875407,0.1331126760563376
104186941,30.24100495322336,-20.015697183098524,-12.713628723903154,0.13302112676056296
104186942,30.2280656413346,-20.015697183098524,-12.684515272153439,0.10757042253521092
104186943,30.215449812243055,-20.0154225352112,-12.622298747488303,0.14995774647887275
104186944,30.202618327953363,-20.015605633802757,-12.702306826000488,0.036528169014084386
104186945,30.19032598165904,-20.015605633802757,-12.56698318916384,0.07571126760563356
104186946,30.17749449736935,-20.015514084506982,-12.566228395970331,0.09292253521126731
104186947,30.164878668277805,-20.015514084506982,-12.428209069156859,0.04861267605633787
104186948,30.152155011587187,-20.015330985915426,-12.186459592035135,0.07671830985915468
104186949,30.13975483769379,-20.0154225352112,-12.175784659726908,0.05849999999999981
104186950,30.127354663800393,-20.015514084506982,-12.13200665450326,0.004485915492957732
104186951,30.11473883470885,-20.0154225352112,-12.161012278653901,0.03460563380281679
104186952,30.10233866081545,-20.015330985915426,-12.172442004155643,-0.06316901408450683
104186953,30.08993848692205,-20.015330985915426,-12.120145618605227,-0.044859154929577316
104186954,30.077214830231437,-20.01523943661966,-12.123596101775561,0.015746478873239385
104186955,30.06405986314453,-20.015147887323877,-12.2757408440676,0.027830985915492868
104186956,30.05241448244464,-20.01523943661966,-12.183116936463874,0.013366197183098548
104186957,30.040014308551243,-20.015330985915426,-12.089846063265705,0.010985915492957712
104186958,30.027290651860625,-20.015056338028103,-12.080465062146352,0.1254225352112672
104186959,30.015106133165375,-20.01523943661966,-12.276172154463893,-0.07690140845070398
104186960,30.002382476474757,-20.014964788732335,-12.35661154337237,0.04064788732394353
104186961,29.98998230258136,-20.015147887323877,-12.199938041919264,0.0018309859154929519
104186962,29.977366473489816,-20.014964788732335,-12.385724995122086,9.154929577464759e-05
104186963,29.964858471997342,-20.01523943661966,-12.418935895636578,-0.1734859154929572
104186964,29.952026987707654,-20.015056338028103,-12.50314925051261,-0.15160563380281641
104186965,29.939734641413327,-20.014964788732335,-12.41828893004214,-0.307056338028168
104186966,29.92733446751993,-20.014964788732335,-12.601811503664429,-0.17165492957746423
104186967,29.914610810829313,-20.014964788732335,-12.559758740025948,-0.17549999999999943
104186968,29.901563671341478,-20.01478169014078,-12.44783369218815,-0.05758450704225333
104186969,29.889379152646228,-20.014964788732335,-12.635669369773357,-0.19738028169014019
104186970,29.876439840757463,-20.014690140845005,-12.951280752260102,-0.02206338028169007
104186971,29.86382401166592,-20.01487323943656,-12.822211116169692,-0.12011267605633764
104186972,29.851531665371596,-20.01478169014078,-12.557602188044488,-0.015380281690140794
104186973,29.839131491478195,-20.014598591549237,-12.62143612669572,0.0686619718309857
104186974,29.826731317584798,-20.014598591549237,-12.736056864510344,0.1032676056338025
104186975,29.8143311436914,-20.014690140845005,-12.610653366788416,-0.02471830985915485
104186976,29.801930969798004,-20.014598591549237,-12.588980019374738,0.03634507042253509
104186977,29.789099485508313,-20.014507042253463,-12.710393895930965,0.09914788732394333
104186978,29.77680713921399,-20.014598591549237,-12.620896988700354,-0.002014084507042247
104186979,29.76429913772152,-20.014598591549237,-12.732606381340007,0.05978169014084488
104186980,29.75222244662534,-20.014598591549237,-12.54660377293904,-0.02233802816901401
104186981,29.73971444513287,-20.014598591549237,-12.373324821228689,-0.07928169014084481
104186982,29.727853409234836,-20.014690140845005,-12.134702344480084,-0.13357042253521084
104186983,29.715453235341435,-20.01478169014078,-12.062457853101156,-0.18648591549295715
104186984,29.70337654424526,-20.014690140845005,-12.13599627566896,-0.19939436619718243
104186985,29.69129985314908,-20.014690140845005,-12.011563226338689,-0.19207042253521064
104186986,29.679007506854756,-20.014690140845005,-11.917106249550718,-0.17138028169014027
104186987,29.66671516056043,-20.01487323943656,-12.031726987365346,-0.1179154929577461
104186988,29.654746297063323,-20.014964788732335,-11.864917691599375,-0.1394295774647883
104186989,29.642238295570852,-20.01487323943656,-12.081651165736156,-0.03643661971830974
104186990,29.630269432073746,-20.015147887323877,-12.222689665323673,0.028380281690140754
104186991,29.618300568576643,-20.015147887323877,-12.024286883029307,-0.021788732394366128
104186992,29.6056847394851,-20.015147887323877,-12.225708838097717,-0.0529154929577463
104186993,29.592853255195408,-20.015147887323877,-12.466487866827782,-0.08477464788732367
104186994,29.580776564099228,-20.015330985915426,-12.158963554271516,-0.11883098591549256
104186995,29.56805290740861,-20.015514084506982,-12.388097202301694,-0.2522183098591541
104186996,29.555976216312434,-20.015605633802757,-12.21686697497373,-0.22136619718309788
104186997,29.543144732022743,-20.01588028169008,-12.520078183567076,-0.26860563380281605
104186998,29.530313247733055,-20.01588028169008,-12.632434541801167,-0.08999295774647857
104186999,29.518020901438728,-20.016063380281622,-12.609467263198614,-0.11242253521126723
104187000,29.505081589549967,-20.016246478873178,-12.79644031999124,-0.06161267605633783
104187001,29.49278924325564,-20.016246478873178,-12.468860074007388,-0.020323943661971766
104187002,29.479957758965952,-20.016246478873178,-12.572374569117493,0.07186619718309836
104187003,29.46712627467626,-20.0165211267605,-12.62219091988923,0.08935211267605604
104187004,29.45461827318379,-20.01670422535205,-12.339466955119757,0.019774647887323877
104187005,29.441894616493173,-20.016978873239374,-12.645481681289004,-0.04147183098591536
104187006,29.42906313220348,-20.017070422535156,-12.530645288276231,-0.03195070422535201
104187007,29.41612382031472,-20.017253521126698,-12.40373220416728,-0.07104225352112653
104187008,29.403400163624102,-20.017619718309795,-12.743712624044528,-0.24553521126760483
104187009,29.39046085173534,-20.01771126760557,-12.721500138635486,-0.308887323943661
104187010,29.37806067784194,-20.018077464788675,-12.464439142445395,-0.311999999999999
104187011,29.365229193552253,-20.018169014084442,-12.799782975562502,-0.30916197183098487
104187012,29.352936847257926,-20.01853521126754,-12.52061732156244,-0.3744366197183086
104187013,29.340105362968238,-20.01890140845064,-12.719127931455878,-0.2536830985915485
104187014,29.327920844272985,-20.01917605633797,-12.513932010419914,-0.3523732394366186
104187015,29.315520670379588,-20.01935915492951,-12.65928361397035,-0.2603661971830978
104187016,29.302904841288044,-20.019908450704165,-12.787382801669105,-0.39567605633802694
104187017,29.289749874201135,-20.020091549295714,-12.97155234088583,-0.398239436619717
104187018,29.277349700307738,-20.02045774647881,-12.585313881006256,-0.3687605633802805
104187019,29.264410388418973,-20.020915492957684,-12.536360151027102,-0.3402887323943651
104187020,29.251471076530212,-20.021190140845007,-12.688936203715434,-0.23445774647887246
104187021,29.23896307503774,-20.021556338028105,-12.580138156250749,-0.30833802816901307
104187022,29.225915935549903,-20.022105633802752,-12.561807464408336,-0.382126760563379
104187023,29.213407934057432,-20.02247183098585,-13.001312758229986,-0.2868239436619709
104187024,29.200684277366815,-20.023021126760504,-12.989451722331953,-0.3644577464788721
104187025,29.188499758671565,-20.023295774647828,-12.87278226013494,-0.3680281690140833
104187026,29.1755604467828,-20.0237535211267,-12.961632201771112,-0.39567605633802694
104187027,29.162513307294965,-20.024119718309798,-13.190118884206854,-0.3942112676056325
104187028,29.149789650604347,-20.024577464788663,-13.030102727182484,-0.3108098591549286
104187029,29.13706599391373,-20.025035211267543,-13.230662061458311,-0.4669929577464773
104187030,29.124234509624042,-20.025492957746415,-13.259775513208027,-0.42835915492957605
104187031,29.111187370136204,-20.02622535211262,-13.362103904728327,-0.4892394366197167
104187032,29.098355885846516,-20.026683098591484,-13.07485118079779,-0.47083802816901255
104187033,29.085524401556825,-20.027323943661912,-12.981256824802403,-0.6074295774647868
104187034,29.072369434469916,-20.027781690140777,-13.100837632174388,-0.5450845070422518
104187035,29.059430122581155,-20.02833098591543,-12.967778374918275,-0.5207323943661956
104187036,29.04681429348961,-20.028788732394297,-12.804527389921715,-0.4406267605633788
104187037,29.033120188407334,-20.029612676056274,-12.920765541722437,-0.630499999999998
104187038,29.0200730489195,-20.03016197183093,-13.242523097356344,-0.6759999999999978
104187039,29.007672875026103,-20.030619718309794,-12.928852611652912,-0.6935774647887302
104187040,28.993978769943826,-20.03144366197177,-13.049511695015628,-0.7020915492957723
104187041,28.980715975257844,-20.03199295774641,-13.265382548359824,-0.6159436619718289
104187042,28.967884490968157,-20.032725352112607,-12.931332646431594,-0.7789929577464763
104187043,28.954298213484954,-20.03327464788726,-13.132431118702783,-0.7843943661971805
104187044,28.941035418798972,-20.033915492957682,-13.416233359462986,-0.798309859154927
104187045,28.92744914131577,-20.034830985915427,-13.092319251847618,-0.7831126760563356
104187046,28.91461765702608,-20.03547183098585,-13.044012487462902,-0.7958380281690114
104187047,28.901894000335464,-20.036204225352044,-12.688289238120994,-0.7314788732394343
104187048,28.888523378050408,-20.036845070422473,-12.600948882871844,-0.6553098591549275
104187049,28.875584066161647,-20.03739436619712,-12.733253346934445,-0.7348661971830961
104187050,28.86253692667381,-20.038218309859097,-12.842267049597273,-0.804809859154927
104187051,28.84970544238412,-20.038950704225293,-12.940605819951871,-0.7577535211267581
104187052,28.836981785693503,-20.03968309859149,-13.04746297063324,-0.7883309859154904
104187053,28.824473784201032,-20.04032394366191,-12.93866492316856,-0.7344084507042229
104187054,28.811750127510415,-20.041147887323874,-12.729479380966891,-0.6934859154929555
104187055,28.799026470819797,-20.04178873239431,-12.860489913840615,-0.7189366197183076
104187056,28.786410641728253,-20.042521126760505,-12.877957984890445,-0.7711197183098566
104187057,28.773255674641344,-20.04343661971825,-12.937155336781537,-0.7772535211267579
104187058,28.760532017950727,-20.044352112675988,-12.772502592997027,-0.752809859154927
104187059,28.74770053366104,-20.04508450704219,-13.141380809425845,-0.7432887323943638
104187060,28.73454556657413,-20.045816901408386,-13.201872092505813,-0.7629718309859129
104187061,28.722253220279804,-20.04691549295768,-13.069136318046919,-0.7532676056338002
104187062,28.70963739118826,-20.047464788732334,-12.86243081062393,-0.7138098591549272
104187063,28.696158941304134,-20.048471830985854,-12.871057018549772,-0.8463732394366169
104187064,28.683866595009807,-20.049295774647817,-12.523205183940192,-0.8184507042253495
104187065,28.670927283121046,-20.05002816901402,-12.721931449031779,-0.7971197183098565
104187066,28.658095798831354,-20.05103521126754,-12.504119698904267,-0.838316901408448
104187067,28.64580345253703,-20.05195070422529,-12.25180311707339,-0.8591901408450675
104187068,28.632756313049192,-20.05295774647881,-12.410956653305174,-1.0243450704225319
104187069,28.61949351836321,-20.05396478873233,-12.289003638753583,-1.02095774647887
104187070,28.606769861672596,-20.05497183098585,-12.204898111476624,-0.9729859154929547
104187071,28.59339923938754,-20.05597887323937,-12.591136571356198,-1.021964788732391
104187072,28.580459927498776,-20.056985915492895,-12.748672693601888,-1.1154366197183063
104187073,28.56708930521372,-20.058084507042196,-12.734978588519615,-1.1018873239436584
104187074,28.55458130372125,-20.05890845070416,-12.480505454707275,-0.9633732394366166
104187075,28.541318509035268,-20.06019014084501,-12.539379323801148,-0.94039436619718
104187076,28.528271369547433,-20.061105633802754,-12.497973525757105,-1.041739436619715
104187077,28.51500857486145,-20.062204225352048,-12.865665638596122,-1.0440281690140811
104187078,28.501961435373616,-20.063394366197116,-13.059431834130347,-1.107197183098588
104187079,28.489345606282072,-20.064676056337966,-12.905130539856847,-1.142535211267602
104187080,28.476406294393307,-20.06577464788726,-13.00896851776417,-1.0564788732394332
104187081,28.463574810103616,-20.066964788732328,-12.897906090718955,-1.0446690140845036
104187082,28.45095898101207,-20.06806338028162,-12.606016780028277,-1.0456760563380247
104187083,28.437480531127946,-20.06943661971824,-12.757945867122169,-1.2243802816901368
104187084,28.424864702036402,-20.070443661971773,-12.618740436718895,-1.2580704225352073
104187085,28.41203321774671,-20.071725352112615,-12.652598302827823,-1.35996478873239
104187086,28.39909390585795,-20.073007042253458,-12.745114382832478,-1.3460492957746435
104187087,28.38637024916733,-20.074197183098526,-12.91127671300401,-1.2247464788732354
104187088,28.373215282080423,-20.075661971830925,-13.132323291103711,-1.214492957746475
104187089,28.36059945298888,-20.076669014084445,-13.104935080939164,-1.195816901408447
104187090,28.347983623897335,-20.078133802816843,-13.016839932496502,-1.2538591549295734
104187091,28.335259967206717,-20.07950704225346,-12.961416546572968,-1.2749154929577422
104187092,28.3225363105161,-20.080788732394296,-12.85639246507584,-1.2556901408450665
104187093,28.30970482622641,-20.08216197183092,-12.633297162593752,-1.1541619718309821
104187094,28.297412479932085,-20.08335211267599,-12.681711754577538,-1.1504999999999963
104187095,28.284904478439614,-20.084816901408388,-12.524067804732777,-1.2655774647887281
104187096,28.27185733895178,-20.086281690140787,-12.500345732936712,-1.2476338028168974
104187097,28.258486716666724,-20.087563380281622,-12.526440011912383,-1.2160492957746438
104187098,28.245763059976106,-20.08902816901402,-12.384646719131355,-1.3707676056337983
104187099,28.232608092889198,-20.090676056337962,-12.540134116994658,-1.4328380281690096
104187100,28.219776608599506,-20.092140845070354,-12.61615257434114,-1.3359788732394322
104187101,28.207052951908892,-20.093605633802753,-12.68311351336549,-1.339183098591545
104187102,28.1942214676192,-20.095345070422468,-12.445353657409468,-1.4171830985915448
104187103,28.181605638527657,-20.096718309859092,-12.522989528742048,-1.3927394366197139
104187104,28.169097637035186,-20.098183098591484,-12.529890495082721,-1.4914295774647839
104187105,28.156481807943642,-20.0999225352112,-12.743496968846383,-1.6026619718309807
104187106,28.14365032365395,-20.10157042253514,-12.758592832716607,-1.6672042253521073
104187107,28.13071101176519,-20.10303521126754,-12.5951261925219,-1.6411126760563328
104187108,28.118310837871793,-20.104499999999938,-12.731528105349277,-1.5786760563380229
104187109,28.1054793535821,-20.106239436619653,-13.030641865177849,-1.6390985915492904
104187110,28.09297135208963,-20.107704225352045,-12.811212701064242,-1.6607042253521072
104187111,28.079816385002722,-20.109443661971767,-13.128441497537082,-1.8289718309859095
104187112,28.06698490071303,-20.111183098591482,-12.788676732857981,-1.740809859154924
104187113,28.053829933626123,-20.11301408450698,-12.914295885778055,-1.7121549295774592
104187114,28.041753242529943,-20.114570422535152,-12.605585469631984,-1.645690140845065
104187115,28.029676551433766,-20.116218309859093,-12.460988659275058,-1.6511830985915439
104187116,28.017276377540366,-20.117957746478808,-12.342917438290096,-1.7079436619718253
104187117,28.005199686444186,-20.119788732394305,-12.047361989230934,-1.6673873239436565
104187118,27.992691684951716,-20.12152816901402,-12.414514964074584,-1.6761760563380226
104187119,27.98061499385554,-20.123267605633735,-12.41936720603287,-1.653014084507037
104187120,27.96789133716492,-20.125007042253458,-12.512638079231037,-1.5697957746478821
104187121,27.95603030126689,-20.12647183098585,-12.486220317458145,-1.5587183098591497
104187122,27.944061437769783,-20.128302816901346,-12.068711853847393,-1.6424859154929523
104187123,27.93187691907453,-20.130133802816843,-11.876563072299263,-1.7188380281690085
104187124,27.919908055577427,-20.1320563380281,-11.674494151636415,-1.8148732394366138
104187125,27.90793919208032,-20.133612676056273,-11.873543899525218,-1.8547887323943602
104187126,27.895754673385067,-20.13544366197177,-12.142897242009635,-1.8515845070422474
104187127,27.884001465086108,-20.137366197183034,-12.031295676969053,-1.7827394366197127
104187128,27.872463911985292,-20.139197183098524,-12.112597686670114,-1.7053802816901351
104187129,27.86092635888448,-20.140845070422465,-12.121978687789468,-1.7892394366197124
104187130,27.849604460981812,-20.142859154929518,-11.749542160591238,-1.887838028169008
104187131,27.837851252682853,-20.14450704225346,-11.78631137187514,-1.828605633802811
104187132,27.82631369958204,-20.146521126760497,-11.559657758623642,-1.871999999999994
104187133,27.81445266368401,-20.148260563380212,-11.631794422403495,-1.8271408450704165
104187134,27.803346420979484,-20.15009154929571,-11.561490827807884,-1.9214366197183035
104187135,27.79148538508145,-20.15201408450698,-11.603867074243583,-1.9023028169014022
104187136,27.780163487178786,-20.153753521126696,-11.243938548537825,-1.8485633802816843
104187137,27.768410278879823,-20.15567605633796,-11.599446142681588,-1.8931478873239374
104187138,27.757196208576232,-20.157507042253457,-11.193367404572577,-1.8734647887323883
104187139,27.745550827876343,-20.159338028168946,-11.515340615404629,-1.8518591549295713
104187140,27.7341211023746,-20.161260563380225,-11.176330643919039,-1.8705352112675995
104187141,27.7221522388775,-20.16318309859148,-11.321574419870402,-1.8580845070422476
104187142,27.71083034097483,-20.16501408450698,-11.058151595335003,-1.7602183098591493
104187143,27.699616270671235,-20.167028169014017,-10.921749682507627,-1.8602816901408392
104187144,27.688510027966714,-20.168859154929514,-11.08618677109399,-1.9196056338028107
104187145,27.677188130064046,-20.170873239436553,-11.145707605782299,-1.9088943661971771
104187146,27.666081887359525,-20.172612676056282,-11.265396240753356,-1.9213450704225288
104187147,27.655083472254077,-20.17453521126754,-11.146678054173956,-1.8548802816901349
104187148,27.643438091554188,-20.176732394366134,-11.539493997596987,-1.959246478873233
104187149,27.63243967644874,-20.178380281690075,-11.234449719819398,-1.9328802816901345
104187150,27.621117778546072,-20.18076056338021,-11.297852348074336,-1.9513732394366134
104187151,27.61033501863877,-20.18249999999994,-11.165116573615444,-1.71847183098591
104187152,27.59858181033981,-20.18469718309852,-11.404386015958485,-1.8404154929577405
104187153,27.58779905043251,-20.1866197183098,-11.044241835054583,-1.86128873239436
104187154,27.576692807727987,-20.188908450704155,-11.33321980057029,-1.9813098591549232
104187155,27.565802220221613,-20.191014084506975,-11.32793624821571,-1.9828661971830923
104187156,27.55458814991802,-20.193119718309788,-11.427245466961967,-2.0212253521126695
104187157,27.543805390010714,-20.19513380281684,-11.252456928864595,-2.0442957746478805
104187158,27.532699147306193,-20.197422535211203,-10.943638685119451,-2.17704225352112
104187159,27.521700732200745,-20.199711267605572,-11.151961606528534,-2.152049295774641
104187160,27.511025799892515,-20.201816901408385,-11.078531011559805,-2.0054788732394297
104187161,27.50013521238614,-20.203922535211206,-11.173742781541286,-2.0780774647887257
104187162,27.4898915904742,-20.2061197183098,-10.756989111124044,-1.996690140845064
104187163,27.47878534776968,-20.208499999999937,-10.746422006414887,-2.1726478873239365
104187164,27.467786932664232,-20.21060563380275,-10.882823919242265,-2.190133802816894
104187165,27.45668068995971,-20.212985915492894,-11.021598039249247,-2.1700845070422465
104187166,27.44643706804777,-20.215366197183037,-10.440622935443788,-2.1625774647887255
104187167,27.435546480541397,-20.217563380281625,-10.71795552025961,-2.2217183098591478
104187168,27.425087203431314,-20.219852112675994,-10.517072703186564,-2.155161971830979
104187169,27.41430444352401,-20.22223239436613,-10.510818702440327,-2.167246478873232
104187170,27.403737338814853,-20.2245211267605,-10.513406564818082,-2.1633098591549227
104187171,27.392631096110332,-20.22717605633796,-10.780064217325672,-2.22904225352112
104187172,27.38217181900025,-20.229464788732336,-10.843035535184317,-2.3478732394366117
104187173,27.3711734038948,-20.232028169014015,-10.758175214713848,-2.3844929577464713
104187174,27.36082195438379,-20.234591549295708,-10.589425022164564,-2.6048521126760478
104187175,27.34971571167927,-20.236971830985844,-10.667923514289726,-2.5844366197183017
104187176,27.33936426216826,-20.239535211267537,-10.356733063364976,-2.525570422535203
104187177,27.32868932986003,-20.24209859154923,-10.515563116799541,-2.4795211267605555
104187178,27.31876919074531,-20.244661971830922,-10.227232116878273,-2.4122323943661894
104187179,27.30766294804079,-20.247408450704164,-10.164692109415919,-2.5966126760563295
104187180,27.29774280892607,-20.249971830985857,-10.36794713366857,-2.6337816901408364
104187181,27.286852221419696,-20.252535211267535,-10.304005367418267,-2.5600845070422453
104187182,27.275853806314245,-20.25519014084501,-10.720112072241069,-2.496732394366189
104187183,27.26561018440231,-20.258028169014025,-10.387895239497078,-2.5882816901408363
104187184,27.25482742449501,-20.260591549295718,-10.54230436136965,-2.662528169014076
104187185,27.243721181790484,-20.263154929577397,-10.493889769385863,-2.6088802816901326
104187186,27.23315407708133,-20.265901408450645,-10.38077861795826,-2.7496830985915404
104187187,27.22215566197588,-20.268556338028105,-10.613470576757848,-2.6974999999999913
104187188,27.212019867663017,-20.27130281690134,-10.388003067096152,-2.719197183098583
104187189,27.201344935354786,-20.273866197183033,-10.285243365179559,-2.5904788732394284
104187190,27.19077783064563,-20.276795774647823,-10.384229101128597,-2.7145281690140757
104187191,27.17999507073833,-20.27963380281684,-10.19725604433597,-2.7488591549295687
104187192,27.169643621227316,-20.2822887323943,-10.11196441346921,-2.742999999999991
104187193,27.159184344117236,-20.285035211267534,-10.347028579448404,-2.755450704225343
104187194,27.14840158420993,-20.28787323943655,-10.311876782150597,-2.73549295774647
104187195,27.13837361749614,-20.29080281690134,-10.298829642662762,-2.8252112676056247
104187196,27.127914340386056,-20.29391549295768,-10.26885357012046,-2.960338028169004
104187197,27.117455063275973,-20.296753521126696,-10.384444756326744,-2.9109929577464695
104187198,27.10699578616589,-20.29977464788726,-10.520415358757827,-3.064521126760553
104187199,27.09621302625859,-20.3028873239436,-10.425419243974492,-3.0798098591549192
104187200,27.08553809395036,-20.30572535211261,-10.378082927981435,-3.130894366197173
104187201,27.0749709892412,-20.308654929577408,-10.394472723040534,-3.1041619718309756
104187202,27.064835194928335,-20.311584507042184,-10.16372166102426,-3.0409014084506945
104187203,27.05416026262011,-20.314514084506975,-10.24815067109844,-3.047218309859145
104187204,27.04359315791095,-20.317626760563314,-10.387032618704495,-3.0974788732394267
104187205,27.03345736359809,-20.32064788732388,-10.338078888725342,-3.0663521126760465
104187206,27.02321374168615,-20.323669014084444,-10.15229193552252,-2.933971830985906
104187207,27.01286229217514,-20.32687323943655,-10.318993403689417,-3.006387323943652
104187208,27.00251084266413,-20.32998591549289,-10.401912827376572,-3.0518873239436517
104187209,26.99226722075219,-20.33328169014078,-10.260335189793691,-3.0806338028168914
104187210,26.98191577124118,-20.336302816901338,-10.209764045828443,-3.206056338028159
104187211,26.97188780452739,-20.339415492957684,-10.303897539819193,-3.1237535211267504
104187212,26.96218332061082,-20.3426197183098,-10.05071833719573,-3.1393169014084408
104187213,26.951724043500732,-20.345823943661905,-10.07993961654452,-3.0998591549295673
104187214,26.94201955958416,-20.34921126760557,-10.129648139717185,-3.2682183098591446
104187215,26.931883765271298,-20.352323943661908,-10.145606624379992,-3.3135352112675944
104187216,26.92164014335936,-20.35543661971824,-10.307671505786749,-3.215669014084497
104187217,26.91204348704186,-20.358732394366136,-9.986129605350989,-3.163028169014074
104187218,26.901584209931777,-20.362119718309792,-10.233270462426361,-3.187746478873229
104187219,26.89177189841613,-20.365507042253462,-10.017938747077531,-3.224183098591539
104187220,26.88163610410327,-20.369077464788674,-10.123070656173729,-3.2774647887323836
104187221,26.87139248219133,-20.372281690140788,-10.334520577955931,-3.326718309859144
104187222,26.861256687878466,-20.37576056338022,-10.184532387645353,-3.325436619718299
104187223,26.8511208935656,-20.379147887323874,-10.24319060154108,-3.285521126760553
104187224,26.841632064847175,-20.382809859154868,-9.921217390709026,-3.449119718309848
104187225,26.831604098133383,-20.3862887323943,-9.930059253833015,-3.518239436619707
104187226,26.821683959018667,-20.389859154929518,-10.0264571274043,-3.6291056338028054
104187227,26.811871647503022,-20.39342957746473,-9.988501812530595,-3.6447605633802698
104187228,26.80216716358645,-20.396816901408386,-9.788265961051987,-3.721570422535199
104187229,26.791815714075437,-20.400478873239372,-10.102799067548002,-3.722943661971819
104187230,26.7815720921635,-20.40414084507035,-10.258070810213157,-3.7096690140844952
104187231,26.771544125449708,-20.40789436619712,-10.242004497951276,-3.681288732394354
104187232,26.76151615873592,-20.411739436619655,-10.168466075383474,-3.721570422535199
104187233,26.7515960196212,-20.41558450704219,-10.100211205170249,-3.7498591549295655
104187234,26.741352397709264,-20.41942957746472,-10.073577788199213,-3.8003943661971706
104187235,26.731863568990835,-20.423274647887254,-9.991844468101858,-3.7305422535211146
104187236,26.722159085074264,-20.42711971830979,-9.625014976055427,-3.7447323943661854
104187237,26.7120232907614,-20.43114788732388,-9.764651716854996,-3.7487605633802694
104187238,26.702318806844826,-20.435267605633733,-9.682594913960424,-3.8739999999999872
104187239,26.692722150527327,-20.439204225352043,-9.885742110614002,-3.833718309859142
104187240,26.683017666610755,-20.44314084507036,-9.639895184727505,-3.9562112676056214
104187241,26.67320535509511,-20.447352112675986,-9.490661787610438,-3.978823943661959
104187242,26.663716526376685,-20.4516549295774,-9.499611478333499,-4.0449225352112546
104187243,26.65358073206382,-20.45595774647881,-9.422299089798141,-4.023042253521114
104187244,26.643876248147247,-20.460077464788668,-9.434267953295247,-3.997225352112663
104187245,26.63427959182975,-20.464380281690076,-9.28859286694759,-4.065887323943649
104187246,26.624467280314104,-20.468683098591484,-9.432542711710079,-4.183619718309846
104187247,26.614654968798458,-20.472894366197117,-9.76734740683182,-4.156338028169001
104187248,26.60505831248096,-20.477197183098532,-9.492710511992827,-4.267021126760549
104187249,26.59513817336624,-20.481591549295707,-9.581776108827144,-4.295309859154916
104187250,26.585218034251522,-20.48580281690134,-9.52451965371937,-4.291190140845056
104187251,26.575729205533097,-20.490288732394305,-9.517510859779621,-4.3365070422535075
104187252,26.565809066418378,-20.494591549295713,-9.458529163086679,-4.358570422535197
104187253,26.555996754902733,-20.49926056338021,-9.43545405688505,-4.482070422535196
104187254,26.54672358138245,-20.503746478873175,-9.408928467513086,-4.518690140845056
104187255,26.536479959470515,-20.508323943661907,-9.567542865749505,-4.474929577464774
104187256,26.527314613549308,-20.51271830985909,-9.224866755895432,-4.457169014084492
104187257,26.518041440029027,-20.517478873239376,-9.14636826377027,-4.613535211267591
104187258,26.50812130091431,-20.522056338028108,-9.25753851841456,-4.671211267605619
104187259,26.49852464459681,-20.526450704225283,-9.402350983969631,-4.68384507042252
104187260,26.488820160680238,-20.53111971830979,-9.618760975309193,-4.689795774647872
104187261,26.47922350436274,-20.535880281690076,-9.724971160396123,-4.730169014084492
104187262,26.469195537648947,-20.54054929577459,-9.708689192936095,-4.810091549295759
104187263,26.459706708930522,-20.545401408450644,-9.750849784173647,-4.622598591549281
104187264,26.45011005261302,-20.550161971830917,-9.686584535126125,-4.874542253521111
104187265,26.440189913498305,-20.555105633802746,-9.891456973364873,-4.818514084507027
104187266,26.43037760198266,-20.55995774647881,-10.032387645353316,-4.7869295774647735
104187267,26.420780945665157,-20.565084507042187,-9.621995803281383,-4.822084507042238
104187268,26.411292116946733,-20.569845070422474,-9.74092964505893,-4.700140845070407
104187269,26.40115632263387,-20.5751549295774,-9.798186100166706,-4.935514084507027
104187270,26.391451838717295,-20.580007042253456,-9.970710258683546,-4.795809859154914
104187271,26.382394320395164,-20.585316901408383,-9.697259467434355,-4.91747887323942
104187272,26.372797664077662,-20.59044366197176,-9.562367140994,-4.943936619718294
104187273,26.363308835359238,-20.595478873239372,-9.799587858954656,-5.074394366197167
104187274,26.35338869624452,-20.600697183098525,-10.034975507731069,-5.079154929577449
104187275,26.343684212327947,-20.60582394366191,-9.682810569158569,-5.17985915492956
104187276,26.334087556010445,-20.611042253521063,-9.82406472394423,-5.099204225352096
104187277,26.32459872729202,-20.616260563380216,-9.85824607285038,-5.194964788732377
104187278,26.314786415776375,-20.6213873239436,-9.840346691404259,-5.166401408450687
104187279,26.305189759458877,-20.62669718309853,-9.992707088894443,-5.143697183098575
104187280,26.29559310314138,-20.632007042253456,-9.631592459598883,-5.239274647887307
104187281,26.285565136427586,-20.637133802816834,-9.738341782681177,-5.0822676056337865
104187282,26.276615445704525,-20.642352112675994,-9.531959758055407,-5.232316901408434
104187283,26.267126616986097,-20.647478873239372,-9.309619248766829,-5.167957746478857
104187284,26.2575299606686,-20.653154929577397,-9.358572978745983,-5.185809859154912
104187285,26.247501993954806,-20.658098591549233,-9.340350114502643,-5.0658802816901245
104187286,26.238552303231746,-20.663499999999935,-9.209986547223355,-5.073570422535195
104187287,26.229171302112395,-20.669084507042186,-9.289994625735538,-5.116232394366181
104187288,26.21979030099304,-20.674485915492895,-9.38628467170775,-5.222154929577448
104187289,26.210517127472762,-20.679887323943596,-9.477938130919823,-5.324781690140828
104187290,26.201459609150625,-20.685288732394298,-9.41550595105654,-5.364514084507025
104187291,26.191755125234053,-20.690598591549232,-9.620701872092507,-5.171253521126744
104187292,26.18269760691192,-20.696183098591483,-9.121028777988109,-5.255021126760546
104187293,26.17353226099071,-20.701401408450636,-9.253225414451638,-5.285598591549279
104187294,26.164366915069508,-20.706802816901344,-9.150789195332264,-5.313521126760546
104187295,26.155093741549226,-20.712387323943595,-9.080701255934798,-5.362408450704208
104187296,26.14592839562802,-20.71788028169008,-9.037678043904661,-5.385661971830968
104187297,26.13633173931052,-20.723373239436548,-9.200713373703074,-5.24504225352111
104187298,26.127382048587457,-20.728774647887256,-8.928340858444614,-5.204302816901392
104187299,26.118432357864396,-20.734176056337965,-8.81199487904482,-5.148457746478857
104187300,26.10894352914597,-20.73966901408444,-9.153161402511872,-5.205492957746462
104187301,26.100101666021985,-20.744887323943594,-8.873240955318298,-5.157063380281674
104187302,26.090505009704483,-20.75056338028162,-8.952386413037898,-5.159901408450688
104187303,26.081339663783275,-20.755873239436553,-9.066252357659012,-5.201098591549279
104187304,26.072174317862068,-20.76145774647881,-8.9727658292627,-5.293838028168997
104187305,26.063116799539934,-20.766950704225287,-9.09256229183283,-5.264176056338011
104187306,26.05395145361873,-20.772535211267538,-8.971256242875677,-5.2996056338028
104187307,26.044893935296592,-20.77802816901402,-8.745249595218617,-5.382091549295757
104187308,26.035836416974462,-20.783246478873174,-8.574342850687874,-5.314253521126743
104187309,26.027102381449545,-20.788922535211206,-8.549758158099223,-5.345746478873222
104187310,26.017829207929264,-20.794781690140773,-8.435460903081816,-5.393352112676038
104187311,26.008987344805277,-20.800274647887264,-8.609925958381972,-5.4134929577464606
104187312,26.00014548168129,-20.805767605633733,-8.731771145334488,-5.419626760563363
104187313,25.991195790958226,-20.811352112675984,-8.896208233920852,-5.5571338028168835
104187314,25.982138272636092,-20.81693661971825,-8.865585195784114,-5.594119718309841
104187315,25.97275727151674,-20.822795774647822,-8.88866030198574,-5.591464788732376
104187316,25.963807580793677,-20.8282887323943,-8.863428643802653,-5.584873239436602
104187317,25.954642234872473,-20.834239436619654,-8.8184645349892,-5.713133802816883
104187318,25.945692544149413,-20.840190140845003,-8.763903769858251,-5.7362957746478695
104187319,25.936527198228205,-20.845957746478803,-9.012122902924354,-5.668457746478855
104187320,25.927254024707924,-20.85172535211261,-9.131272399900046,-5.7021478873239255
104187321,25.918304333984864,-20.857218309859093,-9.199635097712346,-5.6705633802816715
104187322,25.9093546432618,-20.862985915492885,-9.23974696456751,-5.649049295774629
104187323,25.900297124939666,-20.869119718309797,-8.94429934310742,-5.7217394366197
104187324,25.89113177901846,-20.874795774647822,-9.03692325071115,-5.646760563380263
104187325,25.882182088295398,-20.880838028168952,-9.027542249591797,-5.727232394366179
104187326,25.873232397572338,-20.886697183098526,-9.15132833332763,-5.821253521126742
104187327,25.86439053444835,-20.89273943661965,-8.96780575970534,-5.822901408450685
104187328,25.855333016126217,-20.89878169014078,-9.152514436917432,-5.8383732394366
104187329,25.84692246339852,-20.904457746478805,-9.046843389825868,-5.849725352112657
104187330,25.837757117477313,-20.91077464788726,-8.821375880164172,-5.997302816901389
104187331,25.828915254353326,-20.916725352112607,-9.013848144509522,-6.158978873239417
104187332,25.820612529224704,-20.92285915492951,-8.693600175262638,-6.108718309859134
104187333,25.811555010902566,-20.929084507042184,-8.881435852847847,-5.941366197183079
104187334,25.8030366305758,-20.934943661971765,-8.662545826729607,-5.947866197183079
104187335,25.79408693985274,-20.940985915492895,-8.72465452379567,-5.896415492957728
104187336,25.785460731926896,-20.947028169014025,-8.631707133394722,-6.104781690140825
104187337,25.776834524001053,-20.953161971830916,-8.711283901510614,-6.14130985915491
104187338,25.767561350480776,-20.95947887323937,-8.582429920618349,-6.134077464788712
104187339,25.75882731495586,-20.965521126760493,-8.482905046673947,-6.15943661971829
104187340,25.750524589827236,-20.971654929577397,-8.563452263181498,-6.173260563380262
104187341,25.74179055430232,-20.97788028169007,-8.791831118018164,-6.2087816901408255
104187342,25.73284086357926,-20.9839225352112,-8.994978314671743,-6.18525352112674
104187343,25.72432248325249,-20.99014788732388,-8.924351237278913,-6.154035211267586
104187344,25.715480620128503,-20.996190140845002,-8.83701088202976,-6.131971830985895
104187345,25.706746584603586,-21.002507042253455,-8.739426904868674,-6.152661971830966
104187346,25.697689066281455,-21.00854929577458,-8.718184867851287,-6.004443661971812
104187347,25.68927851355376,-21.0145915492957,-8.51935077516063,-6.067704225352093
104187348,25.68043665042977,-21.020908450704162,-8.531966604252174,-5.999133802816882
104187349,25.671918270103,-21.02704225352106,-8.70750993554306,-6.066514084507023
104187350,25.663076406979012,-21.03326760563374,-8.667074585890674,-5.955281690140826
104187351,25.654881509449464,-21.03967605633796,-8.449586318560383,-6.012042253521107
104187352,25.64582399112733,-21.045718309859083,-8.6273940294318,-5.968922535211248
104187353,25.63762909359778,-21.052035211267537,-8.293451955102642,-6.059647887323924
104187354,25.629002885671937,-21.058260563380216,-8.293559782701715,-6.256387323943641
104187355,25.620376677746094,-21.064669014084444,-8.423384211985637,-6.280556338028148
104187356,25.61228960781562,-21.07098591549289,-7.870552111538239,-6.21399999999998
104187357,25.60409471028607,-21.07739436619712,-7.770488099598472,-6.280464788732374
104187358,25.595360674761153,-21.083711267605565,-8.12869138371906,-6.332556338028148
104187359,25.586950122033457,-21.090119718309793,-8.192309667172145,-6.381992957746458
104187360,25.57886305210298,-21.09652816901402,-8.206219427452567,-6.444429577464767
104187361,25.570344671776212,-21.103028169014017,-8.387585449093393,-6.465669014084486
104187362,25.561826291449442,-21.109436619718245,-8.188751356402735,-6.472809859154909
104187363,25.55352356632082,-21.116028169014015,-8.093970896817547,-6.559781690140823
104187364,25.544789530795903,-21.122528169014018,-8.254310536639133,-6.35819014084505
104187365,25.5368102884645,-21.12939436619712,-8.266171572537168,-6.671563380281668
104187366,25.528184080538658,-21.136352112675993,-8.465976113619483,-6.815753521126738
104187367,25.51966570021189,-21.143035211267538,-8.508136704857035,-6.883774647887301
104187368,25.51103949228605,-21.14990140845064,-8.96025782777023,-6.746908450704203
104187369,25.502413284360205,-21.157042253521055,-8.84509795196024,-6.764119718309837
104187370,25.493679248835292,-21.163725352112607,-8.8608407814249,-6.816669014084485
104187371,25.48548435130574,-21.17086619718303,-8.649714342439918,-6.761647887323921
104187372,25.476642488181753,-21.17809859154923,-8.508783670451473,-6.847978873239415
104187373,25.468447590652204,-21.18514788732388,-8.264230675753852,-6.920028169014063
104187374,25.45982138272636,-21.192471830985845,-8.181958217661135,-7.023661971830963
104187375,25.451087347201444,-21.199521126760494,-8.126427004138527,-6.9294577464788505
104187376,25.442461139275604,-21.20684507042246,-8.343699616270673,-7.048105633802794
104187377,25.433942758948834,-21.21435211267599,-8.354590203777047,-7.11026760563378
104187378,25.424993068225774,-21.221584507042188,-8.439989662242883,-7.217563380281667
104187379,25.416905998295295,-21.229183098591477,-8.342729167879014,-7.280823943661948
104187380,25.40806413517131,-21.236507042253457,-8.525173465510573,-7.252352112676032
104187381,25.399437927245465,-21.244014084506972,-8.632246271390088,-7.173161971830963
104187382,25.39102737451777,-21.25170422535205,-8.430285178326312,-7.240725352112652
104187383,25.382293338992856,-21.259211267605565,-8.4227372463912,-7.48433802816899
104187384,25.373774958666086,-21.26680985915486,-8.491315599401643,-7.385739436619694
104187385,25.365148750740246,-21.274133802816834,-8.659526653955563,-7.531028169014061
104187386,25.357277336007915,-21.28154929577458,-8.514067222806052,-7.366056338028145
104187387,25.348327645284854,-21.289147887323878,-8.773284770977604,-7.377957746478849
104187388,25.340240575354375,-21.29647183098585,-8.572725436701777,-7.401119718309835
104187389,25.33183002262668,-21.303978873239373,-8.409690106903364,-7.297028169014061
104187390,25.32331164229991,-21.31130281690134,-8.418963280423643,-7.40121126760561
104187391,25.315224572369434,-21.31835211267599,-8.062485237888223,-7.339323943661948
104187392,25.30724533003803,-21.325767605633736,-7.996386919656459,-7.300232394366174
104187393,25.299266087706627,-21.33290845070416,-7.9714787442705894,-7.305633802816877
104187394,25.290639879780784,-21.340232394366126,-8.196946253932285,-7.308563380281666
104187395,25.28330760304382,-21.34737323943655,-7.886618423800119,-7.252077464788708
104187396,25.275112705514267,-21.354330985915425,-8.007924472757272,-7.12857746478871
104187397,25.266809980385645,-21.361654929577405,-8.358687652541823,-7.161352112676033
104187398,25.25872291045517,-21.3685211267605,-8.027872578585782,-7.11933098591547
104187399,25.25128280611913,-21.375845070422464,-7.70557588495651,-7.1279366197182865
104187400,25.243303563787727,-21.38298591549289,-7.761538408875411,-7.078591549295751
104187401,25.23532432145632,-21.390126760563312,-7.8294697962914155,-7.1342535211267375
104187402,25.227560734323063,-21.39754225352106,-7.836586417830237,-7.207035211267582
104187403,25.219042353996297,-21.40440845070416,-8.145512489174452,-7.330535211267582
104187404,25.211170939263965,-21.411732394366133,-8.041243200870838,-7.375760563380258
104187405,25.20319169693256,-21.418781690140776,-7.985496332150083,-7.200260563380258
104187406,25.195535937398375,-21.425830985915425,-7.8912550105602595,-7.144323943661949
104187407,25.18712538467068,-21.43297183098585,-8.22562839528571,-7.13251408450702
104187408,25.179469625136495,-21.440112676056273,-8.264338503352926,-7.074563380281667
104187409,25.17149038280509,-21.44725352112669,-8.254741847035426,-7.120063380281667
104187410,25.163403312874614,-21.45430281690134,-7.949913224455985,-7.047281690140823
104187411,25.155531898142286,-21.461260563380215,-7.71517254127401,-6.998485915492935
104187412,25.147660483409954,-21.468584507042188,-7.779222135123387,-7.081429577464766
104187413,25.139896896276696,-21.475816901408386,-7.601737907049188,-7.031718309859132
104187414,25.131701998747147,-21.482866197183036,-7.82785238230532,-7.048014084507019
104187415,25.124046239212962,-21.489915492957685,-7.33022801258331,-6.9977535211267385
104187416,25.116390479678778,-21.497147887323877,-7.210862860409472,-7.020091549295752
104187417,25.108626892545516,-21.504380281690075,-7.697812297823252,-6.985577464788709
104187418,25.10118678820948,-21.511795774647823,-7.717760403651762,-7.074746478873216
104187419,25.093099718279003,-21.518936619718247,-8.116075554627518,-7.029612676056316
104187420,25.085551786343892,-21.526169014084438,-8.106478898310018,-6.9969295774647655
104187421,25.078327337205998,-21.533126760563306,-7.821814036757231,-7.227450704225329
104187422,25.070348094874596,-21.540542253521053,-7.778467341929875,-7.179295774647865
104187423,25.06301581813763,-21.5479577464788,-7.723259611204486,-7.038309859154907
104187424,25.055791368999735,-21.555098591549225,-7.6015222518510415,-7.061471830985892
104187425,25.048243437064624,-21.562422535211205,-7.45174971673861,-6.932570422535189
104187426,25.040803332728586,-21.569654929577396,-7.3962185032160015,-7.055246478873216
104187427,25.033255400793472,-21.576887323943595,-7.596777837491828,-7.045908450704203
104187428,25.025815296457434,-21.584211267605568,-7.711614230504599,-7.048563380281668
104187429,25.01848301972047,-21.591260563380217,-7.85243707489397,-7.177922535211245
104187430,25.011258570582577,-21.59830985915486,-7.623303426863792,-6.9877746478873
104187431,25.003710638647465,-21.605633802816833,-7.614569391338877,-7.105507042253498
104187432,24.996270534311428,-21.612774647887257,-7.797876309763019,-7.2082253521126525
104187433,24.989153912772608,-21.620190140845004,-7.656406499779211,-7.308014084507018
104187434,24.981713808436567,-21.627239436619647,-7.406677780326086,-7.289338028168991
104187435,24.974920669694967,-21.634654929577394,-7.249357313278542,-7.235415492957723
104187436,24.967696220557073,-21.64207042253514,-7.32451314983244,-7.257478873239413
104187437,24.9607952542164,-21.649394366197107,-7.237388449781436,-7.263063380281666
104187438,24.953786460276653,-21.656718309859087,-7.051924979375833,-7.3404225352112435
104187439,24.94613070074247,-21.664225352112602,-7.344137772863731,-7.602619718309835
104187440,24.939014079203652,-21.67191549295768,-7.528954277674895,-7.5404577464788485
104187441,24.932113112862975,-21.679239436619646,-7.176789339102396,-7.40240140845068
104187442,24.925212146522302,-21.686929577464717,-7.376701707783784,-7.468225352112651
104187443,24.918095524983485,-21.694711267605562,-7.1812102706643905,-7.535514084507017
104187444,24.91119455864281,-21.702676056337964,-6.9819448675774405,-7.534415492957722
104187445,24.903970109504918,-21.710366197183028,-7.020223665248364,-7.651873239436595
104187446,24.89696131556517,-21.718605633802753,-6.977739591213592,-7.7823309859154675
104187447,24.889736866427278,-21.72666197183092,-7.06357036007572,-7.940528169014059
104187448,24.882943727685678,-21.734718309859083,-6.743430218427909,-8.01166197183096
104187449,24.87615058894408,-21.742957746478808,-6.670970071850836,-8.04791549295772
104187450,24.868926139806184,-21.751014084506977,-6.806185881088409,-8.070985915492932
104187451,24.861917345866438,-21.759253521126695,-6.585678440984073,-7.9960070422534955
104187452,24.85555551752113,-21.767584507042187,-6.554516264851969,-8.149718309859129
104187453,24.84822324078416,-21.776007042253447,-7.005990422170725,-8.243556338028142
104187454,24.84132227444349,-21.78461267605627,-7.174740614720009,-8.353964788732368
104187455,24.83431348050374,-21.792852112675995,-7.037799563897266,-8.535049295774622
104187456,24.827520341762142,-21.801549295774578,-7.010519181331792,-8.589063380281662
104187457,24.820511547822395,-21.810246478873168,-7.135383541058354,-8.796514084507013
104187458,24.813394926283575,-21.818852112675984,-6.923070998483568,-8.66761267605631
104187459,24.807033097938266,-21.827549295774574,-6.8095285366596725,-8.67978873239434
104187460,24.80002430399852,-21.836063380281615,-6.751085977962093,-8.783605633802788
104187461,24.793662475653214,-21.844760563380213,-6.651668931616764,-8.603436619718282
104187462,24.78676150931254,-21.85336619718303,-6.787963016845067,-8.592816901408423
104187463,24.77964488777372,-21.861697183098528,-6.976337832425643,-8.546950704225324
104187464,24.773175231829338,-21.87039436619711,-6.677116244997999,-8.392873239436591
104187465,24.766921231083103,-21.87872535211261,-6.315462477707072,-8.396901408450676
104187466,24.760128092341503,-21.887056338028096,-6.083956622497288,-8.268457746478846
104187467,24.753550608798047,-21.895570422535144,-6.031660236946871,-8.179380281690115
104187468,24.747404435650886,-21.903718309859087,-5.998880646828671,-8.012394366197157
104187469,24.740934779706503,-21.912140845070354,-6.018289614661816,-8.010471830985889
104187470,24.734680778960268,-21.920288732394297,-6.083525312100996,-8.231380281690114
104187471,24.728965916209397,-21.92843661971824,-5.989499645709318,-8.253535211267579
104187472,24.722604087864088,-21.936767605633726,-6.098189865574927,-8.286676056338
104187473,24.716457914716926,-21.944732394366127,-6.122343247767285,-8.21242957746476
104187474,24.710635224366982,-21.952697183098522,-5.988744852515807,-8.02310563380279
104187475,24.705028189215184,-21.960845070422465,-5.80921190005922,-8.422535211267578
104187476,24.69877418846895,-21.96880985915486,-5.681112712360466,-8.146514084507015
104187477,24.692520187722714,-21.97704929577457,-5.785166345465935,-8.079499999999973
104187478,24.686805324971843,-21.98473943661965,-5.726615959169283,-7.897042253521102
104187479,24.68065915182468,-21.99307042253514,-5.821396418754472,-8.015140845070396
104187480,24.674620806276593,-22.00130985915486,-5.839187972601521,-7.993809859154904
104187481,24.668690288327575,-22.009366197183027,-6.051392687577234,-7.988499999999974
104187482,24.662651942779487,-22.017605633802752,-5.978393403004796,-7.847788732394341
104187483,24.656937080028616,-22.025478873239365,-5.905609773630505,-7.898964788732369
104187484,24.6510065620796,-22.033718309859083,-5.899787083280561,-8.001774647887297
104187485,24.644752561333362,-22.042232394366124,-5.796596070967676,-8.221676056338001
104187486,24.63892987098342,-22.050380281690074,-5.7524945829468095,-8.140380281690113
104187487,24.632891525435333,-22.058528169014018,-5.8369235930209875,-8.065401408450677
104187488,24.627176662684462,-22.066859154929503,-5.635393810353504,-8.492570422535184
104187489,24.62167745513174,-22.075007042253446,-5.652861881403334,-8.513718309859128
104187490,24.615531281984573,-22.083429577464713,-6.09366110641386,-8.422901408450677
104187491,24.60960076403556,-22.091669014084438,-5.929655328223789,-8.432514084507014
104187492,24.604532866879126,-22.0997253521126,-5.611132600562073,-8.373464788732367
104187493,24.59871017652918,-22.107873239436543,-5.396879161203973,-8.40248591549293
104187494,24.59288748617924,-22.11638732394359,-5.598624599069603,-8.337760563380256
104187495,24.587280451027443,-22.12471830985909,-5.732438649519227,-8.345908450704197
104187496,24.58178124347472,-22.133049295774576,-5.407877576309422,-8.374197183098564
104187497,24.57617420832292,-22.141471830985843,-5.180145687067193,-8.420887323943633
104187498,24.570782828369268,-22.149802816901342,-5.132162405479696,-8.356711267605606
104187499,24.56549927601469,-22.158133802816828,-4.874238788497021,-8.362753521126733
104187500,24.559676585664747,-22.166464788732327,-4.863024718193426,-8.216091549295749
104187501,24.55406955051295,-22.17461267605627,-5.030373151954761,-8.295647887323916
104187502,24.548570342960225,-22.183126760563304,-5.001906665799482,-8.222957746478846
104187503,24.542963307808428,-22.19154929577458,-5.178312617882951,-8.16372535211265
104187504,24.538218893449216,-22.19988028169007,-5.029402703563103,-8.228450704225326
104187505,24.532611858297418,-22.208394366197112,-5.193192826555029,-8.230464788732368
104187506,24.52765178874006,-22.216725352112604,-5.088060917458829,-8.579816901408423
104187507,24.521721270791044,-22.225239436619646,-5.328192980594456,-8.518845070422508
104187508,24.516545546035537,-22.233936619718243,-5.1221344387659045,-8.602063380281663
104187509,24.511369821280034,-22.242450704225284,-4.9074496890115125,-8.600140845070394
104187510,24.50554713093009,-22.25123943661965,-4.8893346523672445,-8.589521126760536
104187511,24.500371406174583,-22.259845070422458,-5.009238942536448,-8.638133802816872
104187512,24.495411336617224,-22.268633802816836,-5.0491351541934675,-8.700936619718282
104187513,24.490127784262647,-22.27751408450697,-5.126771025526045,-8.640147887323916
104187514,24.484628576709923,-22.28648591549289,-5.278592285020864,-8.798528169014055
104187515,24.4791293691572,-22.29536619718303,-5.484542999250342,-8.875887323943633
104187516,24.473953644401693,-22.304429577464717,-5.372725779011615,-8.8063098591549
104187517,24.468993574844333,-22.313401408450638,-5.347062810432235,-8.810795774647858
104187518,24.46381785008883,-22.322830985915424,-5.366363950666306,-8.991971830985886
104187519,24.45853429773425,-22.331711267605563,-5.238372590566626,-9.038295774647857
104187520,24.453250745379673,-22.340866197183026,-5.27697487103477,-8.974760563380253
104187521,24.44850633102046,-22.35011267605627,-5.015277288084537,-9.042140845070392
104187522,24.443114951066807,-22.35917605633795,-5.251851040450754,-9.014218309859125
104187523,24.438154881509448,-22.36860563380275,-5.110273402867872,-9.14275352112673
104187524,24.432979156753944,-22.37785211267599,-5.270828697887607,-9.534859154929547
104187525,24.427695604399368,-22.387281690140775,-5.269858249495949,-9.497964788732364
104187526,24.422735534842005,-22.396619718309786,-5.132485888276916,-9.451457746478843
104187527,24.417883292883722,-22.4055915492957,-5.23352034860834,-9.354140845070392
104187528,24.412707568128216,-22.41474647887317,-5.166451581984918,-9.163169014084477
104187529,24.407963153769003,-22.423718309859083,-5.126447542728826,-8.96899295774645
104187530,24.40365004980608,-22.432507042253448,-4.856123751852753,-8.885774647887294
104187531,24.39901346304594,-22.44147887323937,-4.771802569377647,-8.777746478873212
104187532,24.39480818668209,-22.450084507042178,-4.617069964707857,-8.77811267605631
104187533,24.39006377232288,-22.458873239436542,-4.539865403771571,-8.552718309859127
104187534,24.38542718556274,-22.467478873239365,-4.599494066058953,-8.560683098591522
104187535,24.38154539199611,-22.475901408450632,-4.407776594907115,-8.539169014084479
104187536,24.376693150037823,-22.484690140844997,-4.5772815806499105,-8.598218309859128
104187537,24.372703528872123,-22.493112676056263,-4.454358117706661,-8.55866901408448
104187538,24.3683904249092,-22.50180985915486,-4.401414766561806,-8.52204929577462
104187539,24.36332252775277,-22.510690140845,-4.6677489362721785,-8.67255633802814
104187540,24.359656389384288,-22.519478873239365,-4.3900928686591385,-8.648936619718281
104187541,24.355235457822292,-22.527992957746413,-4.280216545203726,-8.565718309859127
104187542,24.351138009057518,-22.536781690140778,-4.47247315435093,-8.92349295774645
104187543,24.347040560292744,-22.545387323943594,-4.426215114348603,-8.755316901408422
104187544,24.34261962873075,-22.554267605633726,-4.378770970756471,-8.84036619718307
104187545,24.338090869569683,-22.562598591549225,-4.368635176443607,-8.802190140845042
104187546,24.334209076003052,-22.571661971830913,-4.339090414297598,-8.827732394366167
104187547,24.330003799639204,-22.580633802816834,-4.3650768656741965,-8.965788732394337
104187548,24.32547504047814,-22.5894225352112,-4.511614572814438,-9.028957746478843
104187549,24.322132384906872,-22.598302816901338,-4.13313970006812,-8.957091549295745
104187550,24.318034936142098,-22.607091549295703,-4.18662218920834,-8.92706338028166
104187551,24.313290521782886,-22.616246478873165,-4.3590385201261075,-8.94793661971828
104187552,24.309732211013475,-22.625401408450628,-4.085803384075063,-8.848697183098563
104187553,24.305850417446848,-22.634281690140774,-4.051837690367059,-8.852908450704197
104187554,24.301860796281147,-22.643619718309793,-3.8236744907285383,-8.980345070422507
104187555,24.297547692318226,-22.652774647887256,-3.979701026587206,-9.002133802816873
104187556,24.293558071152525,-22.661838028168944,-4.011294513115602,-9.07024647887321
104187557,24.289784105184967,-22.670992957746407,-3.980994957776082,-9.143302816901379
104187558,24.285794484019263,-22.680056338028102,-3.9862785101306604,-9.222767605633772
104187559,24.282128345650783,-22.689211267605565,-3.8613063228050244,-9.117394366197153
104187560,24.27813872448508,-22.69799999999993,-3.9846610961445648,-9.21443661971828
104187561,24.274041275720304,-22.707063380281618,-3.979701026587206,-9.123161971830957
104187562,24.270051654554603,-22.716309859154855,-3.358829711124728,-9.119866197183068
104187563,24.266601171384266,-22.725373239436543,-3.3622801942950646,-9.101190140845041
104187564,24.263042860614856,-22.734436619718238,-3.421585373785229,-9.08205633802814
104187565,24.259053239449155,-22.743591549295708,-3.5695248397134187,-8.993802816901379
104187566,24.255279273481598,-22.75265492957739,-3.60165746423718,-8.96624647887321
104187567,24.251505307514044,-22.76162676056331,-3.5069848322510637,-9.084253521126731
104187568,24.247623513947413,-22.770781690140772,-3.454041481106209,-9.256640845070393
104187569,24.243633892781713,-22.77984507042246,-3.6992414413982675,-9.178457746478843
104187570,24.240506892408593,-22.789457746478803,-3.4696764829717974,-9.121605633802787
104187571,24.236517271242892,-22.798521126760484,-3.6936344062464705,-9.17424647887321
104187572,24.232096339680897,-22.807950704225284,-3.933119503787659,-9.135704225352084
104187573,24.22821454611427,-22.81728873239429,-3.9874646137204635,-9.300218309859124
104187574,24.224548407745786,-22.826809859154856,-3.922336743880356,-9.264056338028139
104187575,24.22045095898101,-22.83642253521119,-3.835427699027498,-9.341232394366166
104187576,24.216245682617163,-22.845852112675978,-3.8165578691897193,-9.396345070422505
104187577,24.212256061451463,-22.855830985915418,-3.907564362807352,-9.55875352112673
104187578,24.208158612686688,-22.86535211267598,-3.791757521402923,-9.948661971830953
104187579,24.204276819120057,-22.8754225352112,-3.8025402813102254,-9.837612676056306
104187580,24.199963715157136,-22.885401408450633,-3.9349525729719,-9.8065774647887
104187581,24.195650611194218,-22.89501408450697,-4.134757114054215,-9.798612676056306
104187582,24.19187664522666,-22.905267605633725,-4.064022209062311,-9.690676056337997
104187583,24.187455713664665,-22.915246478873165,-4.178103808881572,-9.752105633802786
104187584,24.183250437300817,-22.92495070422528,-4.262209336158531,-9.660464788732364
104187585,24.17904516093697,-22.934838028168947,-4.359685485720546,-9.781584507042222
104187586,24.175271194969415,-22.944450704225282,-4.314397894109875,-9.737091549295743
104187587,24.171065918605567,-22.954246478873166,-3.7913262110066306,-9.54712676056335
104187588,24.16686064224172,-22.963767605633734,-3.968271301085465,-9.384169014084476
104187589,24.163194503873235,-22.97310563380274,-3.9914542348861652,-9.30763380281687
104187590,24.159204882707535,-22.98271830985908,-4.043858448035656,-9.323288732394335
104187591,24.155646571938124,-22.991690140845,-4.140795459602304,-9.537788732394334
104187592,24.15198043356964,-23.000753521126683,-4.117289043004385,-9.417767605633772
104187593,24.147775157205793,-23.0100915492957,-4.285284442360158,-9.421338028168984
104187594,24.14410901883731,-23.018971830985848,-4.233850677602326,-9.256091549295745
104187595,24.140982018464193,-23.027852112675987,-3.6925561302557397,-9.118218309859124
104187596,24.136992397298492,-23.037098591549217,-3.503318693882581,-9.325669014084477
104187597,24.133218431330935,-23.045978873239363,-3.6591295745431025,-9.155845070422506
104187598,24.129875775759672,-23.05504225352106,-3.4762539665152516,-9.03499999999997
104187599,24.126533120188405,-23.06373943661964,-3.412204372665875,-9.108605633802787
104187600,24.122974809419,-23.072985915492886,-3.644249365871025,-9.17305633802814
104187601,24.119308671050515,-23.08232394366189,-3.55744814861724,-9.25838028169011
104187602,24.115750360281105,-23.09111267605627,-3.5562620450274367,-9.212605633802786
104187603,24.11208422191262,-23.100267605633732,-3.2755868046403522,-9.257830985915463
104187604,24.10884939394043,-23.10923943661964,-3.2415132833332767,-9.31468309859152
104187605,24.1049676003738,-23.118485915492883,-3.29974018683271,-9.12462676056335
104187606,24.101517117203464,-23.1278239436619,-3.1907264841698817,-9.023830985915463
104187607,24.097635323636837,-23.13679577464781,-3.2271722126565643,-8.933105633802787
104187608,24.094508323263717,-23.146316901408376,-3.1305586838871338,-8.99361971830983
104187609,24.091165667692454,-23.15538028169007,-3.3707985746218334,-9.3588098591549
104187610,24.087283874125827,-23.164718309859076,-3.499976038311318,-9.313859154929547
104187611,24.083941218554564,-23.174239436619644,-3.3957067500077023,-9.235859154929548
104187612,24.080814218181445,-23.183394366197113,-3.087535471856997,-9.16225352112673
104187613,24.076824597015744,-23.192915492957674,-3.3579670903321435,-9.190542253521098
104187614,24.07358976904355,-23.20234507042246,-3.4929672443715707,-9.556098591549265
104187615,24.070031458274144,-23.21168309859147,-3.368426367442227,-9.248492957746448
104187616,24.066580975103804,-23.221204225352047,-3.336832880913831,-9.194112676056308
104187617,24.063453974730688,-23.230450704225277,-3.3376955017064147,-9.312485915492928
104187618,24.059895663961278,-23.240154929577393,-3.5274720760749387,-9.292528169014053
104187619,24.05644518079094,-23.249676056337954,-3.472911310943988,-9.260943661971801
104187620,24.05310252521968,-23.259197183098514,-3.3448121232452346,-9.410077464788703
104187621,24.049436386851195,-23.26908450704218,-3.678215059579028,-9.418042253521095
104187622,24.045985903680858,-23.278697183098522,-3.6955753030297847,-9.48295070422532
104187623,24.04264324810959,-23.28858450704218,-3.4290254781212672,-9.513070422535181
104187624,24.039408420137402,-23.298746478873163,-3.4869288988234812,-9.70395070422532
104187625,24.035957936967066,-23.308725352112603,-3.33823463970178,-9.754577464788701
104187626,24.031968315801365,-23.318978873239367,-3.6243012600425155,-9.933281690140813
104187627,24.028625660230098,-23.329049295774567,-3.7682511048050036,-10.248485915492925
104187628,24.024851694262544,-23.33957746478866,-3.9040060520379423,-10.379767605633768
104187629,24.021401211092208,-23.35028873239429,-3.4399160656276426,-10.360450704225318
104187630,24.017735072723724,-23.360725352112603,-3.4945846583576663,-10.447880281690107
104187631,24.01406893435524,-23.371619718309788,-3.2063614860354703,-10.401373239436586
104187632,24.01083410638305,-23.382239436619642,-3.142743202582386,-10.612485915492924
104187633,24.006628830019203,-23.393316901408383,-3.142958857780532,-10.657802816901373
104187634,24.00285486405165,-23.40421126760556,-3.1804828622579446,-10.548950704225318
104187635,23.99940438088131,-23.415014084506964,-3.168513998760839,-10.561584507042218
104187636,23.99552258731468,-23.425816901408382,-3.260383113171056,-10.494661971830952
104187637,23.991748621347124,-23.436985915492883,-3.2485220772730234,-10.543366197183065
104187638,23.988513793374935,-23.447422535211196,-3.391717128842,-10.372443661971797
104187639,23.98484765500645,-23.4582253521126,-3.343302536858212,-10.295176056337995
104187640,23.981073689038897,-23.468661971830905,-3.6153515693194547,-10.337288732394333
104187641,23.977515378269487,-23.479098591549224,-3.4469248595673894,-10.190443661971797
104187642,23.97449620549544,-23.489626760563304,-3.223290419089935,-10.18119718309856
104187643,23.971045722325105,-23.499880281690068,-3.1933143465476346,-10.103654929577432
104187644,23.96802654955106,-23.509950704225282,-2.9844522871431853,-9.915246478873208
104187645,23.964899549177943,-23.519746478873166,-3.2105667623993184,-10.308450704225319
104187646,23.961880376403897,-23.529725352112607,-3.139184891812976,-10.407964788732361
104187647,23.958753376030778,-23.539704225352033,-2.978521769194169,-10.021169014084474
104187648,23.95519506526137,-23.549225352112607,-3.350850468793324,-9.921563380281658
104187649,23.95196023728918,-23.559295774647815,-3.5489297682904706,-9.882838028168983
104187650,23.949048892114206,-23.569183098591473,-3.3837378865105965,-9.895563380281658
104187651,23.945706236542943,-23.57888732394359,-3.535882628802635,-9.758422535211237
104187652,23.94236358097168,-23.5885915492957,-3.7020449589741666,-9.677401408450672
104187653,23.93977571859393,-23.598204225352042,-3.425143684554638,-9.84301408450701
104187654,23.936433063022662,-23.607999999999926,-3.3331667425453477,-9.644352112676025
104187655,23.932659097055108,-23.617795774647817,-3.4973881759335645,-9.798795774647855
104187656,23.929639924281062,-23.627316901408378,-3.5509784926728587,-9.761443661971798
104187657,23.926081613511652,-23.63729577464781,-3.649964228621895,-9.813260563380249
104187658,23.92306244073761,-23.64681690140837,-3.408214751500173,-9.739838028168982
104187659,23.919396302369126,-23.656521126760488,-3.3729551266032947,-9.672915492957715
104187660,23.915730164000642,-23.666499999999928,-3.326050121006528,-9.664126760563349
104187661,23.912064025632162,-23.675838028168933,-3.2811938397921496,-9.530281690140814
104187662,23.90882919765997,-23.685816901408373,-3.083545850691295,-9.542457746478842
104187663,23.905486542088706,-23.69533802816894,-3.4145765798454817,-9.913598591549263
104187664,23.901928231319296,-23.704950704225276,-3.3999120263715508,-9.611760563380251
104187665,23.89815426535174,-23.714654929577385,-3.345782571636892,-9.607732394366165
104187666,23.89491943737955,-23.72408450704218,-3.323785741425995,-9.806669014084475
104187667,23.891253299011066,-23.733788732394288,-3.1633382740053335,-9.571112676056307
104187668,23.887694988241655,-23.74330985915485,-3.143174512978678,-9.662112676056307
104187669,23.88456798786854,-23.753105633802747,-2.9120999681651853,-9.542549295774617
104187670,23.881117504698203,-23.762626760563307,-2.8801829988395697,-9.451091549295743
104187671,23.877990504325084,-23.771964788732312,-2.8437372703528876,-9.496042253521095
104187672,23.87421653835753,-23.781852112675978,-3.000410771805993,-9.515542253521096
104187673,23.87076605518719,-23.791556338028094,-3.1318526150760104,-9.437084507042222
104187674,23.867746882413147,-23.801260563380204,-3.316884775085321,-9.603612676056306
104187675,23.864080744044664,-23.81096478873232,-3.257579595595157,-9.527077464788702
104187676,23.860845916072474,-23.820760563380205,-3.2239373846843735,-9.747802816901377
104187677,23.85717977770399,-23.83083098591542,-3.1774636894839,-9.67950704225349
104187678,23.85319015653829,-23.840901408450627,-3.3543009519636606,-9.842098591549265
104187679,23.850170983764244,-23.850788732394285,-3.22167300510384,-10.005056338028137
104187680,23.846289190197616,-23.86095070422528,-3.280978184594004,-10.03801408450701
104187681,23.842730879428203,-23.870929577464707,-3.691262199066864,-10.457309859154895
104187682,23.839388223856943,-23.881366197183027,-3.4855271400355323,-10.392126760563347
104187683,23.835506430290312,-23.891894366197107,-3.8427599757644644,-10.527070422535177
104187684,23.831948119520902,-23.90214788732387,-3.536421766798,-10.579070422535178
104187685,23.828281981152422,-23.91304225352105,-3.51291535020008,-10.68746478873236
104187686,23.824184532387644,-23.923753521126685,-3.396892853597506,-10.659725352112641
104187687,23.82051839401916,-23.934373239436546,-3.4091851998918306,-10.674007042253487
104187688,23.816960083249754,-23.945084507042182,-3.351281779189616,-10.502718309859121
104187689,23.813186117282196,-23.955338028168946,-3.4386221344387664,-10.467563380281655
104187690,23.80973563411186,-23.96614084507035,-3.355055745157172,-10.536042253521092
104187691,23.805853840545232,-23.97666901408443,-3.5244529033008942,-10.46646478873236
104187692,23.80218770217675,-23.98710563380274,-3.493398554767863,-10.355415492957713
104187693,23.798845046605486,-23.997450704225272,-3.345459088839673,-10.236950704225318
104187694,23.79474759784071,-24.00761267605627,-3.5865616003669567,-10.264140845070388
104187695,23.791620597467592,-24.017866197183025,-3.5862381175697373,-10.098345070422502
104187696,23.788170114297255,-24.027845070422458,-3.532000835236006,-10.042774647887292
104187697,23.78471963112692,-24.03782394366189,-3.6172924661027688,-10.135239436619685
104187698,23.781376975555652,-24.048077464788655,-3.441317824415592,-10.087725352112642
104187699,23.77803431998439,-24.05787323943654,-3.5470966991062296,-10.253063380281656
104187700,23.774583836814053,-24.068035211267535,-3.567907425727323,-10.18513380281687
104187701,23.7708098708465,-24.077922535211194,-3.3650837118709633,-10.037556338028137
104187702,23.767790698072453,-24.087809859154852,-3.5422444571479432,-10.110338028168982
104187703,23.76444804250119,-24.097788732394292,-3.2026953476669875,-10.0077112676056
104187704,23.76088973173178,-24.107950704225274,-3.307611601565041,-10.059802816901374
104187705,23.757547076160513,-24.117654929577384,-3.4991134175187333,-9.871669014084475
104187706,23.75409659299018,-24.127908450704147,-3.458138929870984,-10.035908450704193
104187707,23.75064610981984,-24.13770422535204,-3.4967412103391267,-10.012471830985884
104187708,23.747087799050433,-24.147774647887246,-3.429348960918486,-9.921746478873207
104187709,23.743529488281023,-24.157753521126686,-3.2443168009091754,-9.9885774647887
104187710,23.740079005110687,-24.16754929577457,-3.4687060345801406,-10.047809859154897
104187711,23.736197211544056,-24.17789436619711,-3.7197286852221425,-9.960288732394334
104187712,23.73231541797743,-24.18750704225345,-3.805667281683343,-10.194654929577432
104187713,23.729080590005236,-24.197669014084433,-3.735363687087731,-10.143845070422502
104187714,23.72498314124046,-24.20773943661964,-3.9282672618293724,-10.054401408450673
104187715,23.721532658070124,-24.217260563380208,-3.925248089055328,-9.99489436619715
104187716,23.71775869210257,-24.22723943661964,-3.656865194962569,-9.729035211267574
104187717,23.714092553734087,-24.2367605633802,-3.8259388703090718,-10.048725352112644
104187718,23.71031858776653,-24.24664788732386,-3.650179883820041,-9.837429577464757
104187719,23.70665244939805,-24.256535211267526,-3.491673313182695,-9.764281690140814
104187720,23.70320196622771,-24.266239436619642,-3.538362663581314,-9.667422535211236
104187721,23.698888862264788,-24.27630985915485,-3.6508268494144795,-9.773070422535179
104187722,23.69500706869816,-24.28628873239429,-3.8463182865338736,-9.745422535211237
104187723,23.69134093032968,-24.29617605633795,-3.824644939120196,-9.653873239436589
104187724,23.687782619560267,-24.30615492957739,-3.5786901856346263,-9.566809859154898
104187725,23.68357734319642,-24.315950704225273,-3.8447008725477785,-9.640598591549264
104187726,23.6792642392335,-24.32620422535203,-4.099820971954555,-9.746704225352081
104187727,23.67495113527058,-24.336549295774567,-3.916837536327632,-9.89501408450701
104187728,23.670638031307657,-24.346711267605556,-4.156214806269748,-10.104112676056305
104187729,23.666109272146592,-24.35733098591541,-4.444437978591943,-10.060260563380249
104187730,23.661688340584597,-24.367035211267527,-4.476139292719413,-9.95662676056335
104187731,23.657590891819822,-24.377471830985833,-4.38157448833237,-10.045521126760532
104187732,23.652846477460606,-24.38799999999992,-4.5540986468492095,-10.193464788732362
104187733,23.648102063101394,-24.398070422535135,-4.814717953808711,-10.038471830985882
104187734,23.643249821143108,-24.408690140844996,-5.053016947760097,-10.214795774647854
104187735,23.638828889581113,-24.419035211267534,-5.044067257037035,-10.574767605633768
104187736,23.633868820023757,-24.429563380281614,-4.949178969852773,-10.45721830985912
104187737,23.629232233263615,-24.440183098591476,-4.720153149421669,-10.326302816901375
104187738,23.624272163706255,-24.450528169014014,-5.03425494552139,-10.447239436619684
104187739,23.619527749347043,-24.461056338028094,-4.989614319505158,-10.166183098591517
104187740,23.614998990185978,-24.4714929577464,-4.892461652740361,-10.18632394366194
104187741,23.61047023102491,-24.481654929577395,-4.95618776379252,-10.20170422535208
104187742,23.605617989066623,-24.491816901408377,-4.799622089938488,-9.94719718309856
104187743,23.601197057504628,-24.501704225352036,-4.7162713558550395,-9.95589436619715
104187744,23.59623698794727,-24.511774647887243,-4.7343863924993075,-9.976126760563348
104187745,23.592463021979714,-24.521570422535135,-4.356666312946501,-9.761901408450672
104187746,23.58804209041772,-24.531091549295702,-4.37909445355369,-9.759612676056307
104187747,23.583189848459433,-24.54116197183091,-4.662249728719454,-9.674654929577432
104187748,23.578984572095585,-24.550408450704147,-4.577820718645275,-9.803922535211235
104187749,23.574671468132664,-24.56047887323936,-4.462337360038065,-9.885492957746447
104187750,23.570250536570672,-24.570366197183027,-4.655133107180634,-9.921105633802783
104187751,23.56561394981053,-24.579795774647813,-4.677561247787823,-9.704957746478842
104187752,23.561408673446685,-24.589683098591472,-4.231694125620865,-9.662661971830955
104187753,23.557203397082834,-24.59938732394358,-4.376183108378719,-10.003225352112644
104187754,23.552782465520842,-24.60936619718302,-4.295851547069315,-9.891352112676024
104187755,23.548253706359773,-24.619070422535138,-4.3605481065131295,-9.82589436619715
104187756,23.543832774797778,-24.628683098591473,-4.560891785590811,-9.751098591549264
104187757,23.539735326033004,-24.638478873239357,-4.625264862237406,-9.641605633802786
104187758,23.53520656687194,-24.648366197183023,-4.550109025683508,-9.588140845070392
104187759,23.53024649731458,-24.658070422535125,-4.697509353616333,-9.764556338028138
104187760,23.52571773815351,-24.66823239436612,-4.59830796246915,-9.72482394366194
104187761,23.52140463419059,-24.677753521126682,-4.694705836040434,-9.585211267605603
104187762,23.51676804743045,-24.688098591549213,-4.633783242564175,-9.768584507042222
104187763,23.511700150274017,-24.698077464788653,-4.729641978140094,-9.790098591549265
104187764,23.506955735914804,-24.707964788732312,-4.429665597518939,-9.636845070422504
104187765,23.502211321555592,-24.718126760563294,-4.478942810295311,-9.76638732394363
104187766,23.497682562394527,-24.728105633802734,-4.654054831189904,-10.219922535211234
104187767,23.492722492837167,-24.73826760563373,-4.664298453101841,-10.091478873239403
104187768,23.48787025087888,-24.748429577464712,-4.862701235396207,-10.099718309859123
104187769,23.48323366411874,-24.75849999999992,-4.779134846114613,-10.082964788732362
104187770,23.478165766962306,-24.76866197183091,-4.752070118747284,-9.893915492957714
104187771,23.47363700780124,-24.778915492957672,-4.7771939493312985,-9.832394366197152
104187772,23.46867693824388,-24.78898591549288,-4.969127075681283,-9.73663380281687
104187773,23.46393252388467,-24.799056338028095,-4.814825781407784,-9.590704225352082
104187774,23.459080281926383,-24.809218309859077,-5.0773859851506,-9.868830985915462
104187775,23.453796729571803,-24.819654929577382,-5.286140216955976,-10.01833098591546
104187776,23.44905231521259,-24.82981690140838,-5.287649803342998,-9.99233098591546
104187777,23.443876590457087,-24.840253521126684,-5.4907969999965776,-10.13789436619715
104187778,23.438377382904363,-24.850781690140764,-5.426963061345346,-10.079485915492926
104187779,23.433417313347004,-24.8611267605633,-5.269966077095022,-10.184950704225319
104187780,23.428133760992424,-24.871929577464705,-5.404103610341866,-10.3522112676056
104187781,23.42231107064248,-24.882549295774567,-5.62169970527123,-10.341591549295742
104187782,23.417782311481414,-24.893169014084428,-5.475377653329135,-10.344429577464755
104187783,23.41228310392869,-24.90397183098584,-5.435912752068408,-10.484225352112642
104187784,23.406676068776893,-24.9145915492957,-5.7953021397788005,-10.972732394366162
104187785,23.40117686122417,-24.92530281690133,-5.852127284490284,-10.853535211267571
104187786,23.396108964067736,-24.93610563380274,-5.496080552351156,-10.794852112676022
104187787,23.39050192891594,-24.9467253521126,-5.4588800306709615,-10.756126760563346
104187788,23.38489489376414,-24.95761971830978,-5.494786621162279,-10.669429577464754
104187789,23.379395686211417,-24.968330985915415,-5.46308530703481,-10.749443661971796
104187790,23.37378865105962,-24.978676056337946,-5.279994043808814,-10.403387323943628
104187791,23.368505098705043,-24.98911267605626,-5.091511400629166,-10.40146478873236
104187792,23.363329373949536,-24.998908450704143,-4.997809217034708,-10.204633802816868
104187793,23.357506683599592,-25.009161971830906,-5.283875837375442,-10.028767605633771
104187794,23.35233095884409,-25.019415492957663,-5.196211999329073,-10.011281690140812
104187795,23.347263061687656,-25.029211267605554,-5.353855949173836,-9.943443661971799
104187796,23.34165602653586,-25.03928169014077,-5.4733289289467475,-9.777739436619687
104187797,23.336264646582208,-25.048894366197104,-5.292825528098503,-9.584204225352082
104187798,23.330981094227628,-25.058690140844988,-5.201819034480871,-9.67932394366194
104187799,23.32580536947212,-25.06839436619711,-5.376715400177317,-9.654971830985884
104187800,23.320306161919397,-25.07764084507034,-5.5800782520290415,-9.639591549295742
104187801,23.3146991267676,-25.087436619718233,-5.9346153977811475,-9.68939436619715
104187802,23.309092091615803,-25.09704929577456,-6.132263386882003,-10.089556338028137
104187803,23.303485056464005,-25.106936619718226,-5.996939750045357,-9.981894366197151
104187804,23.297662366114064,-25.116640845070343,-5.905717601229577,-9.772246478873209
104187805,23.292486641358558,-25.126161971830903,-5.660841123734738,-9.683535211267575
104187806,23.286556123409543,-25.135957746478788,-5.610916945363927,-9.651676056337998
104187807,23.281056915856816,-25.145753521126686,-6.013868683099822,-9.652683098591519
104187808,23.274802915110584,-25.155274647887246,-6.136360835646778,-9.396436619718278
104187809,23.269088052359713,-25.16507042253513,-5.9948910256629695,-9.363021126760533
104187810,23.263373189608842,-25.17459154929569,-5.853636870877307,-9.531014084507012
104187811,23.257873982056118,-25.184478873239357,-5.809104072460147,-9.636387323943632
104187812,23.2519434641071,-25.19427464788724,-5.772550516374392,-9.625584507042221
104187813,23.24612077375716,-25.203887323943583,-5.853529043278233,-9.632450704225322
104187814,23.24019025580814,-25.213866197183016,-5.837894041412645,-9.691957746478842
104187815,23.234475393057274,-25.223295774647802,-5.663644641310637,-9.467478873239406
104187816,23.228544875108255,-25.233183098591468,-5.683053609143781,-9.48606338028166
104187817,23.222398701961094,-25.243070422535126,-5.759611204485629,-9.548225352112645
104187818,23.21700732200744,-25.252774647887243,-5.826787798708124,-9.614232394366166
104187819,23.211508114454716,-25.262753521126683,-5.657821950960693,-9.597661971830954
104187820,23.205361941307554,-25.272457746478793,-5.97494291983446,-10.012746478873206
104187821,23.19953925095761,-25.28271126760555,-6.028856719370973,-10.191908450704192
104187822,23.193500905409522,-25.29278169014077,-6.139164353222677,-9.981985915492926
104187823,23.187678215059577,-25.302943661971753,-6.079859173732513,-10.02739436619715
104187824,23.181424214313342,-25.31328873239429,-6.144771388374474,-10.12745774647884
104187825,23.175709351562475,-25.32381690140837,-5.9804421273871835,-10.192091549295741
104187826,23.169671006014383,-25.334253521126676,-5.908521118805476,-10.206281690140813
104187827,23.16309352247093,-25.34478169014077,-6.056352757134594,-10.157394366197149
104187828,23.156947349323765,-25.355401408450625,-6.258529505396516,-10.204633802816868
104187829,23.150477693379386,-25.36629577464781,-6.226181225674608,-10.30982394366194
104187830,23.14433152023222,-25.377190140844988,-6.1800310132713525,-10.447239436619684
104187831,23.138077519485986,-25.38780985915485,-6.312982442928393,-10.659725352112641
104187832,23.13139220834346,-25.39897887323935,-6.3009057518322145,-10.653774647887289
104187833,23.125138207597224,-25.41005633802809,-6.201273050288739,-10.737816901408417
104187834,23.118345068855625,-25.421225352112593,-6.420378731605125,-10.867816901408416
104187835,23.11176758531217,-25.43257746478865,-6.342850687871621,-10.84996478873236
104187836,23.10508227416964,-25.443654929577384,-6.428789284332821,-10.917985915492922
104187837,23.09861261822526,-25.454915492957667,-6.446796493378017,-11.052563380281654
104187838,23.09257427267717,-25.465901408450627,-6.5740330602841865,-11.347718309859118
104187839,23.085996789133716,-25.47697887323936,-6.544703953336324,-11.207647887323908
104187840,23.07931147799119,-25.487781690140764,-6.512247846015343,-11.004133802816865
104187841,23.0732731324431,-25.498309859154844,-6.3524473441891205,-10.83028169014081
104187842,23.06691130409779,-25.50902112676048,-6.275134955653761,-10.58053521126757
104187843,23.060765130950628,-25.519366197183018,-6.166660390986298,-10.398992957746445
104187844,23.054511130204393,-25.52961971830978,-6.225318604882023,-10.426549295774615
104187845,23.04804147426001,-25.539964788732313,-6.221760294112614,-10.241161971830953
104187846,23.042110956310996,-25.55021830985907,-6.1380860772319465,-10.275767605633769
104187847,23.035749127965687,-25.56065492957738,-6.132694697278295,-10.092943661971798
104187848,23.029387299620378,-25.571091549295687,-6.1078943494915,-10.142471830985881
104187849,23.023133298874143,-25.581070422535127,-6.169679563760343,-10.09120422535208
104187850,23.016771470528834,-25.59132394366189,-6.100346417556388,-10.002035211267573
104187851,23.010409642183525,-25.601485915492873,-6.202674809076688,-10.05202112676053
104187852,23.00383215864007,-25.61183098591541,-6.221652466513541,-10.073260563380249
104187853,22.99779381309198,-25.62217605633795,-6.112962246647932,-10.088091549295742
104187854,22.991324157147602,-25.632063380281608,-6.402048039762712,-9.998739436619685
104187855,22.985393639198584,-25.642225352112597,-6.254324229032667,-10.056323943661939
104187856,22.9789239832542,-25.65229577464781,-6.507395604057057,-10.473239436619684
104187857,22.972993465305187,-25.66236619718302,-6.24656064189941,-10.207654929577432
104187858,22.966308154162657,-25.672528169014,-6.311796339338589,-10.127366197183065
104187859,22.959515015421058,-25.68250704225344,-6.429867560323553,-10.202528169014052
104187860,22.95282970427853,-25.69285211267598,-6.625035514645727,-10.247478873239404
104187861,22.94636004833415,-25.70301408450696,-6.383933003118443,-9.92101408450701
104187862,22.939566909592546,-25.71290140845062,-6.419623938411615,-9.967612676056305
104187863,22.93320508124724,-25.7230633802816,-6.461137564054729,-9.892816901408418
104187864,22.926843252901932,-25.73304225352104,-6.342311549876256,-9.853176056337997
104187865,22.92005011416033,-25.743295774647805,-6.33357751435134,-9.949760563380249
104187866,22.91282566502244,-25.75336619718302,-6.645846241266821,-9.942528169014052
104187867,22.90646383667713,-25.76307042253513,-6.715287215069849,-9.760070422535179
104187868,22.899562870336457,-25.77359859154921,-6.6198597898902225,-9.939964788732363
104187869,22.89255407639671,-25.78357746478865,-6.7648879106434405,-10.35733802816898
104187870,22.885760937655107,-25.793922535211188,-6.722296009009596,-10.33701408450701
104187871,22.878536488517216,-25.80408450704217,-7.100555226557768,-10.207471830985883
104187872,22.871851177374687,-25.81406338028161,-7.179485029079222,-10.212323943661938
104187873,22.864303245439576,-25.824408450704148,-7.180024167074586,-10.107499999999968
104187874,22.857078796301682,-25.83475352112667,-7.663415293718957,-10.481936619718276
104187875,22.84985434716379,-25.845007042253435,-7.225096103487111,-10.334633802816867
104187876,22.842845553224045,-25.8552605633802,-7.196306134534614,-10.0922112676056
104187877,22.83518979368986,-25.865330985915413,-7.612736322154635,-10.226330985915459
104187878,22.827965344551966,-25.875950704225275,-7.562273005788461,-10.283640845070389
104187879,22.820093929819635,-25.886478873239355,-7.717221265656397,-10.217633802816868
104187880,22.812869480681744,-25.896915492957667,-7.593543009519637,-10.47378873239433
104187881,22.805321548746633,-25.907352112675973,-7.678618985188254,-10.422795774647854
104187882,22.79755796161337,-25.91769718309851,-7.795719757781559,-10.329140845070388
104187883,22.790117857277334,-25.92822535211259,-7.748922579783867,-10.252514084507009
104187884,22.782677752941296,-25.938845070422452,-7.56119472979773,-10.38452816901405
104187885,22.775129821006185,-25.949281690140758,-7.441613922425746,-10.363197183098558
104187886,22.76790537186829,-25.95953521126752,-7.254640865633121,-10.266704225352079
104187887,22.76035743993318,-25.969605633802736,-7.479461409700376,-10.278971830985883
104187888,22.752593852799922,-25.9798591549295,-7.648319429848733,-10.06950704225349
104187889,22.745477231261102,-25.9899295774647,-7.333031530159209,-9.98619718309856
104187890,22.738144954524138,-25.99990845070414,-7.32095483906303,-9.817471830985884
104187891,22.73081267778717,-26.009612676056257,-7.17905371868293,-9.557929577464757
104187892,22.723372573451133,-26.01959154929569,-7.240515450154554,-9.609838028168983
104187893,22.71690291750675,-26.029021126760483,-6.901181995871744,-9.388105633802786
104187894,22.709247157972566,-26.038725352112593,-6.8167529857975655,-9.379408450704195
104187895,22.702130536433746,-26.04797183098583,-6.901828961466181,-9.25069014084504
104187896,22.695121742494003,-26.057767605633714,-6.940862552330617,-9.313950704225322
104187897,22.68735815536074,-26.067380281690056,-7.170535338356161,-9.407788732394335
104187898,22.680241533821924,-26.07680985915485,-7.137647920638888,-9.401654929577434
104187899,22.673124912283104,-26.08651408450696,-7.010411353732719,-9.370345070422506
104187900,22.66546915274892,-26.096218309859076,-7.191346064977255,-9.583288732394335
104187901,22.6583525312101,-26.105922535211185,-7.239652829361971,-9.674288732394334
104187902,22.650912426874058,-26.11553521126752,-7.226821345072279,-9.739654929577434
104187903,22.643580150137094,-26.125056338028088,-7.1155432628289175,-9.669711267605601
104187904,22.636140045801056,-26.13503521126752,-7.034888218722294,-9.723999999999968
104187905,22.628268631068725,-26.144647887323863,-7.30596680279188,-10.024281690140812
104187906,22.62093635433176,-26.154626760563296,-7.1387261966296185,-9.989950704225318
104187907,22.612849284401282,-26.16469718309851,-7.607021459403765,-9.900232394366165
104187908,22.605409180065244,-26.174309859154846,-7.398482882796535,-9.762816901408419
104187909,22.59775342053106,-26.18410563380273,-7.482588410073494,-9.737732394366166
104187910,22.590097660996875,-26.19417605633795,-7.731346681134964,-9.793028169014052
104187911,22.58287321185898,-26.203971830985836,-7.356969257153421,-9.687654929577432
104187912,22.575217452324797,-26.213950704225276,-7.492292893990068,-9.78433098591546
104187913,22.56745386519154,-26.22365492957738,-7.793347550601953,-9.741028169014053
104187914,22.5600137608555,-26.233542253521044,-7.479353582101304,-9.716309859154899
104187915,22.55214234612317,-26.243704225352026,-7.655220396189408,-9.856654929577433
104187916,22.544486586588985,-26.253408450704143,-7.87454173270394,-9.755676056337997
104187917,22.536938654653873,-26.263570422535125,-7.831626348272876,-9.84402112676053
104187918,22.52906723992154,-26.273549295774565,-7.968675226694691,-9.93264084507039
104187919,22.521303652788284,-26.283711267605547,-8.030136958166315,-9.918725352112643
104187920,22.513863548452246,-26.293690140844987,-7.989809436113004,-9.869838028168981
104187921,22.50588430612084,-26.303577464788646,-8.138611522833779,-9.96276056338025
104187922,22.498120718987582,-26.31383098591541,-8.184438252439815,-9.980704225352081
104187923,22.490357131854328,-26.323718309859068,-8.227677119668098,-10.402288732394332
104187924,22.482377889522922,-26.334063380281606,-8.058172133925304,-10.23264788732391
104187925,22.47450647479059,-26.344408450704137,-8.038008372898647,-10.176802816901375
104187926,22.466527232459185,-26.35447887323935,-8.095696138402714,-10.371985915492925
104187927,22.458655817726857,-26.364732394366115,-7.877453077878911,-10.249126760563346
104187928,22.450353092598235,-26.375260563380195,-7.54620669352658,-10.163528169014052
104187929,22.44226602266776,-26.385697183098515,-7.800571999739846,-10.229809859154896
104187930,22.43385546994006,-26.39595070422527,-8.047605029216147,-10.182753521126727
104187931,22.425444917212367,-26.406204225352027,-8.283208333190705,-10.356422535211234
104187932,22.417250019682815,-26.416823943661896,-8.26692636573068,-10.408056338028135
104187933,22.40927077735141,-26.4272605633802,-7.939238292147755,-10.36090845070419
104187934,22.40075239702464,-26.437514084506958,-8.015364577093312,-10.443394366197149
104187935,22.392449671896017,-26.447767605633715,-7.967489123104888,-10.136978873239403
104187936,22.384254774366468,-26.4575633802816,-8.261966296173318,-10.124161971830953
104187937,22.376275532035066,-26.467908450704144,-8.161255318639114,-10.173873239436587
104187938,22.367649324109223,-26.477612676056253,-8.370225205642637,-9.84338028169011
104187939,22.359885736975965,-26.487316901408363,-7.958431604782754,-9.924950704225319
104187940,22.352014322243633,-26.49720422535202,-7.868503387155851,-9.816556338028137
104187941,22.34403507991223,-26.506633802816822,-7.951099328045788,-9.99745774647884
104187942,22.33573235478361,-26.516063380281608,-8.048251994810583,-9.784239436619686
104187943,22.327753112452204,-26.525676056337943,-8.220452670530205,-9.677218309859123
104187944,22.319666042521728,-26.535014084506955,-8.047389374018,-9.502816901408421
104187945,22.31114766219496,-26.544443661971755,-8.106478898310018,-9.477274647887294
104187946,22.303060592264483,-26.553781690140752,-8.188751356402735,-9.455943661971801
104187947,22.294757867135857,-26.56321126760554,-8.38068448275272,-9.406781690140814
104187948,22.28688645240353,-26.57264084507034,-8.15219780031698,-9.351119718309828
104187949,22.27869155487398,-26.581887323943576,-8.306283439392333,-9.300950704225322
104187950,22.269957519349063,-26.591133802816813,-8.362030308113086,-9.233570422535182
104187951,22.26208610461673,-26.60028873239429,-8.017736784272918,-9.022274647887295
104187952,22.253244241492744,-26.609352112675978,-8.440420972639176,-9.102654929577435
104187953,22.245157171562266,-26.61850704225344,-8.458967319679736,-9.081781690140815
104187954,22.23707010163179,-26.627661971830904,-8.405592658138588,-9.326584507042222
104187955,22.228551721305024,-26.63690845070414,-8.473955355950887,-9.31193661971828
104187956,22.22035682377547,-26.645880281690054,-8.28730578195548,-9.140281690140815
104187957,22.21162278825056,-26.654943661971743,-8.097529207586955,-9.229176056337998
104187958,22.20353571832008,-26.664098591549205,-8.136994108847684,-9.08974647887321
104187959,22.195556475988674,-26.67297887323936,-8.330652476782836,-9.310105633802786
104187960,22.187145923260978,-26.682042253521033,-8.420796349607885,-9.146507042253491
104187961,22.17851971533514,-26.69138028169006,-8.245037363118854,-9.04818309859152
104187962,22.17075612820188,-26.700169014084423,-8.40311262335991,-8.93118309859152
104187963,22.16191426507789,-26.709049295774562,-8.67979824258129,-8.946838028168985
104187964,22.15371936754834,-26.71811267605625,-8.725193661791035,-8.897126760563351
104187965,22.144985332023428,-26.726718309859066,-8.969423173691437,-8.777471830985887
104187966,22.13722174489017,-26.73550704225343,-8.592242232133996,-8.699563380281662
104187967,22.12827205416711,-26.74420422535202,-8.681631311765532,-8.597211267605607
104187968,22.120077156637556,-26.75308450704216,-8.61704257992079,-8.586499999999972
104187969,22.111019638315426,-26.761873239436525,-8.953033378632336,-8.72061971830983
104187970,22.102932568384947,-26.770478873239355,-8.810161809860578,-8.592267605633776
104187971,22.09409070526096,-26.77945070422527,-8.769079494613756,-8.663126760563353
104187972,22.08589580773141,-26.78796478873231,-8.967913587304414,-8.886323943661942
104187973,22.076946117008347,-26.796936619718224,-9.063772322880332,-8.738014084507014
104187974,22.06853556428065,-26.805999999999912,-8.97923548520708,-8.746070422535182
104187975,22.059801528755735,-26.814514084506953,-9.08145604912831,-8.628429577464761
104187976,22.050959665631748,-26.823394366197093,-8.90537357984206,-8.630809859154901
104187977,22.042009974908687,-26.83264084507033,-9.192949786569816,-8.98986619718307
104187978,22.033275939383774,-26.84124647887316,-9.17774609510052,-8.885774647887294
104187979,22.02421842106164,-26.85021830985906,-8.98171551998576,-8.817387323943633
104187980,22.015268730338576,-26.859007042253438,-8.811779223846674,-8.777380281690112
104187981,22.005887729219225,-26.8681619718309,-9.002526246606854,-8.788915492957718
104187982,21.99683021089709,-26.877133802816815,-9.09288577463005,-8.800908450704197
104187983,21.988096175372174,-26.886105633802728,-9.125988847545468,-8.838901408450676
104187984,21.979254312248187,-26.89535211267598,-8.920900754108574,-8.87524647887321
104187985,21.970304621525127,-26.904507042253442,-9.045333803438846,-8.888154929577436
104187986,21.9608157928067,-26.91347887323934,-9.359974737533932,-8.930725352112647
104187987,21.952081757281785,-26.92263380281682,-9.126527985540834,-8.978605633802788
104187988,21.943347721756872,-26.931697183098507,-8.950553343853656,-8.991330985915463
104187989,21.934505858632882,-26.94066901408442,-8.90364833825689,-8.867281690140816
104187990,21.92577182310797,-26.949457746478785,-8.910117994201272,-9.092584507042224
104187991,21.917361270380272,-26.9584295774647,-8.73683904249092,-9.009640845070393
104187992,21.908195924459065,-26.967218309859064,-8.995733107865254,-8.769232394366169
104187993,21.90021668212766,-26.97554929577457,-8.73425118011317,-8.524246478873211
104187994,21.891374819003673,-26.984154929577386,-8.885641129211695,-8.404774647887297
104187995,21.882964266275977,-26.99248591549288,-8.893620371543099,-8.623028169014056
104187996,21.87423023075106,-27.00099999999992,-8.74816094039359,-8.482408450704197
104187997,21.86560402282522,-27.009422535211186,-8.718831833445726,-8.374380281690113
104187998,21.85708564249845,-27.01757042253513,-8.892649923151442,-8.26241549295772
104187999,21.84899857256797,-27.025718309859073,-8.604426750829246,-8.18066197183096
104188000,21.840480192241206,-27.03414084507034,-8.527330017492034,-8.170591549295748
104188001,21.831961811914436,-27.04201408450696,-8.669123310273061,-8.038943661971805
104188002,21.82355125918674,-27.050161971830903,-8.541131950173382,-7.978154929577439
104188003,21.815248534058117,-27.058126760563297,-8.620708718289274,-8.013126760563354
104188004,21.80640667093413,-27.06645774647879,-8.396642967415527,-8.0472746478873
104188005,21.797672635409214,-27.074880281690056,-8.595692715304331,-8.068422535211242
104188006,21.789262082681518,-27.082753521126676,-8.431255626717968,-7.951330985915467
104188007,21.780312391958457,-27.09108450704217,-8.735545111302045,-8.01935211267603
104188008,21.772009666829835,-27.099232394366112,-8.767138597830442,-8.328239436619691
104188009,21.76338345890399,-27.10765492957738,-8.814582741422573,-8.289056338028141
104188010,21.754649423379078,-27.11598591549287,-8.97664762282933,-8.257563380281663
104188011,21.74591538785416,-27.124133802816814,-9.079407324745922,-8.31679577464786
104188012,21.737181352329245,-27.132647887323856,-9.184323578643975,-8.138366197183073
104188013,21.728770799601552,-27.1407957746478,-8.858360746646222,-8.093690140845045
104188014,21.720036764076635,-27.14912676056329,-8.547709433716834,-8.067140845070396
104188015,21.711518383749866,-27.157640845070333,-8.411415348488532,-8.231471830985889
104188016,21.702892175824026,-27.165605633802727,-8.64550906607607,-8.119415492957721
104188017,21.69415814029911,-27.173661971830896,-8.684327001742359,-7.955450704225327
104188018,21.685855415170487,-27.182176056337937,-8.725948454984545,-8.033999999999974
104188019,21.677013552046496,-27.189957746478782,-8.63310889218267,-7.931281690140819
104188020,21.668602999318804,-27.197830985915402,-8.35577630736685,-7.692154929577439
104188021,21.66008461899203,-27.205795774647797,-8.298088541862782,-7.691422535211243
104188022,21.651134928268974,-27.21385211267598,-8.432549557906844,-7.804760563380256
104188023,21.643047858338498,-27.22181690140836,-8.388016759489686,-7.665788732394342
104188024,21.634205995214508,-27.229598591549205,-8.386938483498955,-7.64015492957744
104188025,21.625687614887738,-27.237654929577374,-8.104538001526704,-7.658007042253496
104188026,21.61716923456097,-27.245528169013994,-8.571000195116609,-7.950323943661946
104188027,21.608543026635125,-27.253401408450614,-8.485924219447993,-7.968176056338002
104188028,21.599701163511142,-27.261457746478783,-8.42812862634485,-7.983556338028143
104188029,21.5910749555853,-27.26923943661963,-8.445381042196535,-8.077577464788707
104188030,21.582340920060382,-27.277204225352023,-8.33291685636337,-7.981084507042228
104188031,21.57339122933732,-27.285077464788642,-8.574881988683238,-7.9374154929577205
104188032,21.56444153861426,-27.29313380281681,-8.786763220861733,-7.942359154929552
104188033,21.55592315828749,-27.301190140844994,-8.531643121454955,-7.938239436619692
104188034,21.54654215716814,-27.309154929577375,-8.942789756720398,-8.082338028168987
104188035,21.537915949242297,-27.317485915492867,-8.833560398859424,-7.974950704225326
104188036,21.52918191371738,-27.32563380281681,-8.845960572752823,-7.924415492957721
104188037,21.520447878192467,-27.333598591549205,-8.853185021890715,-7.813457746478848
104188038,21.51160601506848,-27.341929577464697,-8.751934906361145,-8.026584507042228
104188039,21.502548496746343,-27.350169014084415,-8.368931274453761,-8.024112676056312
104188040,21.49338315082514,-27.35859154929568,-8.614562545142112,-7.998753521126735
104188041,21.484325632503,-27.36719718309851,-8.764442907853615,-8.198239436619692
104188042,21.474836803784576,-27.37552816901399,-9.099786740970723,-8.371084507042227
104188043,21.465994940660586,-27.38404225352103,-9.027218766794578,-8.36366901408448
104188044,21.45672176714031,-27.392556338028086,-9.226052859485236,-8.73654929577462
104188045,21.447772076417245,-27.401161971830902,-8.944407170706494,-8.745612676056309
104188046,21.438714558095114,-27.409492957746394,-8.89685519951529,-8.420154929577437
104188047,21.429441384574833,-27.417640845070338,-8.94925941266478,-8.454943661971804
104188048,21.42070734904992,-27.425880281690056,-9.068085426843254,-8.162809859154903
104188049,21.41143417552964,-27.434302816901322,-9.092346636634684,-8.139098591549269
104188050,21.402807967603795,-27.442176056337942,-9.019886490057612,-7.959295774647861
104188052,21.38490858615767,-27.458014084506956,-8.821160224966027,-8.039859154929552
104188053,21.37628237823183,-27.46597887323935,-8.62556096024756,-7.938514084507016
104188054,21.367440515107845,-27.473485915492873,-8.582214265420204,-7.760542253521101
104188055,21.35902996238015,-27.480992957746395,-8.463603906439877,-7.774457746478848
104188056,21.350080271657088,-27.48877464788724,-8.318036647691292,-7.786999999999974
104188057,21.341561891330315,-27.496190140844988,-8.594830094511748,-7.871774647887299
104188058,21.332827855805405,-27.50369718309851,-8.852538056296277,-7.803021126760538
104188059,21.324740785874926,-27.51129577464779,-8.621571339081857,-7.8140985915492704
104188060,21.31600675035001,-27.518802816901328,-8.90785361462074,-7.827830985915467
104188061,21.306841404428802,-27.52630985915485,-9.10431550013179,-7.591450704225327
104188062,21.298969989696474,-27.53363380281681,-9.064095805677551,-7.7194366197182855
104188063,21.28991247137434,-27.54114084507033,-9.226376342282455,-7.6258732394365945
104188064,21.280854953052206,-27.548739436619627,-9.064850598871063,-7.64683802816899
104188065,21.272336572725436,-27.55588028169005,-8.74999400957783,-7.440119718309834
104188066,21.26349470960145,-27.5632957746478,-8.800349498344932,-7.354795774647864
104188067,21.254868501675606,-27.57080281690132,-8.77457870216648,-7.370176056338003
104188068,21.246242293749766,-27.57803521126752,-8.547709433716834,-7.285401408450681
104188069,21.23750825822485,-27.585359154929492,-8.779646599322911,-7.217563380281667
104188070,21.228342912303642,-27.59240845070414,-9.131164572300973,-7.187992957746456
104188071,21.21960887677873,-27.59991549295765,-8.990341727911604,-7.187992957746456
104188072,21.21076701365474,-27.607147887323862,-8.685189622534942,-7.252535211267582
104188073,21.201386012535387,-27.614197183098497,-9.042206803065728,-7.118598591549273
104188074,21.19265197701047,-27.62142957746471,-9.098169326984626,-7.128669014084484
104188075,21.18370228628741,-27.62857042253512,-9.118009605214064,-7.214999999999977
104188076,21.174968250762497,-27.635894366197093,-8.945161963900006,-7.208866197183075
104188077,21.166126387638506,-27.643035211267517,-8.79204677321631,-7.137091549295752
104188078,21.15739235211359,-27.649901408450617,-8.607230268405146,-7.080788732394343
104188079,21.149089626984967,-27.65704225352104,-8.616934752321717,-6.9754154929577235
104188080,21.139924281063763,-27.663999999999916,-9.13030195150839,-7.231845070422511
104188081,21.131082417939773,-27.67104929577455,-9.0191316968641,-7.044535211267583
104188082,21.12202489961764,-27.67800704225344,-9.477075510127237,-6.998119718309836
104188083,21.113290864092725,-27.684781690140753,-9.503385444301056,-7.001598591549273
104188084,21.104125518171514,-27.691830985915402,-9.392430844854914,-6.912795774647866
104188085,21.09528365504753,-27.698788732394277,-8.975461519239525,-6.928176056338005
104188086,21.086549619522614,-27.705563380281603,-8.822454156154903,-6.843584507042231
104188087,21.07749210120048,-27.712612676056253,-8.670309413862864,-6.918838028168992
104188088,21.06854241047742,-27.719478873239353,-8.576283747471187,-7.065316901408427
104188089,21.059808374952503,-27.726711267605552,-8.531750949054027,-6.998211267605611
104188090,21.05075085663037,-27.733852112675976,-8.629981891809553,-6.9880492957746245
104188091,21.04180116590731,-27.740809859154837,-8.573695885093434,-7.089577464788709
104188092,21.032527992387028,-27.747859154929486,-8.799271222354202,-7.052683098591526
104188093,21.023578301663967,-27.75481690140836,-8.924459064877986,-7.269380281690117
104188094,21.014952093738124,-27.761957746478785,-9.019778662458538,-7.16464788732392
104188095,21.006110230614137,-27.769190140844984,-9.017190800080787,-7.151922535211244
104188096,20.99694488469293,-27.77614788732386,-8.86547736818504,-7.123816901408427
104188097,20.98799519396987,-27.783288732394283,-8.870545265341473,-7.04252112676054
104188098,20.97904550324681,-27.790338028168932,-8.781156185709934,-7.025218309859132
104188099,20.970419295320966,-27.797478873239356,-8.67300510383969,-7.090309859154907
104188100,20.960714811404394,-27.804894366197104,-8.833668226458498,-7.09708450704223
104188101,20.951549465483186,-27.811852112675965,-8.871084403336837,-7.018535211267582
104188102,20.942491947161052,-27.819267605633712,-9.021827386840926,-7.031718309859132
104188103,20.93321877364077,-27.826408450704136,-9.053528700968394,-7.093514084507019
104188104,20.924484738115858,-27.83373239436611,-8.865046057788748,-7.151098591549273
104188105,20.915211564595577,-27.84123943661963,-8.830325570887233,-7.045359154929554
104188106,20.905507080679005,-27.848197183098506,-8.960796965765594,-6.99052112676054
104188107,20.89644956235687,-27.855521126760465,-9.147446539761,-7.016246478873216
104188108,20.886852906039373,-27.863028169014,-9.308648800375172,-6.96607746478871
104188109,20.87757973251909,-27.8698943661971,-9.231659894637032,-6.840105633802795
104188110,20.86830655899881,-27.87730985915485,-9.03907980269261,-6.84120422535209
104188111,20.859141213077606,-27.88426760563371,-9.136987262650917,-7.113105633802794
104188112,20.84976021195825,-27.891225352112585,-9.322882043452811,-6.979535211267583
104188113,20.840594866037044,-27.898091549295685,-9.522686584535128,-6.8838661971830755
104188114,20.83164517531398,-27.904774647887237,-9.401380535577974,-6.717521126760541
104188115,20.822372001793703,-27.911732394366112,-9.480741648495721,-6.688591549295753
104188116,20.81331448347157,-27.91841549295765,-9.267782140326496,-6.727499999999978
104188117,20.80414913755036,-27.92500704225344,-9.306815731190932,-6.637140845070402
104188118,20.79476813643101,-27.931781690140767,-9.129008020319514,-6.702873239436598
104188119,20.78592627330702,-27.93819014084498,-9.137634228245355,-6.650873239436598
104188120,20.776760927385816,-27.94459859154921,-9.22475892829636,-6.557218309859133
104188121,20.76748775386553,-27.95109859154921,-9.21872058274827,-6.471711267605613
104188122,20.758538063142474,-27.95750704225344,-9.113480846052997,-6.385746478873219
104188123,20.748941406824972,-27.96382394366188,-9.104638982929009,-6.24512676056336
104188124,20.74020737130006,-27.96986619718301,-9.002418419007782,-6.1565070422535015
104188125,20.731473335775142,-27.97636619718301,-8.873348782917372,-6.266915492957726
104188126,20.722415817453008,-27.982774647887226,-8.800888636340298,-6.226267605633782
104188127,20.713358299130874,-27.988816901408356,-8.991527831501406,-6.168683098591529
104188128,20.703653815214302,-27.99513380281681,-9.175697370718133,-6.328619718309838
104188129,20.694811952090316,-28.00135915492949,-9.400410087186316,-6.533964788732374
104188130,20.685646606169108,-28.00785915492949,-9.313177559536241,-6.459077464788712
104188131,20.67691257064419,-28.01454225352103,-9.037893699102808,-6.422366197183078
104188132,20.66785505232206,-28.020676056337933,-9.108736431693783,-6.23588028169012
104188133,20.658474051202703,-28.026901408450613,-8.7952816011885,-6.2217816901408245
104188134,20.649200877682425,-28.033218309859066,-9.001340143017051,-6.2062183098591355
104188135,20.640035531761217,-28.03953521126752,-9.107658155703055,-6.083084507042234
104188136,20.631409323835378,-28.045852112675973,-8.953680344226774,-6.206767605633782
104188137,20.622136150315093,-28.052169014084413,-9.260018553193238,-6.306739436619698
104188138,20.61264732159667,-28.05857746478864,-9.402566639167777,-6.289528169014064
104188139,20.60337414807639,-28.06461971830977,-9.508992479452854,-6.30619014084505
104188140,20.594316629754253,-28.070936619718225,-9.437826264064656,-6.349492957746459
104188141,20.58461214583768,-28.077070422535115,-9.500581926725157,-6.158429577464768
104188142,20.575554627515547,-28.083112676056246,-9.161895438036787,-6.152753521126741
104188143,20.566065798797123,-28.0894295774647,-9.173756473934818,-6.004077464788713
104188144,20.556576970078694,-28.095746478873153,-9.26788996792557,-6.105514084507022
104188145,20.547195968959343,-28.10160563380272,-9.482790372878107,-5.99711971830984
104188146,20.537383657443698,-28.107464788732315,-9.596764145098295,-5.911612676056319
104188147,20.52864962191878,-28.113415492957657,-9.46047005986999,-6.164838028168994
104188148,20.519052965601283,-28.119274647887238,-9.426935676558282,-5.956380281690121
104188149,20.50934848168471,-28.125316901408368,-9.635258597967367,-5.96599295774646
104188150,20.499859652966286,-28.131176056337935,-9.746105369814435,-5.9887887323943465
104188151,20.490370824247858,-28.137035211267516,-9.654883220998656,-6.025042253521106
104188152,20.480450685133142,-28.142985915492872,-9.544144276750659,-5.986683098591531
104188153,20.471069684013788,-28.148936619718214,-9.611752181369445,-6.022112676056319
104188154,20.46158085529536,-28.15488732394357,-9.409251950310306,-5.924338028168996
104188155,20.451876371378788,-28.1605633802816,-9.431680090917494,-5.960133802816881
104188156,20.442064059863142,-28.16633098591541,-9.425426090171259,-5.865746478873221
104188157,20.432467403545644,-28.172373239436524,-9.254411518041442,-5.824274647887305
104188158,20.42200812643556,-28.178049295774557,-9.45712740429873,-5.68786619718308
104188159,20.41230364251899,-28.18381690140835,-9.481712096887378,-5.638704225352094
104188160,20.40270698620149,-28.189218309859058,-9.516216928590746,-5.595309859154911
104188161,20.393002502284915,-28.195352112675963,-9.510933376236169,-5.729063380281671
104188162,20.382974535571126,-28.201211267605544,-9.569591590131893,-5.682373239436601
104188163,20.37316222405548,-28.207070422535125,-9.52743099889434,-5.702971830985897
104188164,20.3638890505352,-28.21302112676048,-9.455941300708924,-5.613619718309841
104188165,20.35353760102419,-28.2186971830985,-9.78761899545755,-5.808345070422517
104188166,20.34394094470669,-28.22473943661963,-9.678605292794723,-5.9631549295774455
104188167,20.334020805591972,-28.23059859154921,-9.420789503411118,-6.030077464788713
104188168,20.323669356080963,-28.236183098591454,-9.767023924034602,-5.862359154929558
104188169,20.313749216966244,-28.24213380281681,-9.923697425487708,-5.898978873239418
104188170,20.303397767455234,-28.248084507042165,-9.966612809918772,-5.841943661971811
104188171,20.29326197314237,-28.253852112675958,-10.05783495873455,-5.814021126760544
104188172,20.282910523631358,-28.259894366197088,-10.060530648711376,-5.726957746478854
104188173,20.27223559132313,-28.26557042253512,-10.227016461680126,-5.699859154929559
104188174,20.26220762460934,-28.27161267605625,-10.066137683863174,-5.8792957746478685
104188175,20.2519640026974,-28.27747183098583,-10.129001174122747,-5.923422535211248
104188176,20.24161255318639,-28.283422535211187,-10.298937470261833,-5.96599295774646
104188177,20.231153276076306,-28.28919014084498,-10.281577226811077,-5.874901408450686
104188178,20.220801826565296,-28.294957746478786,-10.217635460560773,-5.79955633802815
104188179,20.21023472185614,-28.300633802816805,-10.35759568415756,-5.55530281690139
104188180,20.199667617146982,-28.30640140845061,-10.446553453392804,-5.709746478873221
104188181,20.189639650433193,-28.311894366197095,-10.417871312039379,-5.589999999999982
104188182,20.17885689052589,-28.317570422535127,-10.451621350549237,-5.648316901408433
104188183,20.1688289238121,-28.32297183098582,-10.443318625420615,-5.671570422535193
104188184,20.15772268110758,-28.328464788732305,-10.52656153190499,-5.579746478873221
104188185,20.14715557639842,-28.333866197183013,-10.537344291812293,-5.482887323943644
104188186,20.13648064409019,-28.33908450704216,-10.634820441374305,-5.461098591549278
104188187,20.126237022178252,-28.344485915492868,-10.496801114560835,-5.40598591549294
104188188,20.11545426227095,-28.34961267605624,-10.491194079409038,-5.396007042253504
104188189,20.10574977835438,-28.35464788732385,-10.433506313904969,-5.183246478873222
104188190,20.09582963923966,-28.35986619718301,-10.155634591093785,-5.164478873239419
104188191,20.08515470693143,-28.364809859154832,-10.279744157626835,-5.083274647887308
104188192,20.074587602222273,-28.369661971830894,-10.09093803164997,-4.979091549295759
104188193,20.063804842314973,-28.37460563380273,-10.044140853652276,-5.0457394366197015
104188194,20.053129910006742,-28.379457746478778,-10.119296690206175,-4.991084507042237
104188195,20.04245497769851,-28.384218309859065,-10.303681884621048,-4.940823943661956
104188196,20.032103528187502,-28.388887323943564,-10.127815070532943,-5.098471830985899
104188197,20.021536423478345,-28.393556338028077,-9.940302875744953,-5.0060985915492795
104188198,20.010861491170118,-28.398499999999913,-9.925207011874729,-5.044366197183082
104188199,19.99997090366374,-28.403169014084412,-10.363741857304722,-4.968105633802801
104188200,19.989511626553657,-28.40811267605625,-10.351233855812252,-4.910063380281674
104188201,19.978621039047283,-28.412598591549198,-10.5329233602503,-4.759464788732378
104188202,19.96783827913998,-28.417359154929485,-10.705663173965284,-4.625802816901394
104188203,19.95705551923268,-28.422028169014,-10.853386984695328,-4.638619718309844
104188204,19.946596242122595,-28.426697183098497,-10.687116826924724,-4.712042253521112
104188205,19.935597827017148,-28.431457746478785,-10.441809039033592,-4.678169014084491
104188206,19.924599411911696,-28.436218309859058,-10.739844522871433,-4.657112676056323
104188207,19.914140134801613,-28.44088732394357,-10.845839052760216,-4.62671830985914
104188208,19.90324954729524,-28.445464788732295,-10.65379809881116,-4.594584507042239
104188209,19.892790270185156,-28.450042253521033,-10.454640523323283,-4.604014084507027
104188210,19.882223165476,-28.454711267605546,-10.504349046495948,-4.601908450704211
104188211,19.871009095172404,-28.45928873239427,-10.608510507200489,-4.636788732394351
104188212,19.860010680066956,-28.463774647887234,-10.429948003135559,-4.564647887323929
104188213,19.8494435753578,-28.46835211267596,-10.37430896201388,-4.5459718309859
104188214,19.8382295050542,-28.472746478873148,-10.607432231209758,-4.765507042253506
104188215,19.827231089948754,-28.477232394366098,-11.019872797664078,-4.522443661971816
104188216,19.816448330041453,-28.481992957746385,-10.73725666049368,-4.480971830985901
104188217,19.805342087336932,-28.486204225352026,-10.759253490704577,-4.440690140845056
104188218,19.7946671550287,-28.490690140844976,-10.418733932831964,-4.524274647887309
104188219,19.783884395121397,-28.494901408450616,-10.555135845659342,-4.437119718309845
104188220,19.773425118011318,-28.49929577464779,-10.410215552505196,-4.372760563380267
104188221,19.762211047707723,-28.503598591549206,-10.63708482095484,-4.285605633802803
104188222,19.751643942998562,-28.50799295774638,-10.390698757072979,-4.327443661971817
104188223,19.740106389897754,-28.512021126760473,-10.716014623476294,-4.13564788732393
104188224,19.729107974792303,-28.516140845070325,-10.747608110004691,-4.09802112676055
104188225,19.717786076889638,-28.520352112675965,-11.026450281207534,-4.108732394366184
104188226,19.706679834185113,-28.524380281690057,-10.984181862370908,-3.9526408450704094
104188227,19.69546576388152,-28.52831690140836,-10.79214090842185,-3.9287464788732267
104188228,19.685222141969582,-28.532528169014,-10.573358709902683,-3.83564084507041
104188229,19.674008071665988,-28.536281690140754,-10.865355848192433,-3.7693591549295653
104188230,19.66300965656054,-28.540218309859057,-11.098155634591095,-3.8219084507042127
104188231,19.651795586256945,-28.544154929577374,-11.04273224866756,-3.823647887323931
104188232,19.64025803315613,-28.547999999999902,-10.998307277849475,-4.050323943661958
104188233,19.628828307654388,-28.552028169013994,-11.033566902746353,-4.171535211267592
104188234,19.617722064949866,-28.555781690140748,-10.863307123810047,-3.929570422535199
104188235,19.606615822245345,-28.55962676056329,-10.615087990743943,-3.9575845070422404
104188236,19.59540175194175,-28.56347183098582,-10.737364488092753,-3.897802816901396
104188237,19.584079854039082,-28.567408450704136,-10.82168567056786,-3.8957887323943536
104188238,19.57297361133456,-28.571070422535115,-11.119936809603846,-3.6486056338028052
104188239,19.56143605823375,-28.574823943661883,-11.147109364570248,-3.613908450704214
104188240,19.550653298326445,-28.578302816901314,-11.171478401960753,-3.5869929577464674
104188241,19.538684434829342,-28.581964788732307,-11.473395679365222,-3.495626760563369
104188242,19.527362536926674,-28.585809859154836,-11.24447768653319,-3.601091549295763
104188243,19.515932811424932,-28.589380281690055,-11.413551361879692,-3.5666690140844954
104188244,19.504934396319484,-28.593316901408357,-10.981593999993155,-3.703535211267593
104188245,19.49372032601589,-28.596795774647802,-10.81176553145314,-3.5916619718309746
104188246,19.482074945316,-28.600549295774556,-11.30755683199091,-3.5862605633802698
104188247,19.470645219814262,-28.604211267605535,-11.181290713476397,-3.6141830985915373
104188248,19.458999839114377,-28.60787323943653,-11.274238103877344,-3.5118309859154815
104188249,19.447246630815414,-28.611443661971748,-11.546610619135805,-3.417901408450693
104188250,19.435493422516455,-28.615105633802727,-11.488707198433591,-3.6688380281690023
104188251,19.424495007411007,-28.618676056337932,-11.173958436739431,-3.7082042253521004
104188252,19.412957454310195,-28.62224647887315,-11.46724950621806,-3.5645633802816783
104188253,19.401204246011233,-28.625999999999905,-11.593515624732571,-3.5963309859154813
104188254,19.3893432101132,-28.629753521126673,-11.439969123652583,-3.6281901408450588
104188255,19.37791348461146,-28.633507042253427,-11.117780257622385,-3.6172042253521006
104188256,19.365944621114355,-28.637260563380195,-11.42767677735826,-3.532704225352101
104188257,19.35440706801354,-28.6408309859154,-11.11831939561775,-3.598161971830974
104188258,19.34222254931829,-28.64458450704217,-11.661339184549504,-3.76157746478872
104188259,19.33090065141562,-28.648338028168922,-11.372576874231942,-3.710676056338016
104188260,19.319147443116663,-28.652274647887225,-11.25515261884142,-3.772746478873227
104188261,19.307286407218626,-28.655661971830895,-11.428000260155478,-3.6391760563380164
104188262,19.295964509315958,-28.659598591549198,-11.252241273666447,-3.570514084507031
104188263,19.28388781821978,-28.66280281690132,-11.60839583340465,-3.4553450704225237
104188264,19.27191895472268,-28.666647887323847,-11.637401457555292,-3.5774718309859037
104188265,19.260165746423716,-28.670035211267518,-11.545424515546003,-3.4398732394366087
104188266,19.24819688292661,-28.673514084506948,-11.602788798252853,-3.4320915492957638
104188267,19.236659329825798,-28.676809859154844,-11.366322873485709,-3.3332183098591437
104188268,19.225121776724983,-28.6801971830985,-11.476846162535558,-3.559985915492946
104188269,19.213476396025097,-28.68358450704217,-11.47016085139303,-3.539661971830974
104188270,19.20150753252799,-28.68688028169005,-11.436626468081322,-3.486563380281679
104188271,19.18975432422903,-28.68990140845061,-11.56353955219027,-3.316830985915482
104188272,19.177461977934705,-28.69310563380273,-11.856614966470753,-3.212739436619708
104188273,19.16570876963575,-28.696218309859063,-11.832461584278395,-3.1639436619718206
104188274,19.154710354530298,-28.69923943661962,-11.704254568980568,-3.0604014084506943
104188275,19.14328062902856,-28.702260563380193,-11.498950820345529,-3.1458169014084403
104188276,19.131096110333306,-28.705098591549202,-11.572597070512405,-3.1802394366197078
104188277,19.119019419237127,-28.707936619718225,-11.695736188653798,-3.0019014084506943
104188278,19.107266210938167,-28.710957746478783,-11.624677800864676,-3.0528028169013988
104188279,19.095189519841988,-28.713704225352018,-11.761511024088344,-3.0580211267605537
104188280,19.083220656344885,-28.716450704225267,-12.02903129738852,-2.894880281690132
104188281,19.071467448045922,-28.71938028169005,-12.02083639985897,-2.904584507042244
104188282,19.059714239746963,-28.72221830985906,-11.919694111928473,-2.8224647887323853
104188283,19.047745376249857,-28.725056338028068,-12.107206306716462,-2.6991478873239347
104188284,19.03534520235646,-28.727528169013993,-12.14171113841983,-2.7457464788732304
104188285,19.02316068366121,-28.730457746478777,-12.503580560908903,-2.6658239436619633
104188286,19.011083992565027,-28.733021126760477,-12.093512201634189,-2.8567042253521033
104188287,18.999438611865145,-28.735676056337937,-11.942230080134735,-2.7690915492957657
104188288,18.987469748368035,-28.73833098591541,-11.84367565458199,-2.8270422535211175
104188289,18.975500884870932,-28.740802816901322,-11.738112435089498,-2.7830985915492867
104188290,18.963100710977535,-28.743549295774557,-12.016738951094196,-2.7050070422535124
104188291,18.95080836468321,-28.746021126760468,-11.907725248431367,-2.634422535211259
104188292,18.938839501186102,-28.748584507042168,-12.198104972735024,-2.6210563380281604
104188293,18.926762810089926,-28.751422535211177,-12.061379577110428,-2.6506267605633718
104188294,18.914686118993743,-28.753802816901313,-12.07615195818343,-2.6450422535211184
104188295,18.90271725549664,-28.756549295774562,-12.19907542112668,-2.659781690140836
104188296,18.89064056440046,-28.759112676056247,-11.805073374113846,-2.675985915492949
104188297,18.87813256290799,-28.761767605633707,-11.785664406280702,-2.72249295774647
104188298,18.866163699410883,-28.764330985915393,-11.905676524048978,-2.733570422535202
104188299,18.853763525517486,-28.766894366197093,-11.68506125634557,-2.733204225352104
104188300,18.84179466202038,-28.769549295774553,-11.848959206936568,-2.665091549295766
104188301,18.829502315726053,-28.77211267605624,-11.978352325824199,-2.496915492957738
104188302,18.817317797030803,-28.77449295774639,-12.05717430074658,-2.4137887323943583
104188303,18.80470196793926,-28.777056338028075,-12.1406328624291,-2.3678309859154854
104188304,18.79219396644679,-28.779528169013986,-12.442226657036352,-2.4799788732394283
104188305,18.779254654558024,-28.782091549295686,-12.041431471281918,-2.4935281690140765
104188306,18.76663882546648,-28.784563380281597,-12.149151242755869,-2.5171478873239352
104188307,18.75402299637494,-28.78685211267596,-12.232609804438392,-2.5181549295774563
104188308,18.74162282248154,-28.789507042253433,-12.415377584867167,-2.5524859154929493
104188309,18.72879133819185,-28.791978873239344,-12.549622945713084,-2.4819929577464706
104188310,18.716175509100307,-28.794450704225255,-12.82037804698545,-2.473295774647879
104188311,18.703020542013398,-28.796830985915406,-12.757838039523095,-2.402894366197175
104188312,18.689865574926486,-28.799302816901317,-13.051991729794308,-2.5288661971830906
104188313,18.677573228632163,-28.801683098591454,-12.468536591210169,-2.4487605633802736
104188314,18.66474174434247,-28.80424647887314,-12.697885894438494,-2.5547746478873155
104188315,18.65137112205742,-28.806535211267516,-12.749319659196326,-2.5592605633802736
104188316,18.639078775763092,-28.809007042253427,-12.579922501052605,-2.5857183098591463
104188317,18.625600325878963,-28.81129577464779,-12.922490783307605,-2.6849577464788643
104188318,18.612445358792055,-28.813767605633714,-12.82684770292983,-2.5972535211267522
104188319,18.599506046903294,-28.816239436619625,-12.787490629268177,-2.5490985915492876
104188320,18.58656673501453,-28.818619718309776,-12.626180541054932,-2.604211267605625
104188321,18.573519595526694,-28.82081690140835,-12.692602342083916,-2.5246549295774567
104188322,18.56014897324164,-28.82301408450695,-12.798704699571772,-2.450591549295767
104188323,18.54656269575844,-28.825394366197088,-13.239180441785079,-2.3529084507042177
104188324,18.533407728671527,-28.827683098591464,-13.294388172510468,-2.175943661971824
104188325,18.520360589183692,-28.8300633802816,-13.112159530077056,-2.276281690140838
104188326,18.507205622096784,-28.83226056338019,-12.982874238788499,-2.1354788732394296
104188327,18.49383499981173,-28.83445774647879,-12.937802302375973,-2.1753028169014015
104188328,18.480140894729455,-28.836563380281603,-13.078517319166272,-2.2294999999999927
104188329,18.466231134449032,-28.838669014084417,-13.45882526109683,-2.2301408450704154
104188330,18.453507477758418,-28.84095774647878,-13.1643480880284,-2.320683098591542
104188331,18.43981337267614,-28.843246478873155,-13.260422478802464,-2.3380774647887246
104188332,18.426334922792016,-28.845443661971743,-13.099759356183657,-2.289647887323936
104188333,18.412640817709743,-28.847732394366105,-13.032582761961162,-2.2267535211267533
104188334,18.39873105742932,-28.849838028168918,-13.250502339687745,-2.146373239436613
104188335,18.385144779946117,-28.852126760563294,-13.107738598515061,-2.301091549295767
104188336,18.371235019665697,-28.854232394366107,-13.315091071532489,-2.227852112676049
104188337,18.357217431786204,-28.856429577464695,-13.487076092053963,-2.128154929577458
104188338,18.34384680950115,-28.858809859154846,-13.656796732994904,-2.1600140845070355
104188339,18.33015270441888,-28.861007042253433,-13.823821683959022,-2.0584859154929513
104188340,18.315811633742165,-28.863112676056247,-13.862531792026237,-2.0983098591549227
104188341,18.30200970106082,-28.865126760563285,-13.933698007414433,-2.033035211267599
104188342,18.28788428558225,-28.8672323943661,-13.786944645076046,-2.0981267605633733
104188343,18.27365104250461,-28.8694295774647,-14.028909777395913,-2.128704225352106
104188344,18.25974128222419,-28.87144366197174,-14.114524891059894,-2.0315704225352045
104188345,18.245292383948406,-28.873457746478778,-14.064385057490938,-2.0835704225352045
104188346,18.23073565807355,-28.87547183098583,-13.941569422146763,-2.052077464788726
104188347,18.217041552991276,-28.87748591549287,-13.728933396774757,-2.038985915492951
104188348,18.20237699951734,-28.879591549295682,-14.00141373963229,-2.0718521126760496
104188349,18.18846723923692,-28.881697183098495,-14.27152187531022,-1.9983380281690075
104188350,18.173910513362063,-28.883894366197097,-14.66077950796384,-1.9669366197183036
104188351,18.158706821892768,-28.885725352112587,-14.964098544156261,-2.068922535211261
104188352,18.144257923616983,-28.887922535211175,-14.699597443630129,-2.0231478873239372
104188353,18.1293777149449,-28.889570422535115,-14.686334648944145,-2.0192112676056273
104188354,18.11492881666912,-28.891584507042154,-14.63587133257797,-2.057936619718303
104188355,18.10037209079426,-28.89369014084498,-14.415363892473636,-2.147288732394359
104188356,18.085168399324964,-28.895429577464697,-14.411374271307933,-2.0897042253521056
104188357,18.070180363053815,-28.89744366197175,-14.360803127342685,-2.0698380281690074
104188358,18.05551580957988,-28.899366197183,-14.3531473678085,-2.032211267605627
104188359,18.040851256105952,-28.901197183098503,-14.54454135616312,-2.0413661971830916
104188360,18.02597104743387,-28.903211267605542,-14.755775622747175,-1.9926619718309795
104188361,18.01087518356365,-28.904950704225257,-14.99116327152359,-1.9854295774647823
104188362,17.995779319693426,-28.906873239436536,-15.152796842534052,-1.8905845070422473
104188363,17.98025214542691,-28.908521126760476,-15.113655424070545,-1.9055985915492897
104188364,17.96547976435391,-28.91026056338019,-14.71814379067069,-1.9213450704225288
104188365,17.950383900483683,-28.91209154929568,-14.928946746858452,-1.796380281690135
104188366,17.93539586421253,-28.913830985915396,-14.80408238713189,-1.7929014084506985
104188367,17.919976517545088,-28.915753521126675,-14.87891474088857,-1.8399577464788675
104188368,17.9043415156795,-28.917584507042164,-15.055320692972039,-1.722591549295769
104188369,17.88892216901206,-28.919598591549203,-15.067397384068217,-1.852774647887318
104188370,17.87404196033998,-28.921521126760467,-15.118938976425124,-1.7473098591549239
104188371,17.85873044127161,-28.923260563380182,-15.25102778528958,-1.8925985915492896
104188372,17.84298761180695,-28.925274647887235,-15.370392937463418,-1.8530492957746418
104188373,17.827568265139508,-28.927105633802725,-15.424414564599005,-1.9464295774647822
104188374,17.811717608075774,-28.92884507042244,-15.357022315178362,-1.9229929577464726
104188375,17.79629826140833,-28.930676056337944,-15.560385167030086,-1.7986690140845014
104188376,17.78066325954274,-28.932690140844983,-15.522645507354529,-1.8750211267605572
104188377,17.764704774879934,-28.934338028168924,-16.03234656817272,-1.8503028169014024
104188378,17.749069773014345,-28.935985915492864,-16.135645408084674,-1.729366197183093
104188379,17.732679977955243,-28.937725352112594,-16.007654047984996,-1.8226549295774588
104188380,17.71715280368873,-28.939373239436534,-15.969483077913145,-1.6341549295774596
104188381,17.70140997422407,-28.94111267605625,-15.923872003505256,-1.6081549295774593
104188382,17.68502017916497,-28.942669014084416,-15.883867964249161,-1.5987253521126708
104188383,17.66927734970031,-28.944316901408357,-15.859822409655877,-1.6222535211267552
104188384,17.65299538224028,-28.945690140844974,-15.947054937305955,-1.5796830985915442
104188385,17.636713414780253,-28.947338028168915,-16.11440337106729,-1.5563380281690091
104188386,17.620431447320225,-28.948894366197095,-16.09909185199892,-1.4559084507042206
104188387,17.60393382466205,-28.950359154929487,-16.12378437218664,-1.529056338028164
104188388,17.587651857202026,-28.95164084507033,-16.17219896417043,-1.403359154929573
104188389,17.571585544940145,-28.953014084506947,-16.04668763884943,-1.5462676056337976
104188390,17.554872267083827,-28.954387323943564,-16.405537888564456,-1.5070845070422487
104188391,17.53923726521824,-28.955943661971745,-16.133381028504143,-1.505619718309854
104188392,17.522631814960995,-28.957225352112573,-16.511208935656022,-1.4274366197183053
104188393,17.506026364703747,-28.95869014084498,-16.580649909459048,-1.4482183098591501
104188394,17.48974439724372,-28.96015492957737,-16.20681162347287,-1.42615492957746
104188395,17.472815464189253,-28.96134507042244,-16.709288235153167,-1.3495281690140801
104188396,17.456425669130155,-28.96271830985907,-16.589707427781182,-1.3704014084506997
104188397,17.440359356868274,-28.964091549295688,-16.39701950823769,-1.4674436619718263
104188398,17.423969561809173,-28.965281690140756,-16.23301373004762,-1.4596619718309811
104188399,17.407256283952854,-28.966746478873148,-16.55574173407318,-1.4532535211267557
104188400,17.390219523299315,-28.967936619718216,-16.785738002895943,-1.3356126760563336
104188401,17.374368866235585,-28.96921830985906,-16.44230709984836,-1.206161971830982
104188402,17.35787124357741,-28.970499999999916,-16.48360507029333,-1.2958802816901365
104188403,17.341050138122018,-28.971873239436533,-16.777543105366394,-1.1911478873239398
104188404,17.324660343062916,-28.97324647887315,-16.87189225455529,-1.18721126760563
104188405,17.307947065206598,-28.974528169013993,-16.925913881690875,-1.186936619718306
104188406,17.291772925345647,-28.975626760563287,-16.773337829002546,-1.0791830985915458
104188407,17.27484399229118,-28.976633802816806,-16.897447395535597,-1.1052746478873203
104188408,17.258454197232084,-28.97791549295765,-16.89140904998751,-1.0989577464788698
104188409,17.241417436578544,-28.979014084506957,-16.947263746307335,-1.083760563380278
104188410,17.224165020726858,-28.980021126760477,-17.125179284777825,-0.9963309859154897
104188411,17.207236087672392,-28.98093661971822,-17.012068133350223,-0.896999999999997
104188412,17.189983671820713,-28.982492957746388,-16.90920060383456,-1.059591549295771
104188413,17.1728390835681,-28.98359154929568,-16.98273902640236,-0.9389295774647857
104188414,17.15580232291456,-28.98478169014075,-17.2592089904256,-0.9907464788732362
104188415,17.13865773466195,-28.985697183098495,-17.015626444119633,-0.9161338028168985
104188416,17.12172880160749,-28.986795774647803,-16.91567025977894,-1.0107042253521092
104188417,17.104260730557655,-28.987711267605533,-17.012822926543734,-1.0078661971830953
104188418,17.08657700430968,-28.98899295774639,-17.34245189690997,-1.0959366197183065
104188419,17.06943241605707,-28.990091549295684,-17.43938890847662,-1.0493380281690106
104188420,17.05207217260631,-28.991281690140752,-17.503546329925072,-1.1624014084507004
104188421,17.034711929155556,-28.99247183098582,-17.500850639948244,-1.1642323943661934
104188422,17.01713603050665,-28.99357042253513,-17.616010515758234,-1.1428098591549258
104188423,16.999236649060528,-28.994577464788648,-17.507104640694482,-1.1915140845070384
104188424,16.981876405609775,-28.995676056337942,-17.634017724803428,-1.113697183098588
104188425,16.964516162159015,-28.99668309859146,-17.48284343090305,-1.1784225352112638
104188426,16.94715591870826,-28.99769014084498,-17.644153519116294,-1.0279154929577432
104188427,16.929364364861208,-28.998788732394274,-17.44650553001544,-1.0050281690140812
104188428,16.91124932821694,-28.99970422535202,-17.891294376191667,-1.0041126760563348
104188429,16.893996912365257,-29.000802816901313,-17.829293506724678,-0.9767394366197151
104188430,16.8766366689145,-29.001992957746396,-17.802013124159203,-1.0177535211267572
104188431,16.859060770265597,-29.002908450704126,-18.07600305340376,-0.9236408450704195
104188432,16.84137704401762,-29.003915492957645,-17.762548222898474,-1.0533661971830952
104188433,16.8234776625715,-29.004922535211165,-17.977879938247305,-0.9663943661971799
104188434,16.8059017639226,-29.005838028168924,-18.008179493586827,-0.9541267605633772
104188435,16.78832586527369,-29.006661971830894,-17.62571499967481,-0.8757605633802789
104188436,16.770534311426644,-29.007669014084414,-17.8036305381453,-0.9388380281690111
104188437,16.752850585178667,-29.008859154929482,-17.783143294321427,-0.9408521126760533
104188438,16.734843376133473,-29.00977464788724,-17.99685759568416,-1.03652112676056
104188439,16.716836167088275,-29.01078169014076,-18.280012870849923,-0.9331619718309829
104188440,16.69882895804308,-29.011880281690054,-18.119026265433895,-0.9804929577464757
104188441,16.680713921398812,-29.01261267605625,-18.073523018625078,-0.985619718309856
104188442,16.662922367551765,-29.01380281690132,-18.10306778077109,-1.0303873239436585
104188443,16.64426819291213,-29.014901408450612,-18.134984750096706,-1.0148239436619684
104188444,16.626476639065082,-29.01590845070413,-18.286374699195232,-0.8803380281690112
104188445,16.60890074041618,-29.016823943661876,-17.772144879215976,-0.9948661971830953
104188446,16.59035439337562,-29.017647887323847,-17.894744859362003,-0.8785985915492929
104188447,16.572670667127642,-29.01874647887314,-17.912536413209054,-0.850492957746476
104188448,16.554663458082448,-29.019845070422434,-17.65579889981618,-0.9193380281690111
104188449,16.536332766240033,-29.02066901408442,-17.981330421417642,-0.8132323943661945
104188450,16.518217729595765,-29.021767605633713,-17.787779881081565,-0.8077394366197156
104188451,16.500102692951497,-29.022683098591457,-17.810962814882263,-0.8666056338028141
104188452,16.482203311505373,-29.023873239436526,-17.912320758010907,-0.9479014084507011
104188453,16.464411757658326,-29.025063380281594,-17.67326697086601,-1.0953873239436585
104188454,16.445865410617763,-29.026070422535128,-18.088834537693447,-1.0283732394366163
104188455,16.42785820157257,-29.02698591549286,-18.143503130423472,-0.9754577464788701
104188456,16.40931185453201,-29.027992957746378,-18.12883857694954,-1.0670985915492923
104188457,16.390981162689595,-29.028816901408362,-18.325084807262446,-0.9660281690140814
104188458,16.372866126045327,-29.030098591549205,-18.096490297227636,-1.0688380281690106
104188459,16.35518239979735,-29.031105633802724,-18.008179493586827,-1.0020985915492924
104188460,16.33674388035586,-29.032112676056244,-18.02845108221256,-0.9313309859154899
104188461,16.31852101611252,-29.033211267605537,-17.89625444574903,-0.9692323943661939
104188462,16.299974669071965,-29.03421830985907,-18.563060318416614,-0.9052394366197153
104188463,16.281428322031402,-29.035408450704125,-18.44736130461126,-0.9877253521126729
104188464,16.262774147391767,-29.036507042253433,-18.449410028993647,-1.053091549295771
104188465,16.24530607634194,-29.037605633802727,-17.860240027658637,-0.9784788732394334
104188466,16.22686755690045,-29.03870422535202,-17.779908466349234,-0.9575140845070391
104188467,16.208429037458963,-29.03989436619709,-18.044948704870727,-1.083302816901405
104188468,16.190206173215625,-29.04090140845061,-18.11374271307932,-1.0186690140845036
104188469,16.171551998575993,-29.041908450704128,-17.99125056053236,-1.0682887323943628
104188470,16.153221306733577,-29.043007042253436,-18.154285890330776,-1.0248943661971797
104188471,16.13510627008931,-29.04419718309849,-18.194505584785013,-1.0171126760563347
104188472,16.116236440251527,-29.045295774647798,-18.32012473770509,-1.0312112676056304
104188473,16.097690093210964,-29.04639436619709,-18.40714161015702,-1.031852112676053
104188474,16.078712435774115,-29.047218309859062,-18.555188903684286,-1.1013380281690106
104188475,16.0603817439317,-29.04840845070413,-18.678220194226604,-1.0625211267605599
104188476,16.041619741692994,-29.04978169014076,-18.511410898460635,-1.0598661971830952
104188477,16.02372036024687,-29.05078873239428,-18.270631869730572,-1.043295774647884
104188478,16.00517401320631,-29.051978873239335,-18.465584168854598,-1.0912676056337993
104188479,15.986304183368533,-29.052985915492854,-18.60780877203192,-1.0981338028168979
104188480,15.967757836327973,-29.054176056337937,-18.698923093248627,-1.0940140845070387
104188481,15.948995834089265,-29.05527464788723,-18.422992267220756,-1.1228521126760527
104188482,15.930341659449631,-29.056556338028074,-18.232784382455936,-1.0880633802816866
104188483,15.912550105602582,-29.05792957746469,-18.19148641201097,-1.0798239436619683
104188484,15.893680275764805,-29.059028169013985,-18.44067599346873,-1.0981338028168979
104188485,15.874810445927025,-29.06012676056328,-18.46806420363328,-1.125140845070419
104188486,15.856156271287391,-29.061591549295684,-18.531143349091,-1.2120211267605594
104188487,15.837070786251468,-29.06232394366188,-18.593359873756135,-1.1480281690140808
104188488,15.81830878401276,-29.063697183098498,-18.589046769793214,-1.2222746478873199
104188489,15.7997624369722,-29.064978873239355,-18.466985927642547,-1.2657605633802775
104188490,15.781323917530711,-29.066260563380183,-18.43323588913269,-1.3596901408450661
104188491,15.762777570490151,-29.06772535211259,-18.568128215573044,-1.3097042253521083
104188492,15.743907740652373,-29.068823943661883,-18.52122320997628,-1.3351549295774605
104188493,15.725145738413666,-29.0701971830985,-18.68706205735059,-1.2578873239436579
104188494,15.70638373617496,-29.071570422535117,-18.58818414900063,-1.36252816901408
104188495,15.687837389134398,-29.07285211267596,-18.12528026618013,-1.407478873239432
104188496,15.669183214494767,-29.074133802816817,-18.156442442312237,-1.2632887323943622
104188497,15.65074469505328,-29.075598591549195,-18.104793022356258,-1.3122676056337985
104188498,15.633168796404377,-29.0770633802816,-17.80319922774901,-1.3108943661971788
104188499,15.614838104561962,-29.078528169013993,-17.69785166345466,-1.39759154929577
104188500,15.596076102323256,-29.079992957746384,-17.72815121879418,-1.4380563380281643
104188501,15.577529755282693,-29.081366197183,-18.165176477837154,-1.3938380281690097
104188502,15.55876775304399,-29.08264788732386,-18.166254753827882,-1.3592323943661928
104188503,15.540113578404355,-29.084112676056236,-17.955343970041046,-1.4981126760563332
104188504,15.521782886561942,-29.08576056338019,-17.974537282676046,-1.5369295774647838
104188505,15.503344367120453,-29.087225352112583,-17.897979687334196,-1.5447112676056287
104188506,15.484474537282674,-29.088690140844975,-18.42180616363095,-1.4959154929577416
104188507,15.46571253504397,-29.090063380281606,-18.639833568956607,-1.3909084507042209
104188508,15.446842705206189,-29.091528169013984,-18.58678239021268,-1.4526126760563332
104188509,15.42797287536841,-29.092901408450615,-18.7126171983309,-1.3863309859154884
104188510,15.408563907535266,-29.094549295774556,-18.883847425658864,-1.5102887323943615
104188511,15.389801905296558,-29.096014084506947,-18.808799416704037,-1.3797394366197138
104188512,15.371039903057852,-29.097478873239353,-18.842872938011112,-1.3874295774647842
104188513,15.351846590422854,-29.09894366197173,-18.687924678143176,-1.4547183098591503
104188514,15.332653277787855,-29.10049999999991,-18.8217387285928,-1.424873239436615
104188515,15.313028654756566,-29.102056338028078,-18.88406308085701,-1.42359154929577
104188516,15.292972721328981,-29.10333802816892,-19.46115639109584,-1.3496197183098548
104188517,15.273887236293058,-29.104711267605538,-19.351280067640428,-1.3219718309859112
104188518,15.254693923658058,-29.10635915492948,-19.311922993978772,-1.5508450704225303
104188519,15.235500611023062,-29.108007042253433,-19.47215480620129,-1.5159647887323895
104188520,15.215983815590842,-29.1095633802816,-19.212182464836225,-1.582063380281685
104188521,15.19625136496048,-29.110936619718217,-19.353544447220962,-1.4620422535211222
104188522,15.176626741929187,-29.11285915492948,-19.31688306353613,-1.5408661971830935
104188523,15.156462980902532,-29.1142323943661,-19.62332910010167,-1.4494084507042206
104188524,15.137377495866605,-29.115880281690053,-19.653628655441185,-1.4266126760563334
104188525,15.11786070043439,-29.11743661971822,-19.391284106896517,-1.4399788732394319
104188526,15.098128249804024,-29.118992957746386,-19.458568528718086,-1.4451056338028123
104188527,15.078072316376442,-29.1207323943661,-19.352250516032083,-1.553957746478868
104188528,15.058447693345153,-29.122197183098507,-19.177246322736565,-1.713711267605628
104188529,15.038068277120352,-29.123845070422448,-19.898828615733247,-1.6073309859154876
104188530,15.01844365408906,-29.125401408450614,-19.82130057199974,-1.588288732394361
104188531,14.998387720661478,-29.127232394366104,-19.75962318532997,-1.7236901408450649
104188532,14.978978752828333,-29.12878873239427,-19.620094272129478,-1.617950704225347
104188533,14.958922819400751,-29.13043661971821,-19.995334316903605,-1.547183098591544
104188534,14.938974713572241,-29.131901408450602,-19.826044986358955,-1.4930774647887275
104188535,14.919457918140022,-29.133549295774557,-19.978297556250066,-1.571443661971826
104188536,14.89864719151893,-29.1348309859154,-20.386317191142393,-1.3926478873239392
104188537,14.878699085690421,-29.13629577464779,-20.33639301277158,-1.3584999999999956
104188538,14.858535324663766,-29.13803521126752,-20.163329716259376,-1.4584718309859108
104188539,14.83912635683062,-29.13940845070414,-19.803509018152692,-1.5185281690140797
104188540,14.819393906200258,-29.14105633802808,-19.598528752314873,-1.525669014084502
104188541,14.799230145173599,-29.142429577464696,-19.74215511428014,-1.4913380281690092
104188542,14.779174211746017,-29.143985915492863,-20.16311406106123,-1.4744014084506996
104188543,14.758686967922143,-29.145267605633705,-20.438829231890956,-1.4422676056337982
104188544,14.738307551697343,-29.146549295774562,-20.46427654527219,-1.3542887323943618
104188545,14.717928135472542,-29.14792253521118,-20.573613730732237,-1.2645704225352072
104188546,14.697225236450517,-29.149295774647797,-20.577819007096085,-1.4200211267605587
104188547,14.677169303022936,-29.150852112675963,-20.39720777864877,-1.344126760563376
104188548,14.65700554199628,-29.15204225352103,-20.732228128968657,-1.1941690140845032
104188549,14.636518298172406,-29.15341549295765,-20.68564660616911,-1.1861126760563343
104188550,14.616678019942968,-29.15488028169004,-20.415861953288402,-1.2247464788732354
104188551,14.59640643131724,-29.156161971830898,-20.584288663040464,-1.1166267605633766
104188552,14.575380049498001,-29.157260563380177,-20.919632496157572,-1.1603873239436582
104188553,14.554892805674125,-29.158725352112583,-20.786681066500535,-1.1943521126760526
104188554,14.534513389449325,-29.15991549295765,-20.59862973371718,-1.26383802816901
104188555,14.51327135243194,-29.161105633802734,-20.548166417351005,-1.189499999999996
104188556,14.493215419004358,-29.16257042253511,-20.44249537025944,-1.260176056338024
104188557,14.472081209586044,-29.163669014084405,-20.658905361599,-1.2187957746478835
104188558,14.451054827766804,-29.164767605633713,-20.751852751999945,-1.1312746478873204
104188559,14.430459756343856,-29.16595774647878,-20.616636942762376,-1.2701549295774606
104188560,14.409325546925544,-29.167239436619624,-21.006325885812284,-1.1706408450704187
104188561,14.388730475502596,-29.168429577464693,-20.904752287485497,-1.1089366197183064
104188562,14.368027576480573,-29.169528169014,-20.865934351819206,-1.1398802816901372
104188563,14.34764816025577,-29.170992957746392,-20.91521156459558,-1.1654225352112637
104188564,14.326837433634678,-29.17218309859146,-21.08202086036155,-1.3229788732394323
104188565,14.306026707013585,-29.173556338028078,-21.072747686841268,-1.3314929577464745
104188566,14.285755118387856,-29.174929577464695,-20.82075458780761,-1.2274014084507003
104188567,14.265160046964908,-29.176119718309764,-20.585043456233976,-1.3465070422535168
104188568,14.244996285938253,-29.177309859154846,-20.701928573629136,-1.2886478873239395
104188569,14.22418555931716,-29.178683098591463,-21.013011196954814,-1.3249014084507
104188570,14.203698315493282,-29.179964788732306,-20.953274707068356,-1.3006408450704183
104188571,14.18396586486292,-29.181429577464698,-20.630870185840013,-1.362802816901404
104188572,14.163478621039046,-29.18271126760554,-20.633134565420548,-1.344859154929573
104188573,14.143746170408681,-29.184267605633707,-20.692331917311638,-1.2965211267605592
104188574,14.123151098985733,-29.18554929577455,-20.889440768417128,-1.2211760563380243
104188575,14.102987337959078,-29.18692253521118,-20.765762512280368,-1.207169014084503
104188576,14.082500094135204,-29.18838732394356,-20.599708009707907,-1.2035070422535172
104188577,14.062551988306696,-29.189852112675965,-20.471285339211935,-1.1992957746478834
104188578,14.041417778888382,-29.191133802816807,-20.80997182790031,-1.1699084507042217
104188579,14.021577500658944,-29.192873239436523,-20.586121732224708,-1.2929507042253479
104188580,14.000874601636923,-29.194154929577365,-20.64607387730931,-1.261457746478869
104188581,13.980495185412122,-29.19561971830977,-20.846525383986062,-1.2523028169014043
104188582,13.959900113989175,-29.19680985915484,-20.770722581837727,-1.3017394366197141
104188583,13.93973635296252,-29.19827464788723,-20.812883173075278,-1.3483380281690096
104188584,13.919464764336789,-29.19964788732385,-20.614480390780912,-1.3468732394366152
104188585,13.898654037715696,-29.20092957746469,-20.70235988402543,-1.3774507042253477
104188586,13.877843311094601,-29.202211267605534,-20.767811236662755,-1.3736056338028124
104188587,13.856816929275361,-29.20358450704215,-20.969664502127458,-1.301007042253517
104188588,13.836114030253341,-29.204957746478783,-20.90852625345305,-1.2575211267605593
104188589,13.815195476033175,-29.206239436619626,-20.91596635778909,-1.2730845070422494
104188590,13.794492577011154,-29.20752112676047,-20.40842184895236,-1.2753732394366157
104188591,13.773574022790989,-29.208894366197086,-20.671197707893324,-1.2757394366197141
104188592,13.752547640971748,-29.210267605633703,-20.472040132405446,-1.3017394366197141
104188593,13.732168224746946,-29.211457746478786,-20.255198830669592,-1.261457746478869
104188594,13.712004463720291,-29.212830985915403,-20.172063751784293,-1.3667394366197139
104188595,13.691085909500124,-29.21438732394357,-20.65081829166852,-1.5123943661971782
104188596,13.670383010478105,-29.215577464788637,-20.758538063142474,-1.3966760563380236
104188597,13.649680111456082,-29.21695070422527,-20.572319799543358,-1.3177605633802774
104188598,13.629624178028497,-29.218323943661886,-20.42049854004854,-1.3803802816901363
104188599,13.60902910660555,-29.219697183098504,-20.382866707972056,-1.2869999999999957
104188600,13.587894897187237,-29.220795774647797,-20.2315845864726,-1.2668591549295734
104188601,13.567407653363365,-29.22207746478864,-20.335099081582708,-1.1954507042253482
104188602,13.547028237138562,-29.223542253521032,-20.40680443496627,-1.2964295774647845
104188603,13.52697230371098,-29.224823943661875,-20.05108118562436,-1.3136408450704182
104188604,13.506592887486178,-29.226197183098492,-20.041376701707787,-1.3797394366197138
104188605,13.485997816063229,-29.227295774647786,-20.118796917842218,-1.2834295774647846
104188606,13.465187089442136,-29.22848591549287,-20.19621713397665,-1.3434859154929535
104188607,13.444915500816407,-29.229859154929485,-20.23190806926982,-1.4328380281690096
104188608,13.424643912190678,-29.231049295774554,-20.066284877093658,-1.3631690140845028
104188609,13.404156668366806,-29.232330985915397,-20.221017481763447,-1.4198380281690095
104188610,13.383453769344783,-29.23352112676048,-20.410578400933826,-1.3703098591549252
104188611,13.362211732327399,-29.234528169014,-20.531560967093757,-1.3011901408450661
104188612,13.34172448850352,-29.235718309859053,-20.384484121958153,-1.1738450704225314
104188613,13.321129417080574,-29.236725352112586,-20.560350936046255,-1.1793380281690102
104188614,13.300426518058554,-29.237732394366105,-20.511720688864322,-1.1244084507042216
104188615,13.27929230864024,-29.238922535211174,-20.59366966415982,-1.1917887323943623
104188616,13.25858940961822,-29.23983802816892,-20.531884449890978,-1.1312746478873204
104188617,13.238209993393419,-29.24111971830976,-20.508701516090277,-1.14564788732394
104188618,13.217507094371399,-29.242309859154844,-20.603805458472685,-1.1454647887323908
104188619,13.196696367750302,-29.243408450704138,-20.51635727562446,-1.2426901408450663
104188620,13.17664043432272,-29.24450704225343,-20.43192826555028,-1.113971830985912
104188621,13.156368845696992,-29.245422535211176,-20.10068188119795,-1.125415492957743
104188622,13.13598942947219,-29.24633802816892,-20.32884508083647,-1.0884295774647852
104188623,13.115933496044608,-29.247436619718215,-20.24441607076229,-1.1036267605633767
104188624,13.095338424621662,-29.248626760563283,-20.347283600277958,-1.1613028169014046
104188625,13.075174663595003,-29.249542253521028,-20.380386673193378,-1.0943802816901371
104188626,13.054687419771128,-29.250457746478787,-20.278813074866587,-0.9771056338028138
104188627,13.034308003546329,-29.25164788732384,-20.741177819691718,-0.8371267605633775
104188628,13.014252070118747,-29.252654929577375,-20.556145659682407,-0.7718521126760538
104188629,12.993980481493018,-29.253478873239345,-20.22716365491061,-0.7883309859154904
104188630,12.97414020326358,-29.254485915492864,-20.15200781835671,-0.8656901408450677
104188631,12.953976442236925,-29.25540140845061,-20.113082055091347,-0.9827816901408418
104188632,12.933597026012123,-29.25640845070413,-20.16020271588626,-1.0111619718309826
104188633,12.91310978218825,-29.257415492957648,-20.46276695888517,-0.9361830985915464
104188634,12.892946021161592,-29.258422535211167,-20.041808012104077,-1.0223309859154897
104188635,12.873537053328448,-29.259338028168926,-20.044611529679976,-0.8848239436619689
104188636,12.853157637103646,-29.26025352112667,-19.986492453779615,-0.9494577464788702
104188637,12.832454738081626,-29.26107746478864,-20.068441429075115,-0.8838169014084478
104188638,12.812722287451262,-29.261992957746386,-20.072323222641746,-0.8944366197183069
104188639,12.792774181622754,-29.262725352112582,-19.857422817689205,-0.8478380281690113
104188640,12.772718248195172,-29.26391549295765,-19.930098619464424,-1.0421056338028136
104188641,12.752338831970366,-29.26473943661962,-20.14014678245868,-0.9060633802816872
104188642,12.731959415745564,-29.265471830985817,-20.2699712117426,-0.8233028169014057
104188643,12.71211913751613,-29.266295774647787,-19.978944521844504,-0.8106690140845044
104188644,12.692710169682986,-29.267028169013997,-19.791432327056512,-0.7247042253521103
104188645,12.672977719052621,-29.267760563380193,-20.108229813133065,-0.6181408450704206
104188646,12.653029613224113,-29.268767605633712,-20.163976681853814,-0.6405704225352091
104188647,12.633836300589113,-29.269683098591457,-19.7063563513879,-0.7461267605633778
104188648,12.613888194760605,-29.270415492957653,-20.05043422002992,-0.6844225352112654
104188649,12.594479226927458,-29.271330985915398,-20.043533253689247,-0.7943732394366172
104188650,12.575393741891531,-29.272246478873143,-19.69751448826391,-0.8275140845070396
104188651,12.556200429256535,-29.273161971830902,-19.789275775075055,-0.7758802816901383
104188652,12.5363601510271,-29.273894366197084,-19.76673980686879,-0.790528169014082
104188653,12.517274665991174,-29.274901408450617,-20.045366322873488,-0.7548239436619695
104188654,12.497650042959883,-29.275816901408362,-19.581384164062264,-0.8532394366197156
104188655,12.478456730324886,-29.276732394366093,-19.397861590439973,-0.9093591549295745
104188656,12.459047762491739,-29.277556338028077,-19.05550896338312,-0.8940704225352084
104188657,12.439854449856742,-29.278563380281597,-19.061008170935846,-0.8446338028168986
104188658,12.42087679241989,-29.279570422535116,-19.452530183169998,-0.8199154929577438
104188659,12.40157565218582,-29.28030281690131,-19.29370012973543,-0.6997112676056315
104188660,12.382058856753599,-29.28085211267596,-19.391284106896517,-0.6458802816901387
104188661,12.363081199316746,-29.28167605633793,-19.326911030249924,-0.6781056338028147
104188662,12.343995714280823,-29.28222535211259,-19.15395556133679,-0.6537535211267584
104188663,12.324263263650458,-29.282866197182997,-19.421260179438818,-0.5534154929577447
104188664,12.3057169166099,-29.283690140844982,-18.9596502278072,-0.6342535211267585
104188665,12.287170569569337,-29.284330985915403,-18.728467855394634,-0.5817042253521109
104188666,12.268624222528778,-29.285154929577374,-18.42687406078738,-0.6167676056338008
104188667,12.249754392690999,-29.28570422535202,-18.62926646424745,-0.6055985915492939
104188668,12.231100218051367,-29.28607042253512,-18.563383801213835,-0.44831690140844926
104188669,12.212553871010805,-29.286802816901314,-18.4791704463378,-0.4885070422535195
104188670,12.194007523970246,-29.287169014084412,-18.6006921504931,-0.4094999999999987
104188671,12.175137694132463,-29.28771830985906,-18.846539076379596,-0.37407042253521006
104188672,12.156914829889121,-29.288267605633706,-18.669701813899835,-0.40895070422535074
104188673,12.13815282765042,-29.28854225352103,-18.533623383869678,-0.33397183098591443
104188674,12.120253446204298,-29.28918309859145,-18.378890779199885,-0.36528169014084383
104188675,12.101491443965589,-29.289457746478774,-18.623335946298436,-0.28407746478873147
104188676,12.083484234920395,-29.289823943661872,-18.577077906296108,-0.26265492957746395
104188677,12.064614405082615,-29.29009859154921,-18.473132100789712,-0.2502042253521119
104188678,12.046391540839274,-29.290464788732308,-18.197740412757206,-0.2585352112676048
104188679,12.028060848996859,-29.29073943661963,-18.46030061650002,-0.2502042253521119
104188680,12.009406674357226,-29.290922535211166,-18.344170292298372,-0.2850845070422526
104188681,11.9903211893213,-29.291197183098504,-18.279905043250853,-0.22896478873239365
104188682,11.971882669879811,-29.29174647887315,-18.105116505153475,-0.2532253521126752
104188683,11.953336322839252,-29.291838028168925,-18.172508754574118,-0.1479436619718305
104188684,11.93468214819962,-29.291929577464686,-18.3084793570052,-0.10335915492957713
104188685,11.916135801159061,-29.291929577464686,-18.22685386450692,-0.16780985915492902
104188686,11.897050316123135,-29.291929577464686,-18.127113335364374,-0.13888028169014038
104188687,11.878072658686282,-29.291838028168925,-18.484022688296086,0.03369014084507031
104188688,11.859095001249429,-29.291838028168925,-18.553894972495407,-0.004760563380281674
104188689,11.840117343812576,-29.291838028168925,-18.75208209959163,0.031126760563380183
104188690,11.821139686375727,-29.291929577464686,-18.930968086453774,0.0796478873239434
104188691,11.802269856537944,-29.291929577464686,-19.037933064734215,0.06133802816901389
104188692,11.783400026700164,-29.291929577464686,-18.63703005138071,-0.019683098591549233
104188693,11.764853679659605,-29.29174647887315,-18.555943696877794,-0.0006408450704225332
104188694,11.745983849821826,-29.291838028168925,-18.618268049142,0.027830985915492868
104188695,11.727114019984047,-29.291471830985827,-18.46094758209446,0.09246478873239407
104188696,11.7077050521509,-29.291288732394264,-18.477229549554487,0.08083802816901382
104188697,11.688943049912197,-29.291380281690053,-18.452644856965836,-0.028288732394366103
104188698,11.670073220074418,-29.29110563380273,-18.652341570449078,-0.06664788732394344
104188699,11.651850355831076,-29.29110563380273,-18.699462231243988,0.03176760563380271
104188700,11.632333560398859,-29.290830985915406,-18.681455022198794,0.08523239436619691
104188701,11.613355902962006,-29.29073943661963,-18.820121314606705,0.20882394366197116
104188702,11.594486073124227,-29.290373239436533,-18.69159081651166,0.30211267605633707
104188703,11.575077105291083,-29.29009859154921,-18.910373015030828,0.3488028169014073
104188704,11.555452482259788,-29.289640845070323,-19.000840370653098,0.35301408450704114
104188705,11.53679830762016,-29.289091549295676,-18.920293154145547,0.3130070422535201
104188706,11.517173684588865,-29.288816901408353,-19.12796910996019,0.37361267605633686
104188707,11.498196027152012,-29.288267605633706,-18.94369174314439,0.4754154929577449
104188708,11.478679231719799,-29.287809859154834,-18.980029644032,0.4351338028169
104188709,11.459054608688508,-29.28735211267596,-19.14543718101002,0.45335211267605485
104188710,11.440508261647945,-29.28689436619709,-18.859586215867434,0.4972957746478857
104188711,11.421422776612019,-29.286436619718216,-19.010005716574305,0.4151760563380268
104188712,11.402337291576092,-29.28570422535202,-19.599607028305606,0.6107253521126741
104188713,11.383036151342022,-29.285154929577374,-19.438728250488648,0.6594295774647866
104188714,11.363735011107952,-29.284514084506938,-19.6571869662106,0.6993450704225329
104188715,11.345296491666467,-29.28405633802808,-19.47927142774011,0.7311126760563357
104188716,11.32621100663054,-29.28341549295766,-19.54817326354777,0.6145704225352093
104188717,11.307125521594614,-29.282774647887223,-19.335860720972985,0.5978169014084488
104188718,11.288687002153125,-29.282316901408365,-19.273320713510632,0.5025140845070406
104188719,11.269601517117202,-29.281767605633704,-19.17314887397179,0.47038028169013935
104188720,11.250947342477566,-29.281035211267508,-19.19773356656044,0.6335211267605613
104188721,11.232077512639787,-29.28030281690131,-19.069526551262612,0.6119154929577445
104188722,11.212776372405717,-29.27966197183089,-19.033943443568514,0.5901267605633784
104188723,11.194230025365158,-29.27902112676047,-18.909618221837317,0.7152746478873216
104188724,11.174928885131084,-29.278105633802724,-18.787665207285727,0.7035563380281668
104188725,11.156274710491452,-29.27737323943653,-18.745935926444464,0.7299225352112652
104188726,11.136865742658308,-29.276549295774558,-19.026072028836182,0.7557394366197159
104188727,11.117888085221455,-29.275725352112573,-18.9200774989474,0.7623309859154904
104188728,11.098802600185529,-29.274901408450617,-18.648351949283374,0.7119788732394343
104188729,11.07993277034775,-29.27416901408442,-18.332956221994777,0.5949788732394347
104188730,11.0609551129109,-29.273436619718225,-18.27667021527866,0.618781690140843
104188731,11.0417618002759,-29.272429577464706,-18.49847158657187,0.7324859154929553
104188732,11.022784142839047,-29.271422535211173,-18.637569189376073,0.9373732394366167
104188733,11.003914313001268,-29.270507042253428,-18.394849263862696,0.9570563380281659
104188734,10.984505345168124,-29.26949999999991,-18.479925239531312,0.8439014084507015
104188735,10.965312032533127,-29.26849295774639,-18.552061903311166,0.9390211267605604
104188736,10.946442202695348,-29.26766901408442,-18.511950036456,0.9239154929577434
104188737,10.927572372857565,-29.26657042253511,-18.54785662694732,1.0197676056337994
104188738,10.908918198217933,-29.26556338028159,-18.378028158407304,0.9335281690140814
104188739,10.889724885582936,-29.264830985915395,-18.755963893158253,0.8724647887323915
104188740,10.870962883344227,-29.2637323943661,-18.551954075712093,0.9670352112676024
104188741,10.852524363902742,-29.262633802816808,-18.33942587793916,1.0382605633802784
104188742,10.833331051267745,-29.26162676056329,-18.507205622096787,0.9777464788732363
104188743,10.81467687662811,-29.26061971830977,-18.606083530446753,1.0441197183098558
104188744,10.795914874389403,-29.25961267605625,-18.435931579109518,0.9711549295774615
104188745,10.77682938935348,-29.258422535211167,-18.479601756734095,1.0385352112676023
104188746,10.757959559515697,-29.257323943661873,-18.558100248859255,1.1082957746478839
104188747,10.739089729677918,-29.256133802816805,-18.48865927505623,1.1039014084507006
104188748,10.720004244641995,-29.25503521126751,-18.831119729712153,1.2200774647887285
104188749,10.70167355279958,-29.253936619718218,-18.55497324848614,1.2662183098591508
104188750,10.682372412565506,-29.252654929577375,-18.855057456706366,1.2302394366197142
104188751,10.663933893124021,-29.251373239436518,-18.651478949656493,1.2860845070422493
104188752,10.644417097691804,-29.25009154929569,-18.48865927505623,1.243056338028165
104188753,10.625762923052168,-29.248809859154832,-18.17121482338524,1.2244718309859115
104188754,10.6076478864079,-29.247436619718215,-18.27268059411296,1.167161971830982
104188755,10.58877805657012,-29.246246478873147,-18.466015479250892,1.052633802816898
104188756,10.570447364727706,-29.245147887323853,-18.237960107211446,1.0228802816901377
104188757,10.55157753488993,-29.243774647887236,-18.47819999794614,1.1610281690140807
104188758,10.533031187849367,-29.242584507042153,-18.573950905922988,1.1959084507042215
104188759,10.514377013209735,-29.241302816901324,-18.412425162511596,1.249281690140841
104188760,10.4957228385701,-29.23983802816892,-18.57114738834709,1.2598098591549256
104188761,10.477392146727688,-29.238556338028076,-18.308371529406127,1.17814788732394
104188762,10.459169282484346,-29.237274647887233,-18.265563972574135,1.2729929577464747
104188763,10.440622935443788,-29.235809859154827,-18.452537029366763,1.3156549295774604
104188764,10.422507898799516,-29.234345070422435,-18.220599863760686,1.402535211267601
104188765,10.404392862155248,-29.233063380281592,-17.956098763234557,1.3368028169014041
104188766,10.385954342713763,-29.2315985915492,-18.31419421975607,1.472936619718305
104188767,10.367623650871348,-29.230225352112583,-18.27268059411296,1.3557535211267562
104188768,10.348969476231712,-29.228669014084403,-18.32594742805503,1.386697183098587
104188769,10.330746611988374,-29.227204225352025,-18.353227810620506,1.4830070422535164
104188770,10.31273940294318,-29.22592253521117,-18.096490297227636,1.3315845070422492
104188771,10.294408711100765,-29.224274647887228,-17.84568330178378,1.3863309859154884
104188772,10.275970191659276,-29.222809859154836,-17.739365289097776,1.4022605633802772
104188773,10.257747327415935,-29.22143661971822,-17.882236857869533,1.4577394366197136
104188774,10.239632290771667,-29.219788732394278,-17.89776403213605,1.437140845070418
104188775,10.221409426528325,-29.218323943661886,-17.79974874457867,1.4509647887323895
104188776,10.203617872681278,-29.21685915492948,-17.968606764727028,1.418922535211263
104188777,10.18561066363608,-29.21539436619709,-18.02715715102368,1.46259154929577
104188778,10.167926937388106,-29.21402112676047,-17.8308030931117,1.4679014084506994
104188779,10.150458866338276,-29.212464788732305,-17.851721647331868,1.5845352112676006
104188780,10.132236002094935,-29.21090845070414,-18.02111880547559,1.5475492957746428
104188781,10.114444448247884,-29.20935211267596,-17.67714876443264,1.5599084507042202
104188782,10.096976377198057,-29.207795774647792,-17.833283127890383,1.5688802816901357
104188783,10.07896916815286,-29.2063309859154,-17.647280519489414,1.5100140845070376
104188784,10.061177614305812,-29.204774647887234,-18.136709991681872,1.6383661971830932
104188785,10.043278232859688,-29.203218309859054,-18.199142171545155,1.5743732394366146
104188786,10.026241472206149,-29.201753521126676,-17.867680131994675,1.5346408450704176
104188787,10.008881228755392,-29.20028873239427,-17.71305535492396,1.5345492957746427
104188788,9.991413157705562,-29.19882394366188,-17.430762700550776,1.5661338028168963
104188789,9.973621603858515,-29.197176056337938,-17.456964807125527,1.5468169014084459
104188790,9.956261360407758,-29.195802816901306,-17.412432008708365,1.4859366197183048
104188791,9.939116772155145,-29.194246478873154,-17.389572557704884,1.55734507042253
104188792,9.921756528704389,-29.192781690140748,-17.329728240219353,1.5403169014084457
104188793,9.904396285253632,-29.191225352112582,-17.39485611005946,1.492894366197178
104188794,9.887467352199167,-29.189669014084416,-17.31560282474079,1.4501408450704178
104188795,9.870646246743775,-29.188204225352024,-17.00635327059935,1.4910633802816853
104188796,9.853609486090239,-29.186556338028083,-17.097683247014206,1.558169014084502
104188797,9.836249242639482,-29.185274647887226,-17.280666682641126,1.501499999999995
104188798,9.819212481985943,-29.18390140845061,-17.163026772052458,1.5090070422535162
104188799,9.802283548931477,-29.182436619718217,-16.849248458749955,1.4926197183098542
104188800,9.785462443476085,-29.18088028169005,-16.63876898535941,1.5285985915492908
104188801,9.768210027624402,-29.17941549295766,-16.861432977445208,1.5389436619718257
104188802,9.750957611772716,-29.177950704225253,-16.942627159547193,1.4842887323943614
104188803,9.7342443339164,-29.176577464788636,-16.75209579198516,1.4597535211267558
104188804,9.717423228461008,-29.175112676056244,-16.503445348522764,1.4931690140845024
104188805,9.700062985010248,-29.173556338028078,-17.100163281792884,1.616394366197178
104188806,9.683026224356713,-29.171908450704137,-16.970554507707106,1.715359154929572
104188807,9.666959912094828,-29.170626760563295,-16.369415642874994,1.6134647887323892
104188808,9.649060530648708,-29.16888732394358,-16.729344168580752,1.6479788732394312
104188809,9.632239425193319,-29.167605633802722,-16.80094169436524,1.576661971830981
104188810,9.615633974936074,-29.16595774647878,-16.789619796462574,1.5769366197183048
104188811,9.598705041881605,-29.164676056337925,-16.74001910088898,1.5886549295774597
104188812,9.581129143232705,-29.16293661971821,-17.398198765630724,1.6802042253521072
104188813,9.563768899781948,-29.16128873239427,-17.152028356947007,1.6451408450704172
104188814,9.546300828732118,-29.159640845070328,-17.12140531881027,1.6085211267605581
104188815,9.529803206073943,-29.158359154929485,-17.151920529347933,1.4609436619718261
104188816,9.512874273019477,-29.156711267605544,-17.012607271345587,1.4977464788732344
104188817,9.495190546771504,-29.155063380281604,-17.319268963109273,1.5731830985915443
104188818,9.477722475721674,-29.153507042253423,-17.367575727493985,1.5848098591549244
104188819,9.460470059869987,-29.151859154929483,-16.882675014462592,1.4131549295774601
104188820,9.443001988820157,-29.150211267605542,-17.101241557783613,1.4674436619718263
104188821,9.425857400567548,-29.1485633802816,-16.941225400759247,1.5281408450704175
104188822,9.408497157116791,-29.14700704225342,-17.085283073120806,1.5536830985915442
104188823,9.391783879260469,-29.145267605633705,-16.90650491385773,1.5610985915492908
104188824,9.374423635809713,-29.144077464788637,-17.272148302314356,1.4783380281690093
104188825,9.356524254363592,-29.142154929577373,-17.70992835455084,1.6121830985915442
104188826,9.339810976507273,-29.140507042253432,-17.324013377468486,1.6578661971830932
104188827,9.322342905457443,-29.13904225352104,-17.227399848699054,1.5524014084506992
104188828,9.305306144803904,-29.13748591549286,-17.23333036664807,1.5152323943661923
104188829,9.288269384150368,-29.13583802816892,-17.373721900641147,1.586457746478868
104188830,9.27058565790239,-29.134098591549204,-17.475618981765155,1.6607042253521072
104188831,9.25300975925349,-29.132450704225263,-17.502252398736193,1.6765422535211212
104188832,9.235649515802734,-29.130711267605548,-17.50386981272229,1.6454154929577411
104188833,9.2181814447529,-29.12897183098582,-17.683726247976097,1.7086760563380226
104188834,9.200497718504923,-29.12714084507033,-17.711114458140646,1.729091549295769
104188835,9.182382681860656,-29.12512676056329,-17.724377252826624,1.7842957746478816
104188836,9.165022438409899,-29.123204225352026,-17.29457644292155,1.728084507042248
104188837,9.147446539760995,-29.121373239436522,-17.204001259700206,1.629394366197178
104188838,9.129331503116727,-29.119542253521033,-17.43432101132019,1.7346760563380226
104188839,9.112079087265045,-29.117711267605543,-17.278186647862448,1.7475845070422478
104188840,9.094718843814288,-29.115880281690053,-17.1524596673433,1.7754154929577408
104188841,9.077142945165384,-29.113957746478775,-17.19623767256695,1.8492042253521068
104188842,9.05924356371926,-29.111943661971736,-17.280882337839273,1.9383732394366135
104188843,9.042638113462015,-29.110295774647795,-17.078921244775497,1.7582957746478818
104188844,9.025277870011259,-29.108281690140757,-17.132942871911084,1.86778873239436
104188845,9.007701971362359,-29.10635915492948,-17.433027080131314,1.9824084507042188
104188846,8.99109652110511,-29.104711267605538,-17.093046660254064,1.907795774647881
104188847,8.973520622456206,-29.1026971830985,-17.139628183053613,1.9445985915492894
104188848,8.956915172198961,-29.10086619718301,-17.010989857359494,1.9079788732394303
104188849,8.939878411545422,-29.09894366197173,-16.93216788243711,2.0120704225352046
104188850,8.923057306090033,-29.096929577464692,-16.780454450541367,1.9684014084506978
104188851,8.90548140744113,-29.094915492957654,-17.2971643052993,2.0562887323943593
104188852,8.888660301985734,-29.092901408450615,-17.06867762286356,2.090528169014078
104188853,8.871515713733125,-29.090887323943562,-17.133374182307378,2.1309014084506974
104188854,8.854586780678662,-29.08878169014075,-17.26265947359593,2.2690492957746407
104188855,8.83733436482698,-29.086859154929485,-17.112671283285355,2.1706338028168943
104188856,8.819758466178072,-29.084661971830897,-17.25327847247658,2.1092957746478804
104188857,8.802721705524537,-29.082556338028084,-17.379328935792945,2.092176056338021
104188858,8.78536146207378,-29.080359154929482,-17.299213029681688,2.045211267605627
104188859,8.76821687382117,-29.078345070422444,-17.15310663293774,2.082380281690134
104188860,8.750964457969484,-29.076147887323856,-16.871353116559924,1.9716056338028105
104188861,8.733819869716871,-29.073950704225254,-17.146852632191504,2.0694718309859086
104188862,8.716783109063336,-29.071753521126666,-17.47648160255774,2.167612676056331
104188863,8.6997463484098,-29.069647887323853,-17.525327504937824,2.1181760563380214
104188864,8.68281741535533,-29.06735915492949,-17.366928761899548,2.152323943661965
104188865,8.665780654701795,-29.06516197183089,-17.277216199470793,2.2638309859154857
104188866,8.649067376845476,-29.063056338028076,-16.874156634135822,2.1504929577464718
104188867,8.632246271390084,-29.0607676056337,-16.865314771011835,2.190408450704218
104188868,8.615317338335618,-29.058478873239338,-16.811940109470687,2.2040492957746407
104188869,8.598496232880226,-29.056373239436525,-16.85021890714161,2.157725352112669
104188870,8.581782955023908,-29.054176056337937,-16.74605744643707,2.119640845070416
104188871,8.565069677167589,-29.0517957746478,-16.42462337360038,2.1750281690140776
104188872,8.547925088914976,-29.049415492957664,-16.51261069444397,2.250739436619711
104188873,8.531535293855878,-29.047309859154836,-16.48867296744976,2.27179577464788
104188874,8.514714188400486,-29.044838028168925,-16.372326988049966,2.345584507042246
104188875,8.498216565742315,-29.042732394366098,-16.424192063204092,2.278570422535204
104188876,8.481503287885996,-29.040260563380187,-16.3226184648773,2.3042042253521053
104188877,8.465005665227821,-29.037971830985825,-16.198832381141468,2.189492957746472
104188878,8.44850804256965,-29.035774647887223,-16.045825018056846,2.1688028169014015
104188879,8.431686937114257,-29.033302816901312,-16.33609691476143,2.2833309859154856
104188880,8.414973659257939,-29.03101408450695,-16.5696514943536,2.4118661971830906
104188881,8.39869169179791,-29.02854225352104,-16.127666165753272,2.3906267605633724
104188882,8.38219406913974,-29.026161971830888,-16.42052592483561,2.4266971830985837
104188883,8.365804274080638,-29.023690140844977,-16.341811777512298,2.4873028169014004
104188884,8.34909099622432,-29.021218309859066,-16.570837597943406,2.5462605633802733
104188885,8.332916856363365,-29.018838028168915,-16.3378221563466,2.452514084507034
104188886,8.316850544101488,-29.01645774647878,-16.093592644446197,2.4037183098591473
104188887,8.30099988703775,-29.014169014084416,-16.335342121567916,2.495999999999992
104188888,8.285041402374944,-29.01160563380273,-15.826827164339532,2.614190140845062
104188889,8.269082917712137,-29.009316901408354,-15.862841582429922,2.5225492957746396
104188890,8.253340088247473,-29.006845070422443,-15.674466766849347,2.602746478873231
104188891,8.237165948386519,-29.004281690140743,-15.873839997535372,2.5467183098591466
104188892,8.221315291322785,-29.001992957746396,-15.798684160981473,2.5009436619718226
104188893,8.205248979060904,-28.999246478873147,-16.193441001187818,2.5725352112675974
104188894,8.189937459992535,-28.99686619718301,-15.747034741025494,2.451873239436612
104188895,8.174518113325092,-28.994577464788648,-15.684386905964066,2.368929577464781
104188896,8.15909876665765,-28.992105633802723,-15.349690038441398,2.3652676056337953
104188897,8.142816799197625,-28.989542253521037,-15.571707064932756,2.484830985915485
104188898,8.127289624931109,-28.986978873239337,-15.357237970376508,2.364809859154922
104188899,8.111762450664592,-28.984507042253426,-15.33556462296283,2.301457746478866
104188900,8.096666586794367,-28.982035211267515,-15.194849606172532,2.3021901408450627
104188901,8.080923757329707,-28.979471830985815,-15.040224829101815,2.3498873239436544
104188902,8.065073100265973,-28.976816901408355,-15.217924712374161,2.4894999999999916
104188903,8.04933027080131,-28.97407042253512,-15.335888105760048,2.5758309859154846
104188904,8.033910924133867,-28.97159859154921,-15.132848736705544,2.5872746478873156
104188905,8.018275922268277,-28.96885211267596,-15.488248503250233,2.767901408450695
104188906,8.003072230798981,-28.966288732394275,-15.3876453533151,2.6971338028168925
104188907,7.987437228933395,-28.96354225352104,-15.393252388466898,2.6951197183098503
104188908,7.97255702026132,-28.960887323943567,-15.384194870144764,2.780901408450695
104188909,7.9571376735938735,-28.958232394366107,-15.451802774763552,2.709950704225343
104188910,7.941933982124578,-28.955577464788647,-15.4204249434333,2.733112676056329
104188911,7.926514635457135,-28.952922535211187,-15.300520653264098,2.6541056338028084
104188912,7.911526599185986,-28.950359154929487,-15.147836772976694,2.638633802816893
104188913,7.897185528509272,-28.947612676056252,-14.92603540168348,2.719838028169005
104188914,7.88208966463905,-28.945049295774552,-15.108911009711331,2.811295774647878
104188915,7.867101628367898,-28.942211267605543,-15.097696939407738,2.7863028169013995
104188916,7.85254490249304,-28.939647887323844,-14.684393752160833,2.73155633802816
104188917,7.837556866221892,-28.93690140845061,-14.719869032255858,2.810014084507033
104188918,7.8232157955451775,-28.9340633802816,-14.84764473715739,2.8836197183098498
104188919,7.808335586873099,-28.931316901408366,-14.778095935755292,2.8448028169013995
104188920,7.793239723002877,-28.928478873239342,-14.75059989799167,2.8925915492957652
104188921,7.778682997128016,-28.925823943661882,-14.728603067780773,2.7847464788732306
104188922,7.764557581649452,-28.923169014084422,-14.431753687532733,2.7365915492957655
104188923,7.750108683373668,-28.9203309859154,-14.715016790297572,2.8600915492957655
104188924,7.73565978509788,-28.917401408450615,-14.370076300862964,2.839584507042244
104188925,7.720779576425805,-28.914563380281592,-14.470679450798096,2.8659507042253427
104188926,7.706222850550947,-28.911816901408358,-14.317995570510693,2.7855704225352023
104188927,7.69177395227516,-28.90897887323935,-14.364361438112095,2.8099225352112587
104188928,7.677001571202155,-28.905866197183016,-14.200247832322951,2.897901408450695
104188929,7.662660500525444,-28.903028169013993,-14.223322938524577,2.8577112676056244
104188930,7.6486429126459505,-28.900190140844984,-13.840427134216267,2.7153521126760474
104188931,7.635164462761821,-28.89744366197175,-13.821880787175704,2.7104084507042168
104188932,7.620715564486037,-28.89451408450695,-13.728933396774757,2.7457464788732304
104188933,7.606697976606544,-28.89149295774638,-13.718042809268383,2.720478873239428
104188934,7.59268038872705,-28.888746478873145,-13.77497578157894,2.707478873239428
104188935,7.578662800847557,-28.885633802816812,-13.516297371402752,2.7579225352112586
104188936,7.565184350963431,-28.882887323943578,-13.753518089363407,2.743091549295766
104188937,7.5510589354848605,-28.87995774647878,-13.894017450955559,2.802690140845061
104188938,7.536825692407223,-28.876845070422448,-13.944157284524515,2.881605633802807
104188939,7.523131587324951,-28.87391549295765,-13.895311382144437,2.8629295774647794
104188940,7.5097609650398915,-28.870985915492867,-13.45343388114318,2.8048873239436527
104188941,7.496066859957619,-28.868147887323843,-13.826840856733066,2.794176056338019
104188942,7.481941444479055,-28.864852112675962,-14.160135965467784,2.9706830985915396
104188943,7.468462994594926,-28.86192253521118,-13.7771323335604,2.9841408450704128
104188944,7.454553234314506,-28.85890140845062,-13.712435774116585,2.983133802816892
104188945,7.44085912923223,-28.855788732394274,-13.636632971968249,3.0578380281690043
104188946,7.427272851749031,-28.85285915492949,-13.636201661571956,3.0268028169013985
104188947,7.413578746666754,-28.849838028168918,-13.6380347307562,3.02249999999999
104188948,7.3996689863863345,-28.846542253521037,-13.464755779045847,3.1059929577464684
104188949,7.385759226105915,-28.843521126760464,-13.523413992941572,3.033943661971821
104188950,7.3722807762217855,-28.840499999999906,-13.346253247664592,3.056190140845061
104188951,7.358478843540439,-28.8372957746478,-13.245326614932242,3.0756901408450603
104188952,7.343814290066508,-28.83390845070413,-13.447611190793237,3.1732816901408345
104188953,7.330551495380526,-28.830612676056248,-13.10267070135863,3.1749295774647788
104188954,7.316210424703815,-28.827316901408366,-13.732707362742314,3.2922957746478767
104188955,7.302300664423395,-28.824112676056245,-13.853258618505956,3.3029154929577356
104188956,7.288283076543898,-28.82081690140835,-13.721924602835013,3.251739436619708
104188957,7.274373316263482,-28.817429577464694,-13.943725974128226,3.3513450704225245
104188958,7.260463555983062,-28.814133802816812,-13.815734614028543,3.2875352112675946
104188959,7.246985106098933,-28.81092957746469,-13.765810435657732,3.2734366197182996
104188960,7.233506656214804,-28.807542253521035,-13.532902821659999,3.2687676056337924
104188961,7.219920378731601,-28.804338028168928,-13.154320121314608,3.1606478873239334
104188962,7.206657584045622,-28.801042253521032,-13.051236936600796,3.1522253521126657
104188963,7.192747823765199,-28.79774647887315,-13.221820198334322,3.211915492957736
104188964,7.178838063484779,-28.794450704225255,-13.310023174376058,3.212464788732384
104188965,7.166114406794161,-28.791338028168923,-13.156368845696996,3.177584507042243
104188966,7.151881163716524,-28.787950704225253,-13.627144143249822,3.3024577464788627
104188967,7.138834024228686,-28.78483802816892,-13.473166331773545,3.2604366197182992
104188968,7.125571229542707,-28.781633802816813,-13.298485621275242,3.2013873239436514
104188969,7.111984952059505,-28.778063380281594,-13.286732412976283,3.2933028169013974
104188970,7.098614329774449,-28.774767605633713,-13.549292616719098,3.340084507042243
104188971,7.085567190286614,-28.771654929577366,-13.238425648591567,3.2307746478873134
104188972,7.072088740402489,-28.768176056337936,-13.594041070334402,3.312894366197172
104188973,7.058286807721139,-28.764697183098505,-13.545949961147834,3.3231478873239326
104188974,7.044377047440719,-28.761309859154835,-13.799236991370371,3.424218309859144
104188975,7.03132990795288,-28.758014084506954,-13.774005333187281,3.4247676056337917
104188976,7.017096664875243,-28.754626760563298,-13.805275336918461,3.38494366197182
104188977,7.003833870189261,-28.751147887323853,-13.268509548732942,3.329556338028158
104188978,6.989924109908841,-28.74785211267597,-13.413645497085232,3.3248873239436514
104188979,6.976445660024712,-28.744556338028076,-13.280370584630974,3.276366197183088
104188980,6.963075037739657,-28.74116901408442,-13.341293178107234,3.3130774647887216
104188981,6.94927310505831,-28.737690140844975,-13.377415423796698,3.3129859154929466
104188982,6.936225965570475,-28.73448591549287,-13.227966371481484,3.2781056338028063
104188983,6.9223162052900555,-28.731007042253424,-13.294603827708613,3.327359154929567
104188984,6.909484721000364,-28.727711267605542,-13.232171647845332,3.3432887323943556
104188985,6.896329753913452,-28.724140845070337,-13.092966217442058,3.385401408450693
104188986,6.882851304029327,-28.72102816901399,-13.169308157585759,3.275084507042243
104188987,6.869588509343345,-28.71773239436611,-13.152379224531295,3.2990704225352006
104188988,6.85654136985551,-28.714345070422453,-13.19896074733084,3.316739436619707
104188989,6.843602057966745,-28.711140845070332,-12.870733535752553,3.196352112676046
104188990,6.830878401276127,-28.707936619718225,-13.34938024803771,3.320035211267595
104188991,6.817939089387366,-28.70482394366188,-13.337411384540605,3.3434718309859046
104188992,6.8047841223004575,-28.701436619718223,-13.32695210743052,3.351436619718299
104188993,6.792168293208913,-28.698323943661876,-13.270558273115329,3.3203098591549187
104188994,6.778689843324784,-28.694845070422446,-13.387659045708634,3.366450704225341
104188995,6.765319221039729,-28.69154929577455,-13.357467317968187,3.390528169014073
104188996,6.752811219547258,-28.688436619718217,-13.125206669564891,3.3151830985915387
104188997,6.739224942064059,-28.685049295774547,-13.055118730167425,3.2686760563380175
104188998,6.72617780257622,-28.68184507042244,-13.232495130642551,3.300992957746468
104188999,6.712483697493948,-28.67836619718301,-13.355849903982092,3.3559225352112567
104189000,6.69976004080333,-28.67507042253513,-13.188824953017978,3.3283661971830876
104189001,6.686173763320127,-28.671591549295684,-13.394344356851162,3.385859154929567
104189002,6.673018796233219,-28.668295774647802,-12.993441343497654,3.2949507042253416
104189003,6.65954034634909,-28.664908450704132,-13.313904967942685,3.3507957746478767
104189004,6.646169724064038,-28.661429577464702,-12.994411791889311,3.3398098591549186
104189005,6.633014756977126,-28.65813380281682,-13.286193274980917,3.365718309859144
104189006,6.620075445088364,-28.65474647887315,-12.960661753379455,3.328640845070412
104189007,6.6070283056005294,-28.651450704225255,-13.066009317673801,3.327267605633792
104189008,6.593765510914544,-28.647971830985824,-13.139547740241603,3.408288732394355
104189009,6.58104185422393,-28.64485915492949,-13.025466140422344,3.3447535211267496
104189010,6.5682103699342385,-28.641380281690047,-12.921412507316873,3.3129859154929466
104189011,6.555163230446404,-28.63817605633794,-12.945026751513868,3.295042253521116
104189012,6.541900435760422,-28.634697183098496,-12.824044185353932,3.307218309859144
104189013,6.52906895147073,-28.63149295774639,-12.614858643152264,3.224640845070412
104189014,6.516453122379186,-28.628197183098493,-12.701120722410685,3.2747183098591446
104189015,6.503513810490425,-28.624718309859063,-12.717079207073493,3.3063943661971726
104189016,6.490682326200737,-28.62160563380273,-12.915374161768785,3.268309859154919
104189017,6.477850841911046,-28.61821830985906,-12.772826075794246,3.2485352112675954
104189018,6.465342840418572,-28.615014084506953,-12.575070259094318,3.2014788732394264
104189019,6.453050494124248,-28.61171830985907,-12.408584446125568,3.200380281690131
104189020,6.440219009834561,-28.60851408450695,-12.594802709724682,3.2067887323943554
104189021,6.42781883594116,-28.605218309859055,-12.687210962130264,3.255492957746468
104189022,6.414879524052399,-28.601922535211187,-12.555122153265808,3.2110915492957646
104189023,6.402587177758072,-28.598626760563292,-12.50066921573393,3.203859154929567
104189024,6.389863521067454,-28.59542253521117,-12.295365467098891,3.1869225352112576
104189025,6.377355519574987,-28.59212676056329,-12.29816898467479,3.222535211267595
104189026,6.364416207686222,-28.588830985915408,-12.480936765103568,3.319485915492947
104189027,6.352231688990969,-28.585352112675963,-12.325772850037485,3.2986126760563272
104189028,6.339400204701281,-28.581964788732307,-12.339682610317904,3.27581690140844
104189029,6.326892203208811,-28.578760563380186,-12.350681025423354,3.2658380281690036
104189030,6.314599856914487,-28.575464788732305,-12.237246391198532,3.2409366197182994
104189031,6.301768372624796,-28.572077464788634,-12.289758431947094,3.2263802816901306
104189032,6.289691681528616,-28.568781690140753,-12.218915699356117,3.204591549295764
104189033,6.276968024837998,-28.56530281690131,-12.289434949149875,3.2707816901408346
104189034,6.264675678543675,-28.562190140844976,-12.314450952134816,3.2751760563380174
104189035,6.252059849452131,-28.558711267605545,-12.449235450976099,3.3301971830985804
104189036,6.239659675558734,-28.555507042253424,-12.47317317797031,3.317288732394356
104189037,6.227798639660701,-28.552302816901317,-12.253744013856704,3.2791126760563274
104189038,6.215506293366374,-28.54891549295766,-12.356827198570516,3.331387323943651
104189039,6.203537429869272,-28.545619718309766,-12.400281720996945,3.3740492957746366
104189040,6.191568566372165,-28.542507042253433,-12.274770395675944,3.2973309859154822
104189041,6.179707530474133,-28.539211267605538,-12.161120106252975,3.290647887323933
104189042,6.167523011778879,-28.535915492957656,-12.126938757346826,3.2476197183098483
104189043,6.155554148281773,-28.532619718309775,-12.095992236412869,3.2549436619718204
104189044,6.14326180198745,-28.529232394366105,-12.27822087884628,3.3113380281690032
104189045,6.131616421287561,-28.526028169013983,-12.18872397161567,3.30575352112675
104189046,6.120078868186749,-28.522823943661876,-11.959590323585491,3.234161971830975
104189047,6.107786521892425,-28.51943661971822,-12.073024957810313,3.3042887323943555
104189048,6.09624896879161,-28.5162323943661,-11.882277935050134,3.2502746478873132
104189049,6.084495760492651,-28.512936619718218,-12.105049754735003,3.3452112676056234
104189050,6.073281690189056,-28.509823943661885,-11.771862473599356,3.287809859154919
104189051,6.060989343894729,-28.50634507042244,-11.582085899230831,3.2497253521126654
104189052,6.049451790793917,-28.503140845070334,-11.72355570921464,3.284422535211257
104189053,6.037914237693101,-28.499753521126678,-11.56990138053558,3.30062676056337
104189054,6.0263766845922895,-28.496457746478782,-11.65368342501532,3.328640845070412
104189055,6.0148391314914775,-28.493161971830887,-11.72495746800259,3.342830985915482
104189056,6.002870267994371,-28.489683098591456,-11.882277935050134,3.4220211267605523
104189057,5.991548370091703,-28.48638732394356,-11.890041522183392,3.4070070422535097
104189058,5.979795161792744,-28.482999999999905,-11.831922446283029,3.42000704225351
104189059,5.968041953493781,-28.4794295774647,-11.760001437701321,3.418725352112665
104189060,5.956720055591113,-28.47622535211258,-11.655732149397707,3.3356901408450597
104189061,5.945182502490301,-28.472929577464697,-11.453231918338567,3.242035211267595
104189062,5.93407625978578,-28.46954225352104,-11.597613073497346,3.3235140845070315
104189063,5.922538706684968,-28.46615492957737,-11.536474824822943,3.288999999999989
104189064,5.9115402915795165,-28.462950704225264,-11.306802038797398,3.231507042253511
104189065,5.900218393676848,-28.459563380281594,-11.601494867063975,3.2914718309859046
104189066,5.8891121509723305,-28.456267605633712,-11.499382130741822,3.2700492957746374
104189067,5.8774667702724415,-28.452697183098508,-11.321790075068549,3.283781690140834
104189068,5.866468355166994,-28.449401408450612,-11.244046376136897,3.375239436619707
104189069,5.85568559525969,-28.446014084506956,-11.158215607274771,3.4048098591549185
104189070,5.844795007753316,-28.44290140845061,-11.215148579585328,3.3149999999999893
104189071,5.833688765048791,-28.439514084506953,-11.096861703402219,3.318112676056327
104189072,5.822798177542417,-28.436126760563297,-11.088558978273596,3.337521126760553
104189073,5.81223107283326,-28.432739436619627,-11.104625290535475,3.395014084507031
104189074,5.801663968124107,-28.429535211267506,-10.769497112616515,3.269042253521116
104189075,5.790449897820512,-28.42614788732385,-11.214609441589962,3.3477746478873134
104189076,5.779451482715061,-28.422577464788645,-10.932316787216783,3.418267605633792
104189077,5.76866872280776,-28.4190985915492,-10.668678307483237,3.3955633802816787
104189078,5.757346824905092,-28.415528169013996,-10.880343884463585,3.433739436619707
104189079,5.747103202993152,-28.412049295774565,-10.614872335545797,3.43419718309858
104189080,5.73556564989234,-28.408478873239346,-10.743726316438062,3.4460985915492848
104189081,5.724890717584113,-28.404999999999916,-10.683558516155314,3.415429577464778
104189082,5.714107957676809,-28.40152112676047,-10.547048775728864,3.3824718309859048
104189083,5.703433025368579,-28.397950704225266,-10.708682346739328,3.49013380281689
104189084,5.692434610263131,-28.394471830985836,-10.799796667956034,3.5096338028168903
104189085,5.681867505553974,-28.390901408450617,-10.779740734528453,3.504049295774637
104189086,5.6709769180476,-28.387330985915412,-10.884010022832067,3.5562323943661855
104189087,5.660086330541223,-28.38366901408442,-10.965204204934055,3.6019154929577346
104189088,5.649411398232996,-28.380007042253425,-10.78642604567098,3.572711267605622
104189089,5.638520810726618,-28.37643661971822,-10.921749682507627,3.6198591549295656
104189090,5.62752239562117,-28.37268309859145,-10.854573088285132,3.6116197183098473
104189091,5.61684746331294,-28.369112676056247,-10.944609133511106,3.6803732394366078
104189092,5.605849048207489,-28.365450704225267,-10.905575542646673,3.5909295774647774
104189093,5.595281943498335,-28.361605633802725,-10.923474924092796,3.6388098591549176
104189094,5.584822666388252,-28.35803521126752,-10.98924975952734,3.7556267605633677
104189095,5.574363389278169,-28.354373239436526,-10.74652983401396,3.618302816901397
104189096,5.5640119397671555,-28.350894366197096,-10.790523494435755,3.6524507042253402
104189097,5.553013524661708,-28.347140845070328,-11.131582190303732,3.6994154929577343
104189098,5.542554247551628,-28.3432957746478,-10.866002813786872,3.7217535211267485
104189099,5.532202798040615,-28.33972535211258,-10.727336521378962,3.726788732394354
104189100,5.521851348529609,-28.335971830985827,-10.692292551680229,3.6443943661971714
104189101,5.511823381815816,-28.332401408450608,-10.781250320915476,3.6962112676056216
104189102,5.500717139111295,-28.328464788732305,-11.079177977154242,3.8178802816901283
104189103,5.490796999996576,-28.324894366197086,-10.630830820208605,3.7227605633802696
104189104,5.480122067688342,-28.321049295774557,-10.612931438762482,3.775401408450692
104189105,5.469878445776409,-28.317295774647803,-10.375063755207389,3.7010633802816777
104189106,5.459203513468175,-28.313542253521035,-10.453993557728843,3.759471830985903
104189107,5.449499029551607,-28.309880281690056,-10.133637760882886,3.697492957746467
104189108,5.4382849592480085,-28.30576056338019,-10.28416508918883,3.6929154929577344
104189109,5.427825682137929,-28.302007042253436,-10.44773955698261,3.7371338028168894
104189110,5.417150749829698,-28.29807042253512,-10.492811493395132,3.848366197183086
104189111,5.406907127917762,-28.29440845070414,-10.725719107392868,3.881964788732382
104189112,5.396340023208602,-28.290380281690048,-10.662963444732366,3.960788732394353
104189113,5.385988573697595,-28.286260563380196,-10.557508052838948,4.017366197183085
104189114,5.3755292965875086,-28.282598591549203,-10.500251597731172,3.921971830985903
104189115,5.3646387090811345,-28.27857042253511,-10.713858071494835,3.9656408450704097
104189116,5.354071604371981,-28.274542253521034,-10.53475642943454,3.956302816901396
104189117,5.343504499662821,-28.270422535211168,-10.539069533397459,4.0109577464788595
104189118,5.3331530501518145,-28.26639436619709,-10.478362595119348,3.986239436619705
104189119,5.322262462645437,-28.26227464788724,-10.57680919307302,3.9441267605633676
104189120,5.312234495931648,-28.258429577464696,-10.347783372641914,3.827584507042241
104189121,5.301559563623414,-28.254309859154844,-10.502192494514485,3.967380281690128
104189122,5.2909924589142605,-28.250281690140753,-10.50305511530707,3.9939295774647756
104189123,5.280425354205104,-28.2461619718309,-10.307563678187675,4.007387323943649
104189124,5.26996607709502,-28.24213380281681,-10.464776317636145,4.042633802816889
104189125,5.259506799984933,-28.23783098591541,-10.64711278766863,4.17721126760562
104189126,5.2488318676767065,-28.233802816901317,-10.688410758113601,4.099485915492944
104189127,5.2380491077694025,-28.229774647887226,-10.695096069256127,4.099028169014071
104189128,5.227266347862102,-28.225471830985825,-10.794836598398676,4.1518521126760435
104189129,5.216807070752015,-28.221443661971747,-10.340774578702169,4.02377464788731
104189130,5.206779104038226,-28.21750704225343,-10.326756990822673,4.056915492957733
104189131,5.196211999329069,-28.213204225352015,-10.391561377865562,4.092985915492944
104189132,5.18618403261528,-28.209084507042164,-10.285135537580487,4.051514084507029
104189133,5.176048238302414,-28.204873239436537,-10.180219283682433,4.100859154929564
104189134,5.1652654783951135,-28.200661971830897,-10.275538881262989,4.1139507042253385
104189135,5.155237511681321,-28.19645070422527,-10.187982870815691,4.171535211267592
104189136,5.144993889769381,-28.192147887323856,-10.148841452352183,4.122281690140832
104189137,5.1346424402583715,-28.187936619718215,-10.00650902157579,4.1062605633802685
104189138,5.124506645945509,-28.183633802816814,-10.117247965823786,4.214563380281676
104189139,5.113292575641914,-28.17914788732385,-10.625008129858662,4.300253521126747
104189140,5.103372436527195,-28.175028169013984,-10.543274809761309,4.240014084507028
104189141,5.092913159417112,-28.170542253521035,-10.34088240630124,4.26308450704224
104189142,5.082885192703319,-28.16633098591541,-10.559233294424116,4.302267605633789
104189143,5.072749398390457,-28.161845070422444,-10.349616441826155,4.249718309859142
104189144,5.062397948879447,-28.157450704225255,-10.482567871483194,4.294119718309846
104189145,5.05183084417029,-28.15287323943653,-10.615087990743943,4.422746478873225
104189146,5.041048084262986,-28.14847887323934,-10.577348331068384,4.378436619718296
104189147,5.030588807152906,-28.14399295774639,-10.658865995967592,4.518507042253506
104189148,5.020021702443746,-28.13932394366188,-10.621665474287397,4.56840140845069
104189149,5.009454597734592,-28.13465492957738,-10.544892223747405,4.54340845070421
104189150,4.999210975822653,-28.130169014084416,-10.585543228597933,4.620309859154914
104189151,4.988104733118131,-28.125499999999903,-10.824920498540049,4.646218309859139
104189152,4.977429800809901,-28.12092253521118,-10.606138300020882,4.7030704225351965
104189153,4.96632355810538,-28.11616197183089,-10.720327727439216,4.691809859154914
104189154,4.955648625797153,-28.111401408450604,-10.388110894695226,4.661690140845055
104189155,4.945405003885213,-28.10682394366188,-10.433075003508677,4.623697183098576
104189156,4.934622243977913,-28.10215492957738,-10.35975223613902,4.544049295774633
104189157,4.924055139268756,-28.097485915492868,-10.417332174044015,4.557049295774633
104189158,4.914135000154037,-28.092999999999904,-10.012331711925732,4.507887323943647
104189159,4.903352240246733,-28.088056338028082,-10.027427575795956,4.660683098591535
104189160,4.8931086183347965,-28.083478873239343,-10.045650440039298,4.634957746478858
104189161,4.88286499642286,-28.078626760563296,-10.069911649830729,4.623239436619704
104189162,4.872944857308141,-28.073957746478783,-9.912806837981332,4.651802816901394
104189163,4.862269924999911,-28.069288732394284,-9.77618926995581,4.581950704225338
104189164,4.851918475488901,-28.064436619718222,-9.610889560576862,4.57865492957745
104189165,4.841674853576965,-28.059676056337935,-10.049424406006855,4.7961760563380125
104189166,4.831539059264099,-28.05491549295766,-9.898573594903693,4.7016971830985765
104189167,4.821834575347527,-28.05024647887315,-9.867195763573442,4.762302816901393
104189168,4.811806608633738,-28.04557746478865,-10.0824196513232,4.7385915492957595
104189169,4.80231777991531,-28.04099999999991,-9.943861186514363,4.725774647887309
104189170,4.792721123597811,-28.03614788732385,-9.626093252046159,4.731633802816886
104189171,4.782585329284949,-28.031204225352027,-9.859540004039259,4.794894366197167
104189172,4.7730965005665205,-28.026535211267515,-9.510502065839876,4.702521126760549
104189173,4.763392016649949,-28.02177464788724,-9.63903256393492,4.762943661971816
104189174,4.753579705134303,-28.017014084506954,-9.79333385820842,4.739873239436604
104189175,4.743767393618658,-28.012253521126667,-9.800019169350946,4.704809859154914
104189176,4.733631599305792,-28.00721830985907,-9.783521546692773,4.903929577464773
104189177,4.723603632591999,-28.002274647887234,-10.06354982148542,4.937985915492941
104189178,4.714006976274501,-27.997422535211186,-9.844228484970888,4.952450704225336
104189179,4.704302492357932,-27.992753521126673,-9.684751465941883,4.890471830985899
104189180,4.694705836040431,-27.987809859154837,-9.6511092550311,4.865570422535195
104189181,4.684893524524785,-27.98295774647879,-9.974699879849249,4.882507042253505
104189182,4.67497338541007,-27.977830985915404,-9.830965690284906,4.932218309859139
104189183,4.665376729092568,-27.972887323943567,-9.882615110240884,5.007014084507026
104189184,4.655240934779702,-27.967852112675956,-10.103661688340585,5.063957746478857
104189185,4.645320795664983,-27.96281690140836,-9.888976938586193,5.0059154929577305
104189186,4.635292828951194,-27.957781690140763,-10.01039081514242,4.941830985915477
104189187,4.625696172633695,-27.952838028168927,-9.81543851601839,4.9411901408450545
104189188,4.615344723122682,-27.947802816901316,-10.149919728342914,5.005732394366181
104189189,4.605963722003331,-27.943133802816803,-9.871508867536363,4.943295774647871
104189190,4.595935755289542,-27.93800704225343,-9.879380282268693,4.962246478873223
104189191,4.586554754170187,-27.933063380281595,-9.72055022883413,4.987514084507026
104189192,4.576526787456395,-27.92793661971821,-9.805410549304598,5.037591549295758
104189193,4.567361441535187,-27.923084507042162,-9.741900093450587,4.972499999999984
104189194,4.557980440415836,-27.918232394366115,-9.747183645805165,5.001978873239421
104189195,4.548275956499264,-27.913288732394278,-9.758613371306906,5.025598591549279
104189196,4.538894955379909,-27.908345070422442,-9.95086998045411,5.082908450704209
104189197,4.529406126661485,-27.90340140845062,-9.949683876864306,5.022119718309843
104189198,4.519917297943056,-27.89836619718301,-9.579727384444759,4.95290845070421
104189199,4.510751952021849,-27.893605633802736,-9.439120195253533,4.891112676056323
104189200,4.501694433699715,-27.888570422535125,-9.215917065172372,4.893767605633787
104189201,4.49220560498129,-27.883718309859077,-9.429307883737888,4.895140845070406
104189202,4.483040259060083,-27.87877464788724,-9.429523538936033,4.952999999999983
104189203,4.4736592579407315,-27.873830985915404,-9.252147138460908,4.900633802816886
104189204,4.464493912019524,-27.868978873239342,-9.062801874488676,4.969936619718294
104189205,4.4555442212964635,-27.864126760563295,-8.816415810606815,4.870239436619703
104189206,4.446271047776182,-27.85918309859146,-8.871731368931275,4.938535211267589
104189207,4.437644839850339,-27.85442253521117,-8.681846966963679,4.92809859154928
104189208,4.428371666330058,-27.849387323943574,-8.960042172572082,5.011866197183083
104189209,4.419637630805145,-27.844535211267512,-8.882406301239506,4.946683098591533
104189210,4.410687940082084,-27.839683098591465,-9.045549458636993,4.94503521126759
104189211,4.401953904557168,-27.83473943661963,-9.069595013230277,4.98659859154928
104189212,4.39278855863596,-27.829795774647792,-9.055793080548929,4.950802816901392
104189213,4.3843780059082675,-27.824943661971744,-8.815445362215156,4.931485915492941
104189214,4.375536142784277,-27.819999999999908,-9.221308445126022,5.057640845070407
104189215,4.3670177624575075,-27.815056338028086,-9.127174951135272,5.057823943661955
104189216,4.35774458893723,-27.8099295774647,-9.207829995241894,5.0656971830985755
104189217,4.349010553412313,-27.804894366197104,-9.18346095785139,5.125936619718293
104189218,4.339845207491106,-27.79976760563372,-9.221416272725095,5.105246478873223
104189219,4.331326827164336,-27.794823943661882,-8.914107615366973,4.988063380281674
104189220,4.32291627443664,-27.78978873239427,-8.752042733960218,5.003809859154913
104189221,4.31439789410987,-27.78484507042245,-8.592134404534923,4.925718309859139
104189222,4.306095168981251,-27.779901408450613,-8.438372248256787,4.981014084507025
104189223,4.297361133456334,-27.77477464788724,-8.440097489841957,4.981014084507025
104189224,4.288411442733274,-27.76955633802808,-8.511263705230153,5.037316901408435
104189225,4.279893062406504,-27.764612676056245,-8.716136143468901,5.075767605633787
104189226,4.271374682079735,-27.75957746478865,-8.674299035028568,4.974422535211252
104189227,4.2627484741538915,-27.754450704225263,-8.78385187568676,5.077232394366181
104189228,4.254661404223416,-27.749415492957652,-8.613268613953235,5.046197183098576
104189229,4.245819541099429,-27.744014084506958,-8.680553035774803,5.134999999999984
104189230,4.23762464356988,-27.73907042253512,-8.390065483872073,5.075859154929561
104189231,4.229429746040328,-27.733943661971736,-8.343376133473454,5.077781690140829
104189232,4.221127020911705,-27.728816901408365,-8.36785299846303,5.215380281690123
104189233,4.212716468184009,-27.72359859154922,-8.417777176833841,5.29942253521125
104189234,4.2047372258526075,-27.718471830985834,-8.24665477710495,5.146718309859138
104189235,4.1966501559221285,-27.713528169013998,-8.442901007417854,5.135366197183082
104189236,4.188670913590723,-27.708401408450626,-8.235117224004135,5.088218309859139
104189237,4.180476016061174,-27.70327464788724,-8.205895944655346,5.038598591549279
104189238,4.172388946130695,-27.69823943661963,-8.146375109967037,4.979457746478857
104189239,4.164625358997441,-27.693204225352034,-7.946247086087502,4.867492957746463
104189240,4.156214806269745,-27.687802816901325,-8.143895075188357,5.137838028168997
104189241,4.148019908740196,-27.682767605633714,-8.27091598689638,5.175647887323927
104189242,4.140687632003228,-27.677732394366103,-7.5840541808012105,5.09435211267604
104189243,4.133031872469044,-27.672697183098506,-7.582652422013261,4.958035211267589
104189244,4.125160457736712,-27.667753521126684,-7.758411408502293,4.980007042253505
104189245,4.116642077409942,-27.662352112675975,-8.267249848527898,5.271957746478856
104189246,4.1088784902766875,-27.65704225352104,-8.184006942043522,5.292190140845053
104189247,4.101330558341573,-27.65182394366188,-8.059034754717887,5.260147887323926
104189248,4.093351316010171,-27.646788732394285,-8.2152769457747,5.212999999999983
104189249,4.085479901277843,-27.6416619718309,-8.051918133179067,5.129964788732377
104189250,4.078255452139949,-27.63644366197174,-7.921446738300706,5.161091549295758
104189251,4.070491865006691,-27.63140845070413,-8.144110730386503,5.115499999999984
104189252,4.062836105472503,-27.626281690140758,-7.77404641036788,5.09435211267604
104189253,4.054964690740174,-27.621154929577372,-7.669453639267046,5.084281690140829
104189254,4.0468776208096955,-27.615845070422438,-7.803375517315744,5.160633802816885
104189255,4.03879055087922,-27.610535211267518,-7.822784485148889,5.234147887323926
104189256,4.031458274142256,-27.605316901408358,-7.486254548441978,5.236253521126743
104189257,4.023586859409924,-27.600281690140747,-7.325267943025951,5.181781690140828
104189258,4.015823272276666,-27.594971830985827,-7.462748131844058,5.172626760563364
104189259,4.008383167940625,-27.58993661971823,-7.48345103086608,5.000147887323927
104189260,3.999864787613859,-27.58435211267596,-7.734258026309935,5.100943661971814
104189261,3.9926403384759652,-27.579408450704136,-7.590631664344666,5.069450704225336
104189262,3.9841219581491956,-27.57400704225344,-7.824186243936838,5.188830985915476
104189263,3.9763583710159374,-27.56878873239428,-7.777604721137291,5.2314014084506875
104189264,3.96881043908083,-27.563570422535122,-7.593219526722418,5.127126760563363
104189265,3.961370334744789,-27.558260563380188,-7.401286400372435,5.1331690140844906
104189266,3.9532832648143135,-27.552950704225267,-7.510192275436189,5.146260563380265
104189267,3.9463822984736368,-27.54800704225343,-7.193826099755934,5.018457746478857
104189268,3.9385108837413085,-27.54278873239427,-7.4704038913782425,5.1878239436619555
104189269,3.9312864346034146,-27.537570422535126,-7.471589994968047,5.082908450704209
104189270,3.923954157866447,-27.532535211267515,-7.3141617003214305,5.148915492957729
104189271,3.9166218811294833,-27.527408450704144,-7.411745677482518,5.175556338028152
104189272,3.9097209147888066,-27.52228169014076,-7.090742915042122,5.030908450704209
104189273,3.9022808104527726,-27.517154929577387,-7.4504557855497335,5.113302816901392
104189274,3.8952720165130224,-27.512119718309776,-7.412716125874175,5.083274647887308
104189275,3.887831912176985,-27.50699295774639,-7.510839241030627,5.143514084507025
104189276,3.880823118237238,-27.501957746478794,-7.265315797941349,5.013330985915476
104189277,3.8734908415002707,-27.49664788732386,-6.912072583378119,5.0238591549295615
104189278,3.8664820475605275,-27.49161267605625,-6.623418100659632,4.916746478873224
104189279,3.8601202192152186,-27.486669014084427,-6.545243091331688,4.875183098591534
104189280,3.852787942478251,-27.48154225352104,-6.3361653767290935,4.900908450704209
104189281,3.8466417693310895,-27.476781690140754,-6.448953045359477,4.947323943661956
104189282,3.83984863058949,-27.471746478873158,-6.637866998935417,5.023218309859138
104189283,3.8331633194469603,-27.466619718309772,-7.011381802124376,5.0494929577464625
104189284,3.8261545255072136,-27.46158450704216,-7.145195852574,5.020380281690124
104189285,3.8194692143646876,-27.456732394366114,-7.028310735178841,5.046197183098576
104189286,3.8123525928258672,-27.45142253521118,-7.421665816597236,5.229112676056321
104189287,3.805775109282415,-27.446478873239357,-7.181749408659755,5.146809859154913
104189288,3.798658487743591,-27.441260563380197,-7.127835609123243,5.203112676056321
104189289,3.7920810042001385,-27.43649999999991,-6.995962455456932,5.132528169014068
104189290,3.7851800378594653,-27.431281690140764,-6.7425675976353245,5.22416901408449
104189291,3.7786025543160093,-27.426246478873153,-6.71172890430044,5.091971830985899
104189292,3.771485932777189,-27.421119718309768,-6.673665761827662,5.010126760563364
104189293,3.7652319320309573,-27.41626760563372,-6.205154843855368,4.859528169014069
104189294,3.758330965690284,-27.411140845070335,-6.193401635556409,4.9119859154929415
104189295,3.7516456545477546,-27.405922535211175,-6.537479504198431,5.075584507042237
104189296,3.7447446882070814,-27.400795774647804,-6.297023958265585,5.051323943661956
104189297,3.7383828598617725,-27.39566901408442,-6.264567850944604,5.111563380281674
104189298,3.7321288591155373,-27.390633802816822,-6.239336192761517,5.107992957746462
104189299,3.7259826859683756,-27.385690140844986,-6.368298001252855,5.172626760563364
104189300,3.719189547226776,-27.380288732394277,-6.385766072302684,5.266556338028152
104189301,3.712827718881467,-27.37507042253513,-6.316217270900584,5.284957746478856
104189302,3.7063580629370847,-27.36985211267597,-6.1956660151369425,5.092612676056322
104189303,3.7002118897899194,-27.364725352112586,-6.119216247394167,5.176654929577448
104189304,3.693957889043684,-27.359781690140764,-6.000174578017548,5.042443661971815
104189305,3.687703888297449,-27.354380281690055,-5.787215069848323,4.982478873239421
104189306,3.6816655427493608,-27.34907042253512,-6.036404651306084,5.091880281690124
104189307,3.6757350248003426,-27.34403521126751,-6.097435072381416,5.0660633802816735
104189308,3.6692653688559638,-27.33872535211259,-6.1766883577000895,5.117239436619702
104189309,3.663550506105093,-27.333598591549205,-5.976668161419628,5.046197183098576
104189310,3.6581591261514426,-27.328654929577382,-5.939683294937581,5.014338028168998
104189311,3.6517972978061337,-27.323436619718223,-5.929439673025643,5.126211267605617
104189312,3.6460824350552627,-27.3184929577464,-5.787430725046469,5.103873239436603
104189313,3.6411223654979032,-27.313549295774564,-5.220365381521431,5.001612676056322
104189314,3.6351918475488887,-27.308330985915404,-5.318596324276957,4.93066197183097
104189315,3.6301239503924556,-27.303387323943568,-5.28592456175783,4.926267605633787
104189316,3.623977777245294,-27.29835211267597,-5.616739635713871,4.96966197183097
104189317,3.618909880088861,-27.293225352112586,-5.501256277106661,5.066704225352096
104189318,3.6136263277342806,-27.288098591549215,-5.357306432344172,5.039880281690125
104189319,3.6082349477806304,-27.283063380281604,-5.377901503767121,5.015711267605618
104189320,3.603167050624201,-27.278119718309767,-5.238588245764772,5.0431760563380115
104189321,3.5975600154724034,-27.272809859154847,-5.236431693783312,5.098929577464772
104189322,3.592384290716897,-27.26786619718301,-5.2086121732224715,5.0800704225351945
104189323,3.586669427966026,-27.262739436619626,-5.234706452198143,5.095359154929561
104189324,3.5816015308095928,-27.25770422535203,-5.23104031382966,5.140584507042237
104189325,3.576317978455016,-27.25248591549287,-5.097441918578182,5.087028169014068
104189326,3.5707109433032187,-27.247176056337935,-5.1908206193754225,5.09023239436618
104189327,3.5651039081514213,-27.241866197183,-5.105960298904951,5.037316901408435
104189328,3.5602516661931354,-27.236830985915404,-4.732661150914139,5.017084507042237
104189329,3.554644631041338,-27.231612676056244,-4.894833859919968,4.993190140845054
104189330,3.5490375958895406,-27.2263943661971,-5.070700674008072,5.050225352112659
104189331,3.5439696987331075,-27.221359154929488,-4.99468221666159,4.984767605633786
104189332,3.53836266358131,-27.215957746478793,-5.246244005298958,5.132711267605617
104189333,3.533294766424877,-27.210830985915408,-5.288081113739291,5.161457746478856
104189334,3.528119041669374,-27.205704225352022,-5.193084998955956,5.094901408450688
104189335,3.523374627310158,-27.200577464788637,-5.257134592805333,5.185992957746462
104189336,3.517767592158364,-27.195176056337942,-5.304039598402098,5.235429577464772
104189337,3.5129153502000783,-27.189866197183022,-4.827118127702109,5.229021126760546
104189338,3.5076317978455016,-27.18483098591541,-5.025089599600182,5.17848591549294
104189339,3.5026717282881386,-27.1797957746478,-4.877042306072919,5.099204225352096
104189340,3.497388175933562,-27.17439436619709,-4.901411343463423,5.186176056338011
104189341,3.492535933975276,-27.168992957746397,-4.955972108594374,5.244584507042236
104189342,3.487468036818843,-27.16386619718301,-4.879522340851599,5.24366901408449
104189343,3.4827236224596305,-27.158556338028077,-4.612325550348643,5.234971830985899
104189344,3.478087035699488,-27.153429577464706,-4.828088576093767,5.28898591549294
104189345,3.472372172948617,-27.148028169013998,-5.035009738714901,5.236070422535194
104189346,3.467519930990335,-27.142901408450612,-4.964706144119289,5.155873239436603
104189347,3.4625598614329753,-27.137683098591467,-4.944865865889851,5.09828873239435
104189348,3.457276309078395,-27.132373239436532,-5.037489773493581,5.114309859154913
104189349,3.452100584322892,-27.127063380281598,-5.064123190464618,5.233598591549279
104189350,3.4471405147655325,-27.121936619718227,-5.063584052469253,5.067528169014068
104189351,3.4427195832035373,-27.11680985915484,-4.768891224202676,5.029260563380265
104189352,3.4374360308489607,-27.11159154929568,-4.93656314076123,4.971126760563364
104189353,3.433446409683256,-27.106464788732296,-4.713360010680067,5.110007042253504
104189354,3.4279472021305324,-27.1010633802816,-4.98756559512277,5.188464788732378
104189355,3.4230949601722465,-27.096028169014005,-4.917046345329012,5.146077464788715
104189356,3.4181348906148905,-27.09090140845062,-5.033284497129732,5.142507042253504
104189357,3.413066993458454,-27.085774647887234,-5.002984941790213,5.15779577464787
104189358,3.407783441103877,-27.080464788732314,-5.349327190012769,5.224443661971814
104189359,3.403039026744665,-27.075246478873154,-5.133348509069499,5.223985915492941
104189360,3.3977554743900846,-27.07011971830977,-5.225972416673229,5.210070422535194
104189361,3.3932267152290194,-27.065084507042172,-5.150708752520257,5.155049295774631
104189362,3.3883744732707335,-27.059866197183013,-4.9294465192224095,5.056450704225336
104189363,3.3833065761143004,-27.054464788732318,-5.229746382640784,5.2018309859154765
104189364,3.3781308513587973,-27.049338028168933,-5.060780534893354,5.035760563380265
104189365,3.3729551266032907,-27.044211267605547,-5.075768571164504,5.062492957746462
104189366,3.3678872294468576,-27.038992957746387,-5.184135308232895,5.045830985915476
104189367,3.363250642686719,-27.03395774647879,-5.2770826986338415,5.08922535211266
104189368,3.3581827455302893,-27.028830985915405,-5.290992458914262,5.116690140845054
104189369,3.353546158770147,-27.023795774647795,-5.083424330698689,4.983669014084491
104189370,3.3482626064155667,-27.018852112675972,-4.979694180390439,4.896147887323928
104189371,3.343410364457281,-27.013908450704136,-4.95262945302311,4.929105633802801
104189372,3.3386659500980684,-27.0089647887323,-4.926858656844657,4.976253521126744
104189373,3.3333823977434918,-27.004021126760478,-4.974410628035861,4.995112676056322
104189374,3.3287458109833494,-26.99907746478864,-4.927829105236314,4.96691549295773
104189375,3.3235700862278463,-26.994042253521044,-4.7208001150161065,4.983485915492941
104189376,3.318286533873266,-26.98891549295766,-4.798004675952392,5.043359154929561
104189377,3.3134342919149837,-26.983971830985823,-4.845125336747304,5.0493098591549135
104189378,3.3084742223576207,-26.978936619718226,-4.896990411901429,5.112295774647871
104189379,3.3036219803993347,-26.97417605633794,-5.0286479103695925,5.052147887323927
104189380,3.2985540832429017,-26.969140845070342,-4.722094046204982,5.032647887323927
104189381,3.293270530888325,-26.964197183098506,-4.932357864397381,4.928007042253506
104189382,3.288418288930039,-26.959345070422458,-4.977321973210833,4.853485915492942
104189383,3.283673874570823,-26.95458450704217,-4.8263633345085974,4.906401408450688
104189384,3.2786059774143936,-26.94954929577456,-4.888040721178368,4.935697183098576
104189385,3.2735380802579606,-26.94442253521119,-5.091834883426385,4.97890845070421
104189386,3.268578010700601,-26.939570422535127,-5.091511400629166,4.8417676056337875
104189387,3.2635101135441715,-26.934626760563305,-4.871650926119268,4.7959929577464635
104189388,3.258334388788665,-26.92949999999992,-4.62504920703926,4.89678873239435
104189389,3.253482146830379,-26.924647887323857,-4.526171298689296,4.952176056338012
104189390,3.248629904872093,-26.91979577464781,-4.587417374962774,4.946591549295758
104189391,3.243777662913807,-26.914852112675973,-4.577605063447129,4.905119718309844
104189392,3.239033248554591,-26.90999999999991,-4.77654698373686,4.912718309859139
104189393,3.233857523799088,-26.905147887323864,-4.701391147182962,4.927640845070406
104189394,3.2287896266426586,-26.900204225352027,-4.895049515118115,4.953640845070407
104189395,3.2233982466890048,-26.895077464788656,-5.166559409583991,4.884978873239421
104189396,3.218006866735351,-26.890042253521045,-5.267809525113562,4.923612676056322
104189397,3.2131546247770686,-26.885190140844983,-5.013444218900296,4.83471830985914
104189398,3.2080867276206355,-26.88033802816892,-5.042557670650013,4.880401408450688
104189399,3.2025875200679117,-26.87521126760555,-5.113831713637283,4.975429577464772
104189400,3.197196140114258,-26.869992957746405,-5.225972416673229,4.983852112676041
104189401,3.1919125877596812,-26.865049295774554,-5.31406756511589,4.941281690140829
104189402,3.187168173400469,-26.860105633802732,-4.904322688638395,4.851014084507026
104189403,3.1815611382486715,-26.855070422535135,-5.168715961565452,4.901549295774632
104189404,3.1764932410922384,-26.85021830985906,-4.958236488174908,4.856049295774632
104189405,3.1716409991339525,-26.84536619718301,-4.613403826339373,4.857239436619702
104189406,3.166357446779376,-26.8403309859154,-4.750452704761188,5.042901408450688
104189407,3.1612895496229427,-26.83538732394358,-4.758000636696299,4.978176056338012
104189408,3.1565451352637304,-26.830443661971742,-4.978400249201563,4.908964788732378
104189409,3.1514772381072973,-26.825591549295694,-4.881139754837695,4.973049295774632
104189410,3.1466249961490114,-26.820556338028084,-4.908096654605951,4.990260563380265
104189411,3.1414492713935047,-26.81579577464781,-4.843292267563062,4.971492957746462
104189412,3.136812684633366,-26.810852112675974,-4.769861672594332,4.969845070422519
104189413,3.1323917530713707,-26.80618309859146,-4.7446300144112445,4.817873239436604
104189414,3.1272160283158676,-26.801422535211188,-4.8317547144622495,4.863007042253505
104189415,3.1227950967538725,-26.796570422535126,-4.61081596396162,4.740605633802802
104189416,3.118374165191881,-26.79162676056329,-4.439154426237365,4.69290845070421
104189417,3.1134140956345178,-26.786683098591467,-4.5658518551481695,4.762302816901393
104189418,3.108454026077162,-26.781830985915406,-4.451231117333544,4.806704225352097
104189419,3.1040330945151666,-26.776978873239358,-4.201071087484126,4.737676056338013
104189420,3.099504335354098,-26.77221830985907,-4.517329435565308,4.92278873239435
104189421,3.094544265796742,-26.76718309859146,-4.820540644158655,4.8330704225351955
104189422,3.089799851437526,-26.762330985915412,-4.752609256742648,4.788577464788717
104189423,3.0855945750736815,-26.757570422535125,-4.576958097852691,4.834077464788717
104189424,3.080742333115392,-26.7529929577464,-4.708831251519,4.745549295774633
104189425,3.076213573954327,-26.748049295774564,-4.674542075013779,4.8352676056337875
104189426,3.071900469991405,-26.743105633802728,-4.585907788575752,4.8814084507042095
104189427,3.067156055632193,-26.73816197183089,-4.538355817384548,4.878021126760547
104189428,3.0628429516692712,-26.733401408450618,-4.296067202267461,4.697028169014069
104189429,3.0582063649091324,-26.728366197183007,-4.285392269959232,4.941464788732379
104189430,3.0536776057480637,-26.723422535211185,-4.232448918814376,4.845521126760548
104189431,3.049041018987925,-26.718570422535123,-4.631626690582714,4.966091549295759
104189432,3.043973121831492,-26.713535211267512,-4.62504920703926,4.9386267605633645
104189433,3.039767845467644,-26.708499999999916,-4.594965306897886,5.071281690140829
104189434,3.0348077759102843,-26.70346478873232,-4.7181044250392805,5.113943661971814
104189435,3.030386844348289,-26.698429577464708,-4.662788866714818,5.107809859154913
104189436,3.0257502575881503,-26.693302816901323,-4.982821180763557,5.087760563380265
104189437,3.0206823604317172,-26.688176056337937,-4.953599901414767,5.1446126760563216
104189438,3.0160457736715784,-26.683049295774552,-4.897421722297722,5.080802816901392
104189439,3.010977876515149,-26.677647887323857,-4.934298761180696,5.181781690140828
104189440,3.006017806957786,-26.672154929577374,-4.859897717820308,5.152119718309843
104189441,3.0010577374004264,-26.666845070422454,-4.8018864695190215,5.1195281690140675
104189442,2.996205495442144,-26.661443661971745,-4.842429646770478,5.3446478873239265
104189443,2.991245425884781,-26.655859154929487,-4.730288943734532,5.2898098591549125
104189444,2.986285356327425,-26.650183098591455,-4.853643717074073,5.408091549295757
104189445,2.9810018039728448,-26.644690140844986,-5.0892470210486325,5.388316901408433
104189446,2.976365217212706,-26.63910563380273,-4.801455159122729,5.423838028168996
104189447,2.970973837259052,-26.633521126760485,-4.853535889475,5.48911267605632
104189448,2.9660137677016962,-26.627753521126678,-4.808463953062476,5.602816901408432
104189449,2.960730215347116,-26.62216901408442,-5.045253360626838,5.570866197183081
104189450,2.956093628586977,-26.616676056337937,-4.918987242112326,5.4821549295774465
104189451,2.9509179038314706,-26.61081690140837,-5.13302502627228,5.576633802816883
104189452,2.945742179075964,-26.60495774647879,-5.220473209120504,5.641908450704207
104189453,2.940889937117678,-26.599281690140756,-4.895912135910699,5.637330985915475
104189454,2.936145522758469,-26.593514084506964,-4.729534150541021,5.616091549295756
104189455,2.9314011083992533,-26.587746478873157,-4.2611310601678,5.4693380281689965
104189456,2.9265488664409673,-26.58197887323935,-4.529298299062414,5.598239436619701
104189457,2.922127934878972,-26.57630281690132,-4.505791882464494,5.611788732394348
104189458,2.9170600377225426,-26.570352112675963,-4.604238480418166,5.622499999999982
104189459,2.912531278561474,-26.564676056337944,-4.522612987919887,5.683014084507024
104189460,2.9075712090041144,-26.558816901408363,-4.492205604981293,5.925436619718291
104189461,2.9027189670458284,-26.55268309859146,-4.501263123303427,5.999957746478854
104189462,2.8976510698893954,-26.54664084507033,-4.64747734764645,5.99711971830984
104189463,2.8930144831292566,-26.540598591549212,-4.7567067055074235,6.060288732394347
104189464,2.888377896369118,-26.534556338028096,-4.730181116135459,6.0408802816901215
104189465,2.883633482009902,-26.5286971830985,-4.7412873588399815,5.904105633802798
104189466,2.8785655848534724,-26.52238028169006,-5.047733395405518,6.112471830985896
104189467,2.874144653291477,-26.516246478873157,-4.994143078666225,6.135908450704205
104189468,2.8692924113331912,-26.510204225352027,-5.101755022541104,6.11393661971829
104189469,2.865087134969343,-26.504070422535136,-4.7684599138063835,6.159528169014064
104189470,2.860342720610131,-26.497753521126683,-4.853428061875928,6.213542253521107
104189471,2.8553826510527713,-26.491345070422454,-4.939258830738055,6.278084507042233
104189472,2.8510695470898497,-26.48521126760555,-4.53274878223275,6.291908450704205
104189473,2.846217305131564,-26.47898591549287,-4.519701642744915,6.3515985915492745
104189474,2.8421198563667893,-26.472577464788642,-4.6756203510045085,6.492676056338007
104189475,2.8370519592103562,-26.46607746478864,-4.858495959032359,6.47876056338026
104189476,2.8327388552474346,-26.45957746478865,-4.759725878281468,6.451204225352092
104189477,2.82853357888359,-26.453352112675972,-4.6734637990230485,6.3135140845070215
104189478,2.8234656817271535,-26.44685211267597,-4.7847418812664095,6.553556338028147
104189479,2.8189369225660883,-26.440077464788644,-4.688775318091418,6.60244366197181
104189480,2.814300335805946,-26.433302816901318,-4.711526941495825,6.612697183098571
104189481,2.809555921446737,-26.426711267605555,-4.560999613189884,6.623408450704203
104189482,2.8050271622856684,-26.41975352112668,-4.5067623308561515,6.661309859154907
104189483,2.8003905755255296,-26.41334507042245,-4.625911827831844,6.694176056338007
104189484,2.7956461611663173,-26.406295774647802,-4.71454611426987,6.7980845070422316
104189485,2.791009574406175,-26.39952112676049,-4.4965187089442145,6.8075140845070194
104189486,2.7864808152451097,-26.392654929577375,-4.516790297569943,6.873429577464767
104189487,2.7818442284849674,-26.38588028169005,-4.747541359586216,6.889267605633781
104189488,2.777099814125755,-26.37910563380273,-4.707106009933832,6.788105633802795
104189489,2.772139744568399,-26.37242253521118,-4.873699650501656,6.728781690140822
104189490,2.7679344682045475,-26.365556338028085,-4.526171298689296,6.779957746478851
104189491,2.7628665710481144,-26.358690140844985,-4.700852009187597,6.7591760563380054
104189492,2.758122156688902,-26.351732394366117,-4.988104733118135,6.738760563380261
104189493,2.753593397527837,-26.344866197183016,-4.841135715581602,6.726676056338007
104189494,2.7486333279704773,-26.33790845070414,-4.778487880520175,6.704246478873218
104189495,2.744320224007552,-26.330950704225273,-4.681335213755379,6.8724225352112445
104189496,2.739144499252049,-26.32399295774639,-4.677884730585042,6.927352112676034
104189497,2.7344000848928367,-26.317035211267523,-4.605316756408897,6.838366197183076
104189498,2.7297634981326944,-26.310169014084423,-4.526494781486515,6.8566760563380065
104189499,2.7248034285753384,-26.303211267605548,-4.702792905970911,6.949690140845047
104189500,2.720166841815196,-26.296345070422447,-4.745276980005682,6.8584154929577235
104189501,2.7157459102532044,-26.28920422535203,-4.5923774445201335,6.829485915492936
104189502,2.7107858406958414,-26.282154929577388,-4.698264146809844,7.003154929577441
104189503,2.705933598737559,-26.27510563380274,-4.4332239082883484,7.025676056338006
104189504,2.7012970119774167,-26.268239436619638,-4.671846385036953,6.940169014084485
104189505,2.6967682528163515,-26.261190140844988,-4.747433531987143,6.938429577464766
104189506,2.6919160108580655,-26.25377464788724,-4.797896848353319,7.084908450704202
104189507,2.6873872516970003,-26.246542253521042,-4.813100539822616,7.001781690140822
104189508,2.6831819753331487,-26.239584507042167,-4.687265731704396,7.032908450704203
104189509,2.6780062505776456,-26.232352112675976,-4.836714784019608,7.070260563380259
104189510,2.673154008619356,-26.225028169013996,-4.987673422721842,7.1241830985915255
104189511,2.668409594260144,-26.21770422535203,-5.0044945281772355,7.066507042253499
104189512,2.663557352301858,-26.210563380281606,-4.93731793395474,7.1738943661971595
104189513,2.65924424833894,-26.20314788732386,-4.557980440415839,7.18039436619716
104189514,2.6543920063806503,-26.19609859154921,-4.354294105766894,7.16089436619716
104189515,2.649863247219585,-26.188866197183017,-4.375212659987061,7.1064225352112445
104189516,2.6452266604594428,-26.18117605633794,-4.419421975607001,7.213077464788709
104189517,2.6404822461002304,-26.174035211267515,-4.411119250478379,7.206119718309836
104189518,2.635845659340088,-26.166619718309768,-4.727377598559561,7.294190140845046
104189519,2.631316900179023,-26.159204225352028,-4.5450411285270755,7.3072816901408215
104189520,2.626356830621667,-26.15178873239428,-4.552912543259406,7.432154929577441
104189521,2.6216124162624546,-26.144373239436533,-4.5143102627912635,7.367795774647863
104189522,2.616868001903242,-26.136866197183018,-4.547521163305755,7.466394366197159
104189523,2.6120157599449527,-26.12926760563372,-4.935808347567718,7.58046478873237
104189524,2.6070556903875968,-26.12157746478865,-5.139494682216662,7.6398802816901155
104189525,2.6026347588256016,-26.11407042253513,-5.077817295546892,7.555197183098567
104189526,2.59832165486268,-26.106288732394283,-4.879414513252526,7.578999999999975
104189527,2.5937928957016076,-26.09896478873231,-4.891922514744997,7.556478873239413
104189528,2.5887249985451817,-26.090999999999916,-4.856986372645337,7.665514084507017
104189529,2.5843040669831865,-26.08358450704217,-4.688236180096053,7.598316901408426
104189530,2.579990963020265,-26.076077464788654,-4.500184847312697,7.5201338028168765
104189531,2.575138721061979,-26.068295774647808,-4.670444626249004,7.586873239436595
104189532,2.570933444698131,-26.060788732394286,-4.5950731344969595,7.561880281690117
104189533,2.5657577199426242,-26.052823943661885,-5.007405873352207,7.685288732394341
104189534,2.561444615979706,-26.04531690140837,-5.017757322863217,7.70121830985913
104189535,2.556915856818641,-26.037626760563292,-4.869817856935027,7.598957746478848
104189536,2.552494925256646,-26.029936619718228,-5.074690295173775,7.6142464788732145
104189537,2.548181821293724,-26.022154929577383,-4.890952066353339,7.664598591549272
104189538,2.543868717330799,-26.014281690140756,-4.682197834547964,7.611591549295749
104189539,2.539879096165098,-26.006591549295692,-4.583212098598927,7.660936619718285
104189540,2.5355659922021765,-25.99890140845062,-4.439585736633657,7.69334507042251
104189541,2.5310372330411113,-25.990845070422452,-4.662573211516673,7.86591549295772
104189542,2.5269397842763404,-25.983063380281607,-4.548599439296486,7.86884507042251
104189543,2.523057990709706,-25.974915492957663,-4.278383476019485,7.91178169014082
104189544,2.5185292315486407,-25.96695070422527,-4.611031619159767,7.94666197183096
104189545,2.5145396103829363,-25.958985915492875,-4.0617578294817775,7.9527957746478615
104189546,2.510226506420018,-25.950746478873157,-4.511075434819072,8.069887323943636
104189547,2.5062368852543138,-25.942598591549213,-4.580300753423955,8.180204225352087
104189548,2.502139436489543,-25.934450704225263,-4.26609112972516,8.139556338028143
104189549,2.4978263325266212,-25.926119718309778,-4.209373812612749,8.110718309859129
104189550,2.493405400964626,-25.91778873239428,-4.61901086149117,8.419971830985888
104189551,2.489847090195216,-25.909274647887244,-4.201718053078564,8.368063380281663
104189552,2.4859652966285886,-25.900760563380203,-4.219617434524686,8.465471830985887
104189553,2.4820835030619577,-25.89224647887316,-3.7223165475998954,8.541366197183072
104189554,2.4786330198916247,-25.88364084507034,-3.628290881208217,8.637218309859128
104189555,2.4748590539240674,-25.874669014084418,-3.5851598415790074,8.742133802816873
104189556,2.470761605159293,-25.865788732394286,-3.4621285510366855,8.655070422535182
104189557,2.4670954667908056,-25.856816901408372,-3.57847453043648,8.698830985915466
104189558,2.4635371560213954,-25.848302816901324,-3.5158266953750523,8.693521126760535
104189559,2.4599788452519853,-25.839056338028087,-3.3825517829207934,8.73380281690138
104189560,2.4565283620816523,-25.830084507042173,-3.4248202017574187,8.781957746478845
104189561,2.452862223713172,-25.821021126760478,-3.451022308332164,8.80685915492955
104189562,2.449303912943762,-25.81195774647879,-3.583650255191985,8.92074647887321
104189563,2.4456377745752746,-25.803169014084425,-3.4506988255349453,8.853915492957718
104189564,2.4418638086077173,-25.793922535211188,-3.519816316540754,8.955077464788703
104189565,2.4386289806355315,-25.784950704225267,-3.412204372665875,8.98849295774645
104189566,2.434747187068904,-25.776161971830902,-3.5126996950019347,8.921204225352085
104189567,2.431296703898564,-25.76700704225344,-3.450483170336799,8.928528169014056
104189568,2.427630565530084,-25.7581267605633,-3.364328918677452,9.001126760563352
104189569,2.4235331167653023,-25.74897183098583,-3.7623205868559872,9.010647887323914
104189570,2.4202982887931164,-25.73990845070415,-3.7032310625639697,8.96505633802814
104189571,2.41695563322185,-25.731211267605552,-3.463206827027416,8.78836619718307
104189572,2.4133973224524397,-25.722147887323864,-3.489301106003088,8.947570422535183
104189573,2.4100546668811766,-25.713176056337943,-3.295858393266081,9.010190140845042
104189574,2.4061728733145493,-25.704112676056255,-3.500838659103902,9.067408450704196
104189575,2.402614562545139,-25.695232394366116,-3.6155672245176,9.047999999999972
104189576,2.399164079374806,-25.68635211267597,-3.52822686926845,8.990415492957718
104189577,2.3952822858081717,-25.677197183098507,-3.902604293249993,9.143211267605604
104189578,2.3917239750387616,-25.668133802816826,-3.871981255113254,9.086176056338
104189579,2.3879500090712042,-25.659070422535123,-3.878450911057635,9.052669014084477
104189580,2.384391698301794,-25.64991549295766,-4.037388792091273,9.017697183098562
104189581,2.380725559933314,-25.640760563380198,-3.8129995584203087,9.009915492957717
104189582,2.377275076762981,-25.63178873239429,-3.6674322996717255,8.977415492957716
104189583,2.3732854555972764,-25.622267605633724,-4.090547798434275,9.248584507042224
104189584,2.3694036620306456,-25.61329577464781,-3.8658350819660914,9.158591549295744
104189585,2.3657375236621654,-25.60395774647879,-4.072217106591861,9.152274647887294
104189586,2.362071385293685,-25.594711267605547,-3.9415300565153553,9.283830985915463
104189587,2.3580817641279808,-25.58509859154922,-3.9444414016903266,9.282732394366167
104189588,2.3547391085567178,-25.575852112675975,-3.9474605744643716,9.270739436619687
104189589,2.3506416597919433,-25.56642253521119,-3.8325163538525264,9.31742957746476
104189590,2.347083349022533,-25.556992957746395,-3.5496845614839816,9.385908450704195
104189591,2.343525038253123,-25.547380281690053,-3.6114697757528256,9.447704225352082
104189592,2.339319761889275,-25.537950704225267,-3.6278595708119252,9.504464788732363
104189593,2.3361927615161555,-25.528338028168932,-3.46762775858941,9.492471830985885
104189594,2.332418795548598,-25.51899999999992,-3.3755429889810467,9.516915492957716
104189595,2.327997863986603,-25.509295774647804,-3.880823118237242,9.648014084507011
104189596,2.32454738081627,-25.499408450704145,-3.687380405500235,9.657352112676024
104189597,2.3204499320514955,-25.489887323943577,-3.9033590864435044,9.547859154929546
104189598,2.316675966083938,-25.47999999999992,-3.8538662184689856,9.621373239436588
104189599,2.3127941725173073,-25.4706619718309,-3.651042504612626,9.647739436619688
104189600,2.309774999743265,-25.460866197183016,-3.389021438865175,9.71200704225349
104189601,2.306216688973855,-25.451161971830906,-3.590551221532659,9.803922535211235
104189602,2.3030896886007355,-25.441640845070346,-3.2612457339636403,9.715119718309827
104189603,2.2994235502322553,-25.431753521126687,-3.425359339752784,9.784239436619686
104189604,2.296620032656353,-25.42195774647879,-3.2824877709810263,9.799436619718279
104189605,2.292522583891582,-25.412161971830905,-3.4594328610598604,9.823422535211234
104189606,2.2893955835184627,-25.40236619718302,-3.390746680450343,9.768584507042222
104189607,2.2856216175509054,-25.39257042253513,-3.3273440521954045,9.84576056338025
104189608,2.2824946171777896,-25.382499999999922,-3.3222761550389723,9.934014084507009
104189609,2.27936761680467,-25.372704225352038,-3.190942139368028,9.824978873239404
104189610,2.2762406164315543,-25.3623591549295,-3.1117966816484275,10.027943661971797
104189611,2.273221443657512,-25.352197183098518,-3.2365532137759176,10.029408450704192
104189612,2.2702022708834626,-25.342218309859078,-3.321629189444534,10.129288732394334
104189613,2.267290925708494,-25.332056338028096,-3.168513998760839,10.207654929577432
104189614,2.2643795805335216,-25.321711267605558,-3.0185258084502613,10.242718309859121
104189615,2.2604977869668943,-25.31154929577457,-3.024025016002985,10.227154929577432
104189616,2.256939476197484,-25.301295774647812,-3.1695922747515692,10.165542253521094
104189617,2.253488993027144,-25.291133802816816,-3.052383674559191,10.34296478873236
104189618,2.2491758890642224,-25.28069718309851,-3.3535461587701496,10.328316901408417
104189619,2.2456175782948122,-25.270443661971754,-3.2708423902811394,10.230359154929545
104189620,2.2415201295300413,-25.260281690140765,-3.403039026744668,10.175612676056305
104189621,2.2381774739587783,-25.25021126760555,-3.547420181903448,10.149887323943629
104189622,2.2345113355902946,-25.240140845070343,-3.6153515693194547,10.06740140845067
104189623,2.2305217144245937,-25.230253521126684,-3.800060246531546,10.103105633802784
104189624,2.2269634036551835,-25.220091549295688,-3.4697843105708706,9.900873239436587
104189625,2.222758127291332,-25.21020422535203,-3.8065299024759276,9.88201408450701
104189626,2.219523299319146,-25.200225352112604,-3.8233510079313198,9.958732394366164
104189627,2.215318022955298,-25.190154929577382,-3.807823833664804,9.884485915492926
104189628,2.2117597121858843,-25.180267605633723,-3.9490779884504663,9.934654929577432
104189629,2.2077700910201834,-25.170288732394283,-4.108123697083179,9.941887323943629
104189630,2.2035648146563354,-25.160401408450625,-3.8225962147378088,9.941246478873207
104189631,2.200006503886925,-25.150239436619636,-3.9964143044435243,10.085345070422502
104189632,2.1965560207165886,-25.14053521126752,-3.6395049515118116,10.017690140845037
104189633,2.1929977099471785,-25.130556338028093,-3.5701718053078566,9.992239436619686
104189634,2.1898707095740626,-25.120669014084434,-3.675303714404056,10.079028169014052
104189635,2.1860967436065053,-25.110598591549213,-3.4105869586797795,10.35697183098588
104189636,2.1826462604361687,-25.100528169014005,-3.477116587307836,10.288126760563348
104189637,2.179519260063053,-25.09027464788725,-3.1718566543321027,10.21351408450701
104189638,2.1761766044917863,-25.080204225352034,-2.8746837912868455,10.1705774647887
104189639,2.1732652593168176,-25.06995070422527,-2.8440607531501065,10.224683098591516
104189640,2.169922603745551,-25.059514084506965,-3.1076992328836526,10.259380281690108
104189641,2.166472120575211,-25.049352112675976,-3.087104161460705,10.175063380281658
104189642,2.1628059822067307,-25.03882394366189,-3.1771402066866807,10.165816901408418
104189643,2.1590320162391734,-25.028661971830907,-3.1938534845429998,10.161605633802784
104189644,2.1561206710642047,-25.018499999999925,-3.1259220971269936,10.051838028168982
104189645,2.152778015492938,-25.008154929577387,-3.2801155638014197,10.117845070422502
104189646,2.1487883943272372,-24.997535211267525,-3.3358624325221733,10.266887323943628
104189647,2.14479877316154,-24.987190140844987,-3.5611142869857226,10.1767112676056
104189648,2.140701324396762,-24.976845070422463,-3.850954873294014,10.335732394366163
104189649,2.137143013627348,-24.966225352112602,-4.100575765148067,10.451359154929543
104189650,2.133584702857938,-24.955880281690064,-3.960723369150353,10.390112676056305
104189651,2.129918564489458,-24.94544366197175,-3.722640030397114,10.354133802816868
104189652,2.125821115724687,-24.934732394366122,-3.843299113759829,10.390204225352079
104189653,2.1218314945589825,-24.92411267605626,-3.7977958669510126,10.400457746478839
104189654,2.118057528591425,-24.913401408450625,-3.6804794391595608,10.47433802816898
104189655,2.1152540110155265,-24.902781690140763,-3.5667213221375205,10.396154929577431
104189656,2.111156562250752,-24.892345070422458,-3.8097647304481184,10.53796478873236
104189657,2.1079217342785626,-24.881633802816822,-3.57847453043648,10.553070422535177
104189658,2.1038242855137845,-24.870739436619644,-3.6968692342186613,10.573577464788698
104189659,2.100697285140665,-24.860028169014008,-3.4751756905245217,10.557922535211233
104189660,2.0975702847675493,-24.849225352112605,-3.226633074661199,10.57183802816898
104189661,2.0942276291962862,-24.83851408450696,-3.1465171685499413,10.664485915492923
104189662,2.0907771460259497,-24.827253521126686,-3.6702358172476237,10.86772535211264
104189663,2.087542318053764,-24.8163591549295,-3.5617612525801605,10.941605633802782
104189664,2.0838761796852765,-24.805281690140767,-3.5999322226520114,10.868274647887288
104189665,2.0809648345103042,-24.79438732394359,-3.3266970866009666,10.822957746478838
104189666,2.077945661736262,-24.783676056337946,-3.211752865989122,10.864704225352078
104189667,2.0742795233677747,-24.77259859154921,-3.3195804650621468,10.916246478873203
104189668,2.071152522994659,-24.761612676056252,-3.3280988453889155,10.839894366197148
104189669,2.0679176950224694,-24.751084507042172,-3.1585938596461203,10.76491549295771
104189670,2.0646828670502764,-24.740190140844994,-3.2618926995580786,10.72014788732391
104189671,2.061124556280866,-24.72947887323935,-3.325942293407455,10.551422535211232
104189672,2.057889728308677,-24.718859154929497,-2.800821885921824,10.408514084507008
104189673,2.054978383133708,-24.708239436619635,-2.9607302153471196,10.421056338028135
104189675,2.0475382787976706,-24.68663380281683,-3.311062084735378,10.685359154929543
104189676,2.0437643128301133,-24.67619718309851,-3.3843848521050344,10.486422535211235
104189677,2.039990346862556,-24.66566901408443,-3.4826157948605605,10.47827464788729
104189678,2.0367555188903665,-24.65532394366189,-3.524884213697186,10.373542253521093
104189679,2.0328737253237357,-24.64516197183091,-3.463853792621854,10.23264788732391
104189680,2.0294232421534026,-24.634725352112596,-3.748842136971859,10.24583098591546
104189681,2.025110138190481,-24.624014084506967,-3.7645849664365207,10.426732394366162
104189682,2.021659655020141,-24.61366901408443,-3.602196602232545,10.374640845070388
104189683,2.0181013442507307,-24.60314084507035,-3.561437769782942,10.41995774647884
104189684,2.0145430334813206,-24.59316197183091,-3.5132388329972994,10.431309859154895
104189685,2.0108768951128404,-24.582542253521048,-3.333490225342567,10.474063380281656
104189686,2.0076420671406474,-24.572380281690066,-3.267715389908022,10.362373239436586
104189687,2.004191583970311,-24.562401408450626,-3.2858304265522897,10.275035211267573
104189688,2.000848928399048,-24.551873239436546,-3.0200353948372833,10.263957746478841
104189689,1.9977219280259284,-24.541894366197106,-2.9983620474236052,10.2352112676056
104189690,1.9944871000537425,-24.53136619718302,-3.420507097794498,10.278605633802783
104189691,1.9918992376759874,-24.521112676056262,-3.113198440436377,10.220014084507008
104189692,1.9882330993075072,-24.511042253521047,-3.27763552902274,10.226330985915459
104189693,1.9857530645288257,-24.500697183098517,-3.229544419836171,10.266612676056305
104189694,1.9824104089575627,-24.49044366197176,-3.2970444968558845,10.167464788732362
104189695,1.9790677533862997,-24.48037323943654,-3.45479627429972,10.053485915492924
104189696,1.9761564082113274,-24.470028169014,-3.4144687522464086,10.05852112676053
104189697,1.9732450630363552,-24.4599577464788,-3.21595814235297,10.055499999999968
104189698,1.9706572006586,-24.44979577464781,-3.343302536858212,9.992422535211235
104189699,1.967853683082705,-24.439176056337956,-3.2638335963413927,10.125260563380248
104189700,1.9648345103086555,-24.429197183098516,-3.129588235495477,10.06227464788729
104189701,1.9618153375346168,-24.418852112675978,-3.091093782626407,9.905267605633771
104189702,1.9587961647605674,-24.408598591549215,-2.9764730448117813,10.103746478873207
104189703,1.9554535091893044,-24.39797887323936,-3.0809579883135427,10.194929577464755
104189704,1.95318912960877,-24.387542253521055,-3.1252751315325558,10.230359154929545
104189705,1.9501699568347277,-24.376922535211193,-3.1114731988512085,10.445133802816867
104189706,1.9477977496551198,-24.366119718309776,-2.808154162658789,10.537690140845037
104189707,1.9452098872773647,-24.355133802816816,-2.552926235652939,10.53402816901405
104189708,1.9422985421023924,-24.343964788732315,-2.5896954469368407,10.77059154929574
104189709,1.9396028521255673,-24.332978873239355,-2.4583614312658963,10.762169014084472
104189710,1.93755412774318,-24.322176056337952,-2.2961887222600668,10.953964788732359
104189711,1.9356132309598664,-24.310915492957676,-2.258449062584508,11.07316197183095
104189712,1.9334566789784091,-24.29956338028162,-2.3434172106540516,11.216619718309824
104189713,1.9306531614025069,-24.288394366197103,-2.3593756953168596,11.225774647887288
104189714,1.9286044370201196,-24.277408450704144,-2.3246552084153453,11.074626760563344
104189715,1.9267713678358795,-24.26660563380274,-1.981871270962199,10.980514084507007
104189716,1.9242913330572016,-24.255528169014006,-1.766755210811514,10.920183098591513
104189717,1.9218112982785236,-24.24417605633795,-2.134016013254237,11.023633802816866
104189718,1.919439091098912,-24.233281690140764,-2.015621309472056,10.851795774647853
104189719,1.9174981943155984,-24.222295774647804,-2.0059168255554836,10.801718309859119
104189720,1.915018159536917,-24.211584507042183,-1.8398623229830249,11.026105633802782
104189721,1.913400745550824,-24.200873239436547,-2.0008489283990514,10.945542253521092
104189722,1.9114598487675067,-24.189887323943587,-2.026404069379358,10.822683098591515
104189723,1.9086563311916116,-24.1793591549295,-2.3030896886007404,10.688929577464753
104189724,1.9069310896064415,-24.168739436619646,-2.2119753673840346,10.708429577464754
104189725,1.9038040892333257,-24.15802816901401,-2.5231658183087844,10.680049295774612
104189726,1.9015397096527913,-24.147316901408367,-2.591744171319228,10.724999999999966
104189727,1.8990596748741133,-24.136514084506963,-2.561228960781562,10.618253521126727
104189728,1.8965796400954318,-24.125985915492883,-2.18437150202134,10.612760563380247
104189729,1.894530915713048,-24.115274647887247,-2.205829194236872,10.674922535211232
104189730,1.8920508809343666,-24.104380281690062,-2.465154570007497,10.71602816901405
104189731,1.8890317081603207,-24.093577464788652,-2.633581279759562,10.857105633802782
104189732,1.8867673285797864,-24.082866197183023,-2.4854261586332256,10.854084507042218
104189733,1.8847186041973991,-24.07224647887317,-2.1518075671012866,10.796683098591513
104189734,1.8823463970177912,-24.061352112675984,-2.336192761516159,10.859211267605598
104189735,1.880513327833551,-24.050549295774573,-2.0928258704083413,10.883746478873205
104189736,1.8781411206539467,-24.039654929577388,-2.323576932424615,11.007338028168977
104189737,1.8756610858752616,-24.02866901408443,-2.3154898624941382,10.83522535211264
104189738,1.8730732234975136,-24.01814084507035,-1.9731372354372838,11.097056338028134
104189739,1.8711323267141964,-24.00715492957739,-2.0455973820143565,11.047802816901372
104189740,1.8695149127281034,-23.99626056338021,-2.137143013627355,10.951126760563344
104189741,1.8671427055484955,-23.985732394366124,-1.9764798910085477,10.790549295774612
104189742,1.8649861535670382,-23.975112676056263,-2.1177340457942107,10.75621830985912
104189743,1.8627217739865038,-23.964584507042176,-2.275593650837119,10.740563380281655
104189744,1.8609965324013338,-23.95414788732387,-2.27882847880931,10.815084507042219
104189745,1.8594869460143109,-23.943345070422453,-2.0537922795439068,10.684077464788698
104189746,1.8576538768300708,-23.93299999999993,-1.82649170069797,10.57064788732391
104189747,1.856359945641195,-23.92219718309851,-1.9348584377663602,10.61852816901405
104189748,1.854634704056025,-23.911760563380206,-1.9930853412657936,10.660366197183064
104189749,1.8525859796736377,-23.900774647887246,-2.0876501456528365,10.82277464788729
104189750,1.8510763932866183,-23.890338028168934,-2.1531014982901624,10.7162112676056
104189751,1.8490276689042275,-23.879626760563305,-1.970118062663239,10.725274647887288
104189752,1.8475180825172082,-23.868823943661894,-1.9807929949714689,10.850330985915457
104189753,1.846439806526476,-23.858204225352033,-1.817002871979544,10.824605633802781
104189754,1.8453615305357474,-23.847492957746404,-1.3004008448206812,10.829732394366161
104189755,1.8442832545450152,-23.83650704225345,-1.5926136383085787,10.919359154929543
104189756,1.8425580129598487,-23.825521126760492,-1.294685982069811,11.27072535211264
104189757,1.84147973696912,-23.81426056338021,-0.9661352876943037,11.284640845070385
104189758,1.840617116176535,-23.803183098591475,-1.2857362913467498,11.207007042253485
104189759,1.8391075297895085,-23.792197183098516,-1.2143544207604071,11.248387323943625
104189760,1.8378135986006328,-23.780753521126677,-0.9737910472284886,11.200507042253484
104189761,1.8368431502089777,-23.769584507042175,-1.07935426672098,11.13935211267602
104189762,1.8351179086238076,-23.758415492957674,-0.9964348430338237,11.165626760563343
104189763,1.8339318050340054,-23.74715492957739,-1.2118743859817278,11.091838028168977
104189764,1.8327457014442032,-23.736260563380206,-1.2099334891984133,11.074443661971795
104189765,1.8310204598590332,-23.724999999999923,-1.4746502449226895,11.16892253521123
104189766,1.8295108734720102,-23.713830985915422,-1.4146980998380876,11.096507042253485
104189767,1.8276778042877702,-23.702936619718237,-1.4086597542899981,10.886767605633766
104189768,1.8262760454998208,-23.691492957746405,-1.4275295841277778,10.974746478873204
104189769,1.8246586315137208,-23.68041549295767,-1.2978129824429285,10.973556338028134
104189770,1.823364700324852,-23.669246478873163,-1.4388514820304452,10.989485915492923
104189771,1.8220707691359728,-23.657985915492887,-1.3008321552169733,10.976760563380246
104189772,1.819914217154512,-23.64681690140837,-1.4997740755067042,10.871570422535175
104189773,1.8180811479702719,-23.63564788732387,-1.1013510969318772,10.788443661971796
104189774,1.8163559063850983,-23.624753521126685,-1.1558040344637546,10.8267112676056
104189776,1.8129054232147652,-23.602140845070352,-1.4051014435205882,10.937760563380246
104189777,1.8105332160351573,-23.590788732394294,-1.5604810137848175,11.066112676056301
104189778,1.809131457247208,-23.579619718309786,-1.4021900983456168,11.015485915492922
104189779,1.806867077666677,-23.568176056337954,-1.7954373521649387,10.968704225352077
104189780,1.8052496636805806,-23.55700704225344,-1.6343429191498395,11.004316901408416
104189781,1.804171387689852,-23.545746478873163,-1.4311957224962604,11.047436619718274
104189782,1.8021226633074647,-23.534760563380203,-1.4598778638496852,11.081309859154894
104189783,1.8010443873167326,-23.52331690140838,-1.4338914124730862,11.1834788732394
104189784,1.7988878353352717,-23.512056338028096,-1.4051014435205882,11.23529577464785
104189785,1.7977017317454695,-23.500887323943587,-1.373400129393119,11.078654929577429
104189786,1.7961921453584466,-23.48971830985908,-1.5949858454881853,11.180183098591513
104189787,1.794251248575133,-23.478732394366126,-1.6170905032981555,11.155007042253484
104189788,1.79284948978718,-23.46719718309852,-1.571371601291193,11.291507042253485
104189789,1.7913399034001642,-23.45593661971823,-1.610081709358409,11.236028169014048
104189790,1.7896146618149942,-23.444584507042187,-1.4328131364823558,11.387999999999963
104189791,1.7878894202298241,-23.433140845070348,-1.4776694176967342,11.362457746478837
104189792,1.785948523446507,-23.42215492957739,-1.7109005144916871,11.293246478873202
104189793,1.784223281861344,-23.410711267605556,-2.1559050158660615,11.49099295774644
104189794,1.7831450058706118,-23.39926760563373,-1.9697945798660201,11.543633802816865
104189795,1.7804493158937866,-23.387732394366118,-2.06996641940486,11.399260563380246
104189796,1.7795866951012016,-23.376288732394293,-1.8157089407906675,11.430661971830949
104189797,1.777969281115105,-23.364570422535138,-1.9885565821047264,11.433774647887287
104189798,1.7757049015345743,-23.352852112675983,-2.08527793847323,11.542077464788694
104189799,1.7741953151475514,-23.341133802816827,-2.067917695022473,11.547753521126722
104189800,1.772901383958672,-23.329507042253447,-1.7870267994372429,11.630514084507004
104189801,1.771068314774432,-23.317514084506968,-1.9286044370201245,11.779007042253482
104189802,1.7698822111846297,-23.305338028168947,-1.5560600822228232,11.800154929577428
104189803,1.7684804523966768,-23.293436619718236,-1.394749994009578,11.652028169014047
104189804,1.7667552108115139,-23.28153521126753,-1.581291740405911,11.63710563380278
104189805,1.7652456244244874,-23.269816901408376,-1.4022979259446897,11.635732394366158
104189806,1.7640595208346888,-23.258007042253446,-1.5728811876782152,11.610098591549256
104189807,1.7627655896458094,-23.246105633802742,-1.4274217565287046,11.658528169014046
104189808,1.7611481756597165,-23.234295774647812,-1.4366949300489849,11.771316901408412
104189809,1.7596385892726936,-23.222760563380206,-1.5253292164870114,11.567253521126721
104189810,1.7578055200884535,-23.211225352112606,-1.5748220844615297,11.664936619718272
104189811,1.7566194164986442,-23.199781690140767,-1.386015958484663,11.414549295774611
104189812,1.7548941749134812,-23.188246478873168,-1.740768759434915,11.317598591549258
104189813,1.753061105729234,-23.17689436619711,-1.5445225291220097,11.36172535211264
104189814,1.7517671745403618,-23.165725352112595,-1.6345585743479856,11.337830985915456
104189815,1.7498262777570446,-23.154373239436552,-1.6701416820420838,11.326570422535173
104189816,1.7483166913700217,-23.143204225352036,-1.6389795059099797,11.271366197183063
104189817,1.7469149325820759,-23.131943661971754,-1.6437239202691927,11.22385211267602
104189818,1.7451896909969058,-23.121232394366118,-1.5906727415252644,11.092753521126724
104189819,1.7441114150061736,-23.10997183098584,-1.342669263657307,11.10904929577461
104189820,1.7427096562182243,-23.098894366197115,-1.4429489307952201,10.979323943661937
104189821,1.7410922422321313,-23.087999999999923,-1.5008523514974346,10.846577464788696
104189822,1.7395826558451084,-23.07673943661964,-1.7020586513676992,10.941514084507006
104189823,1.738180897057159,-23.065936619718236,-1.5262996648786684,11.133126760563343
104189824,1.7361321726747718,-23.05458450704218,-1.7512280365449984,11.320894366197146
104189825,1.734838241485896,-23.04323239436612,-1.7610403480606438,11.32629577464785
104189826,1.733220827499803,-23.032338028168944,-1.7929573173862592,11.237950704225316
104189827,1.7319268963109238,-23.02116901408443,-1.5777334296365013,11.152626760563344
104189828,1.7305251375229744,-23.00945070422528,-1.5461399431081049,11.377746478873203
104189829,1.7290155511359515,-22.998373239436546,-1.559294910195014,11.222570422535174
104189830,1.7273981371498586,-22.986838028168947,-2.0841996624824994,11.377197183098554
104189831,1.7257807231637656,-22.975760563380213,-1.865740946760551,11.242070422535175
104189832,1.7240554815785956,-22.964133802816832,-1.6109443301509931,11.379028169014047
104189833,1.722438067592499,-22.95287323943655,-1.5732046704754343,11.356690140845032
104189834,1.7200658604128911,-22.941154929577394,-1.891943053335296,11.456661971830949
104189835,1.7184484464267982,-22.92989436619711,-1.7815275918845184,11.433408450704189
104189836,1.7161840668462638,-22.918359154929504,-1.8147384923990104,11.446133802816863
104189837,1.7146744804592409,-22.906732394366124,-1.88245422461687,11.482387323943625
104189838,1.7128414112750008,-22.89501408450697,-1.804926180883365,11.566887323943625
104189839,1.7110083420907536,-22.883387323943587,-1.7727935563596036,11.546746478873201
104189840,1.7099300661000285,-22.871852112675988,-1.701842996169553,11.419950704225315
104189841,1.7079891693167113,-22.86040845070415,-1.5695385321069515,11.740647887323906
104189842,1.7066952381278355,-22.848598591549226,-1.5435520807303524,11.795211267605596
104189843,1.7056169621371033,-22.83678873239429,-1.2831484289689972,11.7811126760563
104189844,1.7037838929528633,-22.824978873239367,-1.260504633163662,11.816450704225312
104189845,1.7030290997593553,-22.813169014084437,-0.9244060068530432,11.775528169014045
104189846,1.701735168570476,-22.801267605633733,-0.9966504982319697,11.676380281690102
104189847,1.700764720178821,-22.78936619718302,-1.088519612642187,11.834943661971792
104189848,1.700117754584383,-22.777281690140768,-0.8255280985030792,11.886760563380244
104189849,1.6988238233955038,-22.765471830985845,-0.7848770936525488,11.863690140845033
104189850,1.6980690302019958,-22.753387323943592,-1.0070019477429801,11.878704225352074
104189851,1.6970985818103337,-22.741211267605564,-1.1990429016920376,12.00394366197179
104189852,1.695912478220535,-22.729309859154853,-1.3585199207210417,11.814619718309821
104189853,1.6953733402251707,-22.717316901408374,-1.1547257584730244,11.83137323943658
104189854,1.6940794090362914,-22.70550704225345,-1.1505204821091766,11.796584507042216
104189855,1.6934324434418535,-22.69369718309852,-1.3239072614186007,11.88392253521123
104189856,1.6920306846539077,-22.68142957746472,-1.3874177172726123,11.865154929577425
104189857,1.6910602362622456,-22.670169014084443,-1.2579167707859091,11.634816901408414
104189858,1.6898741326724434,-22.658267605633732,-1.3289751585750327,11.69249295774644
104189859,1.6885802014835676,-22.64654929577457,-0.9999931538032335,12.006598591549256
104189860,1.686962787497471,-22.634830985915414,-1.330592572561128,11.732591549295735
104189861,1.6862079943039632,-22.623112676056273,-1.2548975980118646,11.678852112676017
104189862,1.685237545912301,-22.611760563380216,-1.028136157161293,11.545464788732357
104189863,1.6837279595252852,-22.600133802816835,-1.1028606833188994,11.49337323943658
104189864,1.6820027179401151,-22.588690140844996,-1.528348389261056,11.39779577464785
104189865,1.6804931315530887,-22.577154929577397,-1.355716403145143,11.476161971830948
104189866,1.67930702796329,-22.56598591549288,-1.3620782314904516,11.269626760563344
104189867,1.67747395877905,-22.554633802816824,-1.3809480613282308,11.277957746478837
104189868,1.6768269931846085,-22.543281690140766,-1.1201130991705834,11.221746478873204
104189869,1.6751017515994384,-22.531746478873167,-1.2242745598751255,11.366760563380245
104189870,1.6736999928114926,-22.520577464788666,-1.2083160752123179,11.261845070422499
104189871,1.6724060616226133,-22.509133802816827,-1.2321459746074563,11.157112676056302
104189872,1.6710043028346675,-22.498147887323867,-1.109545994461427,11.146309859154893
104189873,1.6697103716457882,-22.48679577464781,-1.10145892453095,11.155373239436583
104189874,1.6683086128578424,-22.475535211267534,-1.244438320901781,11.139626760563344
104189875,1.667122509268033,-22.464549295774574,-1.4006805119585943,11.188147887323908
104189876,1.6663677160745252,-22.45328873239429,-1.0602687816850545,11.189338028168978
104189877,1.6649659572865758,-22.442211267605558,-0.9457558714695019,11.213964788732358
104189878,1.6642111640930608,-22.430950704225275,-0.9744380128229266,11.320070422535174
104189879,1.663456370899553,-22.419690140845,-0.9451089058750639,11.210028169014048
104189880,1.6622702673097507,-22.408795774647814,-0.8742661732840865,11.181464788732358
104189881,1.6614076465171657,-22.397535211267538,-0.8604642406027392,11.153359154929541
104189882,1.6606528533236506,-22.386274647887255,-0.8144218557985575,11.1123450704225
104189883,1.6596824049319956,-22.37519718309852,-0.9956800498403124,11.147683098591513
104189884,1.6591432669366348,-22.36402816901402,-0.6615223203130082,11.145669014084472
104189885,1.6582806461440498,-22.35304225352106,-0.6670215278657324,11.019330985915458
104189886,1.6580649909459027,-22.341781690140778,-0.49115471377762876,11.117380281690105
104189887,1.6566632321579533,-22.330246478873164,-0.8068739238634458,11.261570422535174
104189888,1.6556927837662947,-22.318711267605565,-1.0309396747371917,11.343140845070385
104189889,1.6551536457709304,-22.307359154929507,-1.1549414136711704,11.371429577464752
104189890,1.6545066801764925,-22.296098591549224,-0.6272331438077863,11.578514084507004
104189891,1.6538597145820546,-22.283922535211197,-0.6280957646003705,11.778823943661934
104189892,1.6539675421811282,-22.272112676056274,-0.3876402186675248,11.868999999999962
104189893,1.6534284041857603,-22.260302816901337,-0.24649389148093506,11.917063380281652
104189894,1.6535362317848374,-22.24830985915486,-0.12648177371265829,11.82111971830982
104189895,1.6528892661903996,-22.23640845070416,-0.40219694454238314,11.9107464788732
104189896,1.6526736109922524,-22.224232394366126,-0.3825723215110926,11.999457746478834
104189897,1.6525657833931753,-22.212147887323873,-0.5376284089781025,11.944161971830948
104189898,1.6520266453978145,-22.20024647887317,-0.40467697932106267,11.875774647887285
104189899,1.6512718522042995,-22.187978873239366,-0.6005997268367491,11.975746478873202
104189900,1.6511640246052295,-22.175894366197113,-0.4913703689757748,11.967415492957707
104189901,1.6506248866098652,-22.164084507042183,-0.24789565026888438,11.937753521126723
104189902,1.6499779210154273,-22.151999999999923,-0.6313305925725612,11.847943661971792
104189903,1.6492231278219123,-22.140464788732324,-0.5085149572283857,11.852795774647849
104189904,1.6492231278219123,-22.1286549295774,-0.4341139138679985,11.782669014084469
104189905,1.648683989826548,-22.11675352112669,-0.5388145125679057,11.6897464788732
104189906,1.6474978862367493,-22.10512676056331,-0.7321493977058395,11.508112676056301
104189907,1.6474978862367493,-22.093683098591477,-0.6580718371426714,11.495387323943625
104189908,1.64631178264694,-22.082056338028096,-0.6317619029688533,11.801985915492919
104189909,1.6452335066562078,-22.070429577464715,-0.911143212167061,11.584556338028133
104189910,1.644694368660847,-22.05898591549289,-0.6923610136478933,11.467373239436583
104189911,1.6440474030664056,-22.04754225352106,-0.7345216048854462,11.49822535211264
104189912,1.6431847822738206,-22.03609859154922,-0.6871852888923882,11.416838028168977
104189913,1.6426456442784598,-22.024471830985846,-0.4774606086953545,11.473873239436582
104189914,1.641998678684022,-22.01293661971824,-0.40920573848212977,11.464901408450668
104189915,1.641136057891437,-22.001492957746407,-0.539784960959563,11.28216901408447
104189916,1.6403812646979254,-21.990232394366124,-0.4356235002550209,11.338288732394329
104189917,1.6403812646979254,-21.9787887323943,-0.3894732878517662,11.34121830985912
104189918,1.6398421267025576,-21.96716197183091,-0.38699325307308663,11.463894366197145
104189919,1.6393029887071968,-21.95590140845063,-0.25210092663273237,11.451718309859118
104189920,1.6393029887071968,-21.944274647887255,-0.2487582710614686,11.544274647887285
104189921,1.6382247127164646,-21.933014084506972,-0.609333762361664,11.441830985915455
104189922,1.6375777471220268,-21.92138732394359,-1.0158438108669683,11.617422535211231
104189923,1.6372542643248096,-21.90994366197176,-0.6869696336942421,11.46160563380278
104189924,1.6368229539285153,-21.898866197183033,-0.8106478898310018,11.081584507042217
104189925,1.6367151263294417,-21.8874225352112,-0.7112308434856728,11.037640845070387
104189926,1.6358525055368602,-21.87634507042246,-0.5517538244566688,11.389556338028132
104189927,1.6349898847442752,-21.865084507042184,-0.7705360229758363,11.195197183098555
104189928,1.6345585743479845,-21.853915492957682,-0.9315226283918628,11.291781690140809
104189929,1.6336959535553994,-21.842929577464723,-0.9045657286236065,11.231450704225315
104189930,1.6334802983572523,-21.831577464788666,-0.829302064470635,11.189612676056301
104189931,1.632941160361888,-21.820225352112608,-0.7060551187301675,11.121316901408415
104189932,1.63240202236652,-21.808964788732325,-1.032125778326995,11.301577464788696
104189933,1.63229419476745,-21.79788732394359,-0.7993259919283341,11.181556338028132
104189934,1.631323746375788,-21.78671830985909,-0.7745256441415383,11.233647887323906
104189935,1.6308924359794972,-21.77527464788725,-0.8435353075482743,11.357971830985878
104189936,1.63056895318228,-21.76410563380275,-0.42451725755049935,11.249394366197146
104189937,1.6300298151869193,-21.75266197183091,-0.21759609492936438,11.247563380281653
104189938,1.6302454703850593,-21.741218309859093,-0.20961685259796053,11.48266197183095
104189939,1.6294906771915478,-21.729866197183036,-0.14190112038010086,11.76792957746475
104189940,1.6292750219934042,-21.718239436619655,-0.28089089558523006,11.873943661971794
104189941,1.6292750219934042,-21.706429577464718,-0.15052732830594287,11.806746478873201
104189942,1.629059366795257,-21.694985915492886,-0.4555716060835305,11.612387323943626
104189943,1.629059366795257,-21.683359154929505,-0.3186305552607888,11.603598591549257
104189944,1.62884371159711,-21.67191549295768,-0.036445728486682434,11.79667605633799
104189945,1.629598504790625,-21.660654929577397,0.23851464914953124,11.499598591549258
104189946,1.629598504790625,-21.64911971830979,0.08777166564544234,11.552330985915455
104189947,1.6292750219934042,-21.637584507042185,0.08615425165934695,11.57567605633799
104189948,1.6299219875878421,-21.626415492957676,0.3269332803894117,11.429654929577428
104189949,1.629814159988772,-21.61488028169007,0.24617040868371598,11.368408450704187
104189950,1.6293828495924778,-21.603436619718238,0.2301040964218353,11.284823943661936
104189951,1.6293828495924778,-21.592267605633737,-0.008734035524915022,11.141274647887288
104189952,1.6291671943943342,-21.581190140844996,0.07763587133257799,11.11454225352109
104189953,1.6292750219934042,-21.569838028168952,-0.19311922993978772,11.249577464788697
104189954,1.62873588399804,-21.558669014084437,-0.32704110798848474,11.14704225352109
104189955,1.62873588399804,-21.547408450704154,-0.2451999602920588,11.097697183098555
104189956,1.6283045736017492,-21.536147887323878,-0.3992855993674115,10.980056338028133
104189957,1.628088918403602,-21.52516197183092,-0.0056070351517972985,11.198126760563344
104189958,1.6274419528091641,-21.51380985915486,-0.4612864688344008,11.316499999999962
104189959,1.6274419528091641,-21.50264084507036,-0.49234081736743196,11.289035211267569
104189960,1.6269028148137998,-21.49156338028162,-0.5068975432422904,11.073802816901372
104189961,1.6267949872147227,-21.480577464788666,-0.3891498050545471,10.930345070422499
104189962,1.6266871596156527,-21.46922535211261,0.05208073035227106,11.234014084507006
104189963,1.6261480216202848,-21.45823943661965,0.023506416597919445,11.172401408450668
104189964,1.6261480216202848,-21.44707042253515,-0.1494490523152126,11.148873239436583
104189965,1.6250697456295526,-21.435901408450633,-0.23021192402090834,11.112253521126725
104189966,1.625393228426777,-21.42473239436613,-0.09424132158982382,10.947373239436585
104189967,1.6249619180304826,-21.413380281690074,-0.09014387282504888,11.046063380281653
104189968,1.6239914696388276,-21.402211267605566,-0.194197505930518,11.062633802816865
104189969,1.6242071248369676,-21.39095070422529,0.0850759756686167,11.102183098591514
104189970,1.623775814440684,-21.37996478873233,0.31895403805800787,11.352570422535175
104189971,1.6232366764453126,-21.368795774647815,-0.010459277110083423,11.276950704225316
104189972,1.6231288488462425,-21.357169014084434,0.08647773445656602,11.306429577464751
104189973,1.6228053660490218,-21.346091549295714,-0.13446101604406213,11.33398591549292
104189974,1.6223740556527275,-21.334739436619657,-0.24336689110781734,11.277133802816865
104189975,1.6219427452564368,-21.323661971830916,-0.15171343189574613,11.569542253521089
104189976,1.621295779661999,-21.312218309859084,-0.45772815806499095,11.5731126760563
104189977,1.6208644692657117,-21.3009577464788,-0.55714520441032,11.32272535211264
104189978,1.6205409864684874,-21.289697183098525,-0.630252316581831,11.299197183098554
104189979,1.6202175036712703,-21.278711267605566,-0.4258111887393756,11.194281690140809
104189980,1.6201096760721967,-21.267176056337966,0.1191494969756926,11.341035211267569
104189981,1.6197861932749795,-21.256098591549225,-0.19365836793515284,11.282718309859119
104189982,1.6192470552796117,-21.244471830985844,-0.34860662780308976,11.388183098591513
104189983,1.6184922620861002,-21.23321126760557,-0.5493816172770621,11.362457746478837
104189984,1.6180609516898095,-21.221492957746413,-0.6504160776084866,11.460507042253482
104189985,1.6178452964916623,-21.209866197183032,-0.4140579804404159,11.47222535211264
104189986,1.6175218136944451,-21.19823943661965,-0.384405390695334,11.57329577464785
104189987,1.6178452964916623,-21.186521126760496,-0.16260401940212166,11.605154929577425
104189988,1.6177374688925923,-21.174985915492897,-0.14955687991428562,11.805098591549259
104189989,1.6180609516898095,-21.16317605633796,-0.15570305306144805,11.82249295774644
104189990,1.6186000896851702,-21.15118309859148,0.13467667124220817,11.834943661971792
104189991,1.6181687792888795,-21.13937323943655,0.00043131039629209985,11.724901408450664
104189992,1.6191392276805416,-21.12774647887317,0.007871414732330823,11.734697183098552
104189993,1.6192470552796117,-21.115753521126692,0.26536372131871444,12.03836619718306
104189994,1.6194627104777553,-21.104035211267536,0.03838662526999689,11.817457746478835
104189995,1.6196783656759024,-21.09249999999993,-0.02609427897567204,11.754838028168978
104189996,1.6194627104777553,-21.080873239436556,-0.0021565519814604997,11.566338028168976
104189997,1.6196783656759024,-21.069429577464717,0.14578291394672974,11.334626760563344
104189998,1.6196783656759024,-21.057985915492893,0.20185326546470275,11.278049295774611
104189999,1.6196783656759024,-21.046450704225286,0.2171647845330723,11.233556338028132
104190000,1.6196783656759024,-21.03500704225346,0.1736024345075702,11.184302816901372
104190001,1.6198940208740495,-21.024021126760502,0.06976445660024716,11.058514084507006
104190002,1.6198940208740495,-21.01276056338022,0.008194897529549898,10.920274647887288
104190003,1.6195705380768324,-21.001316901408387,-0.16810322695484595,11.0339788732394
104190004,1.6191392276805416,-20.99014788732388,-0.37879835554353675,11.166176056337992
104190005,1.6187079172842473,-20.97888732394359,-0.4084509452886186,11.186408450704189
104190006,1.6182766068879566,-20.967535211267545,-0.405863082910866,11.46380281690137
104190007,1.6179531240907394,-20.956640845070353,-0.6169895218958489,11.431943661971793
104190008,1.6169826756990773,-20.94538028169007,-0.8448292387371507,11.402281690140809
104190009,1.6165513653027865,-20.93439436619711,-0.6806078053489336,11.299746478873203
104190010,1.6161200549064922,-20.92331690140839,-0.7332276736965697,11.249394366197146
104190011,1.61493395131669,-20.911781690140778,-0.35992852570575734,11.464260563380245
104190012,1.6141791581231821,-20.900521126760495,-0.4382113626327735,11.342316901408415
104190013,1.613316537330597,-20.88926056338022,-0.6674528382620246,11.226507042253484
104190014,1.6126695717361592,-20.87781690140838,-0.8337229960326291,11.298922535211231
104190015,1.612453916538012,-20.866739436619653,-0.5307274426374289,11.172126760563344
104190016,1.6116991233445042,-20.855387323943596,-0.6682076314555357,11.213049295774612
104190017,1.611483468146357,-20.84412676056332,-0.5076523364358017,11.218176056337992
104190018,1.6113756405472799,-20.83268309859148,-0.4643056416084455,11.279971830985879
104190019,1.6100817093584041,-20.821330985915424,-0.5503520656687194,11.580528169014046
104190020,1.6101895369574812,-20.810070422535148,-0.2815378611796682,11.417936619718272
104190021,1.6096503989621098,-20.79853521126754,-0.34256828225500036,11.378570422535175
104190022,1.6094347437639662,-20.787183098591484,-0.2853118271472241,11.32272535211264
104190023,1.6094347437639662,-20.776014084506976,-0.25533575460492314,11.218084507042217
104190024,1.608140812575094,-20.764845070422467,-0.535364029397569,11.489985915492921
104190025,1.6080329849760169,-20.753401408450635,-0.7373251224613447,11.401274647887286
104190026,1.6080329849760169,-20.742049295774578,-0.595963140076609,11.41473239436616
104190027,1.6079251573769469,-20.730788732394295,-0.3303837635597485,11.187507042253484
104190028,1.6079251573769469,-20.71934507042247,-0.26126627255393947,11.14328873239433
104190029,1.6079251573769469,-20.707992957746413,-0.08572294126305485,11.453915492957709
104190030,1.6078173297778697,-20.696640845070355,-0.27787172281118533,11.367492957746443
104190031,1.6074938469806526,-20.685105633802756,-0.4639821588112265,11.371429577464752
104190032,1.6077095021787997,-20.673845070422466,-0.1412541547856627,11.167183098591513
104190033,1.6076016745797261,-20.662218309859085,-0.11871818657940049,11.206915492957709
104190034,1.6076016745797261,-20.65049999999993,-0.13629408522830355,11.359345070422497
104190035,1.6078173297778697,-20.639056338028105,-0.16950498574279527,11.284091549295738
104190036,1.608248640174164,-20.627429577464724,0.10912153026190129,11.369964788732357
104190037,1.6084642953723112,-20.61589436619711,0.7748491269387574,11.593528169014046
104190038,1.6085721229713847,-20.603992957746414,0.38882632225732805,11.78330985915489
104190039,1.6085721229713847,-20.592183098591477,0.13327491245425885,11.863507042253483
104190040,1.6086799505704548,-20.580098591549238,0.04927721277637241,11.80418309859151
104190041,1.609003433367679,-20.56810563380276,0.016821105455391894,11.77561971830982
104190042,1.609003433367679,-20.555929577464724,0.3083869333488514,12.105654929577424
104190043,1.609003433367679,-20.544119718309787,0.11343463422482226,12.073338028168974
104190044,1.6095425713630398,-20.531943661971766,0.16228053660490258,12.090274647887286
104190045,1.609973881759334,-20.520408450704167,-0.2339858899884642,11.848950704225313
104190046,1.609866054160257,-20.508507042253456,-0.2690298596871973,11.69917605633799
104190047,1.609866054160257,-20.496330985915435,-0.1057788746906375,11.98480985915489
104190048,1.6095425713630398,-20.484521126760498,-0.2133908185655164,12.00092253521123
104190049,1.609219088565819,-20.47271126760556,-0.3096808645377277,11.849133802816862
104190050,1.609111260966749,-20.461176056337962,-0.06512786984010709,11.987647887323904
104190051,1.608895605768602,-20.44936619718304,-0.28703706873239243,11.898936619718272
104190052,1.6080329849760169,-20.437464788732328,-0.37437742398154267,11.763169014084468
104190053,1.6078173297778697,-20.425838028168947,-0.2872527239305385,11.729387323943625
104190054,1.6070625365843618,-20.414028169014017,-0.2337702347903181,11.70942957746475
104190055,1.6070625365843618,-20.402676056337967,-0.012939311888762997,11.863873239436582
104190056,1.606415570989924,-20.390774647887255,-0.4424166389966214,11.820661971830948
104190057,1.6059842605936296,-20.379239436619656,-0.6387706969085999,11.592521126760525
104190058,1.6060920881927068,-20.368070422535155,-0.5298648218448447,11.556084507042216
104190059,1.6058764329945596,-20.356260563380218,-0.25673751339287243,11.578971830985878
104190060,1.6053372949991918,-20.344816901408386,-0.24034771833377266,11.710528169014047
104190061,1.6052294674001217,-20.333556338028103,-0.09564308037777315,11.53154929577461
104190062,1.6045825018056838,-20.322021126760504,-0.1524682250892573,11.420133802816865
104190063,1.6042590190084596,-20.31048591549289,0.1191494969756926,11.244450704225315
104190064,1.6043668466075367,-20.298950704225284,0.10426928830361515,11.244999999999964
104190065,1.6043668466075367,-20.287598591549227,0.20325502425265207,11.467007042253485
104190066,1.6042590190084596,-20.27624647887317,0.18233647003248524,11.340028169014047
104190067,1.6040433638103124,-20.264802816901344,0.28649793073702734,11.29553521126757
104190068,1.6037198810130988,-20.25354225352107,0.3589580773141001,11.571190140845033
104190069,1.6040433638103124,-20.24209859154923,0.3833271147046038,11.411711267605597
104190070,1.6041511914093896,-20.230654929577398,0.13898977520512917,11.314302816901371
104190071,1.6038277086121688,-20.219394366197115,-0.010567104709156446,11.089183098591514
104190072,1.6041511914093896,-20.20831690140838,0.13683322322366867,11.101816901408414
104190073,1.6045825018056838,-20.197239436619654,0.5825925177915539,11.356323943661936
104190074,1.6045825018056838,-20.185704225352048,0.01865417463963332,11.364929577464752
104190075,1.6050138122019746,-20.174443661971765,-0.04733631599305796,11.280795774647851
104190076,1.6049059846028975,-20.162908450704165,-0.20109847227119157,11.34066901408447
104190077,1.6047981570038274,-20.151830985915424,-0.37513221717505385,11.193457746478837
104190078,1.6046903294047539,-20.14011267605627,-0.02329076139977339,11.494654929577427
104190079,1.6050138122019746,-20.129126760563324,-0.0003234827972190749,11.22366901408447
104190080,1.6051216398010446,-20.117957746478808,-0.05563904112168088,11.118021126760526
104190081,1.6049059846028975,-20.106880281690074,-0.1891296087740858,10.914873239436584
104190082,1.6049059846028975,-20.09561971830979,-0.13413753324684308,10.925676056337993
104190083,1.6046903294047539,-20.084084507042192,0.09499611478333499,11.203528169014048
104190084,1.6043668466075367,-20.072732394366135,-0.06448090424566894,11.253330985915456
104190085,1.6044746742066067,-20.06147183098585,0.020055933427582644,11.17871830985912
104190086,1.6042590190084596,-20.050211267605576,0.2320449932051497,11.354584507042217
104190087,1.6047981570038274,-20.03885915492952,0.12529567012285503,11.323091549295738
104190088,1.6053372949991918,-20.027140845070356,0.1718771929224018,11.441647887323906
104190089,1.6052294674001217,-20.015514084506982,0.1498803627115047,11.329957746478836
104190090,1.6051216398010446,-20.003704225352045,-0.16346664019470586,11.40997183098588
104190091,1.6057686053954825,-19.992077464788665,0.17036760653537947,11.708330985915456
104190092,1.6058764329945596,-19.980084507042186,-0.10685715068136774,11.978584507042214
104190093,1.6066312261880675,-19.968549295774586,0.02943693454693582,11.78248591549292
104190094,1.6068468813862147,-19.95673943661965,0.04151362564311461,11.836957746478834
104190095,1.607278191782509,-19.944929577464727,0.10955284065819337,11.836774647887285
104190096,1.6078173297778697,-19.933028169014015,0.2451999602920588,11.912669014084468
104190097,1.6079251573769469,-19.92140140845064,0.26493241092242237,11.777267605633766
104190098,1.608787778169532,-19.909499999999937,0.47099095275097314,11.749161971830949
104190099,1.609003433367679,-19.897690140845008,0.49686957652849906,11.869274647887284
104190100,1.6100817093584041,-19.88633802816895,0.6038345548089398,11.72792253521123
104190101,1.6108365025519191,-19.874619718309802,0.6837348057220514,11.806654929577427
104190102,1.6113756405472799,-19.863267605633744,0.5662027227324541,11.60268309859151
104190103,1.6118069509435742,-19.851823943661906,0.5292178562504065,11.545281690140808
104190104,1.612453916538012,-19.840471830985848,0.665080631082418,11.577873239436581
104190105,1.61310088213245,-19.828845070422474,0.6502004224103406,11.435697183098554
104190106,1.613316537330597,-19.81758450704219,0.4516898125169016,11.290683098591511
104190107,1.6135321925287442,-19.80632394366191,0.39648208179151284,11.248570422535176
104190108,1.6141791581231821,-19.7951549295774,0.5239343038958283,11.311830985915456
104190109,1.6146104685194764,-19.78380281690135,0.5805437934091664,11.394774647887287
104190110,1.6150417789157672,-19.772908450704158,0.07202883618078068,11.457302816901372
104190111,1.61493395131669,-19.761464788732333,-0.03871010806721596,11.55480281690137
104190112,1.6154730893120544,-19.750570422535155,0.21490040495253876,11.2939788732394
104190113,1.6160122273074222,-19.73949295774642,0.4169693256153876,11.203619718309822
104190114,1.6163357101046394,-19.728232394366138,0.42505639554586444,11.442197183098553
104190115,1.6167670205009301,-19.717154929577404,0.46732481438249024,11.233007042253485
104190116,1.6169826756990773,-19.705985915492896,0.5219934071125139,11.205633802816864
104190117,1.6176296412935152,-19.694908450704162,0.828978581673416,11.293704225352077
104190118,1.6181687792888795,-19.683647887323886,0.677912115372108,11.240880281690105
104190119,1.6186000896851702,-19.672204225352047,0.3032112085933462,11.278873239436583
104190120,1.6183844344870266,-19.66112676056332,-0.04798328158749611,11.222021126760525
104190121,1.6192470552796117,-19.64968309859149,0.19937323068602317,11.259281690140808
104190122,1.6193548828786852,-19.63833098591543,0.10308318471381188,11.422880281690103
104190123,1.6198940208740495,-19.627253521126697,0.010351449511010398,11.34204225352109
104190124,1.6205409864684874,-19.615992957746414,0.22988844122368926,11.341950704225315
104190125,1.6207566416666346,-19.604640845070357,0.17036760653537947,11.160499999999963
104190126,1.6208644692657117,-19.593471830985855,0.21436126695717367,11.042676056337992
104190127,1.621295779661999,-19.582302816901354,0.31280786491084545,11.316591549295739
104190128,1.6217270900582896,-19.571316901408395,0.3507631797845502,11.12003521126757
104190129,1.621295779661999,-19.56005633802811,0.39712904738595095,10.988021126760527
104190130,1.6217270900582896,-19.549070422535152,0.7281597765401376,10.99909859154926
104190131,1.6222662280536575,-19.537992957746418,0.8130200970106083,10.912309859154893
104190132,1.6224818832518046,-19.52664084507036,0.7114464986838187,11.142556338028133
104190133,1.622913193648099,-19.5156549295774,0.5808672762063856,11.022718309859119
104190134,1.6231288488462425,-19.5044859154929,0.4775684362944276,11.091563380281654
104190135,1.6231288488462425,-19.492767605633745,0.4001482201599956,11.428922535211232
104190136,1.6231288488462425,-19.481690140845004,0.17845467646585633,11.267246478873203
104190137,1.623883642039754,-19.470521126760502,0.526629993872654,11.275943661971795
104190138,1.6239914696388276,-19.45898591549289,0.4110388076663712,11.248387323943625
104190139,1.624746262832339,-19.447725352112613,0.46700133158527113,11.137704225352076
104190140,1.625716711223994,-19.436373239436556,0.6728442182156757,11.352845070422498
104190141,1.626363676818432,-19.425204225352054,0.4095292212793489,11.28335915492954
104190142,1.6274419528091641,-19.413669014084448,0.5936987604960754,11.323732394366159
104190143,1.627981090804525,-19.40231690140839,0.36855473363159935,11.303774647887288
104190144,1.628951539196187,-19.390781690140777,0.6230278674439383,11.243901408450668
104190145,1.6299219875878421,-19.378971830985854,0.8181958217661135,11.50637323943658
104190146,1.631215918776718,-19.36771126760558,0.8016981991079406,11.380309859154893
104190147,1.63229419476745,-19.356176056337965,0.6840582885192704,11.492823943661936
104190148,1.6332646431591051,-19.34464084507036,0.9640865633119162,11.72105633802813
104190149,1.6344507467489073,-19.33310563380276,0.8257437537012252,11.551507042253485
104190150,1.6350977123433452,-19.321753521126702,1.0326649163223602,11.570274647887286
104190151,1.6359603331359303,-19.310401408450645,1.1327289282621273,11.424711267605597
104190152,1.6368229539285153,-19.298957746478813,0.9622534941276748,11.404387323943626
104190153,1.6377934023201703,-19.287788732394304,1.101243269332804,11.472957746478835
104190154,1.6383325403155418,-19.27671126760557,0.8659634481554636,11.284823943661936
104190155,1.6390873335090497,-19.265450704225294,0.7372172948622717,11.200964788732358
104190156,1.6397342991034876,-19.254647887323884,0.6537587331797504,10.94453521126757
104190157,1.6401656094997819,-19.243478873239376,0.7021733251635387,11.000929577464754
104190158,1.6405969198960726,-19.232309859154874,0.906722280605067,11.139260563380246
104190159,1.6410282302923669,-19.221507042253457,0.3725443547973013,10.975204225352078
104190160,1.6415673682877276,-19.210521126760497,0.2215857160950663,11.10273239436616
104190161,1.641890851084952,-19.199809859154875,-0.09963270154347507,11.020612676056302
104190162,1.6425378166793827,-19.189098591549232,-0.011753208298959723,10.820577464788697
104190163,1.6424299890803127,-19.178204225352054,-0.026417761772891117,11.134774647887287
104190164,1.6426456442784598,-19.16749295774642,0.003666138368482849,10.89015492957743
104190165,1.6431847822738206,-19.156690140845015,0.28563530994444314,10.854633802816867
104190166,1.643723920269192,-19.146070422535153,0.5160628891634975,10.861133802816866
104190167,1.6432926098728977,-19.135359154929517,0.35421366295488704,10.81490140845067
104190168,1.643723920269192,-19.12464788732388,0.8135592350059734,10.757133802816865
104190169,1.6439395754673356,-19.113936619718253,0.6425446628761557,10.642239436619684
104190170,1.64437088586363,-19.103225352112617,0.4206354639838704,10.852253521126725
104190171,1.6449100238589907,-19.09233098591543,0.6317619029688533,10.961014084507006
104190172,1.6449100238589907,-19.081436619718254,0.39788384057946213,10.915330985915457
104190173,1.6451256790571378,-19.070633802816836,0.22180137129321234,10.842915492957712
104190174,1.6456648170525021,-19.060105633802756,0.1507429835040889,10.800253521126725
104190175,1.6460961274487929,-19.049302816901353,0.14470463795599953,10.632077464788699
104190176,1.646958748241378,-19.03840845070416,0.5676044815204034,10.938676056337993
104190177,1.64803702423211,-19.0277887323943,0.7965224743524355,10.70559154929574
104190178,1.6484683346284044,-19.016985915492896,0.7009872215737353,10.665035211267572
104190179,1.6490074726237651,-19.006183098591492,0.9816624619608193,10.895922535211232
104190180,1.649546610619133,-18.995563380281638,0.5553121352260786,10.704492957746444
104190181,1.6507327142089352,-18.984943661971776,0.9249451448484083,10.798605633802783
104190182,1.6509483694070823,-18.974049295774584,0.526737821471727,10.789725352112642
104190183,1.6517031626005902,-18.96324647887318,0.6144016595180962,10.757225352112641
104190184,1.6524579557941053,-18.95262676056332,0.6374767657197236,10.891711267605597
104190185,1.6529970937894696,-18.94209859154924,0.3833271147046038,10.912218309859119
104190186,1.6541831973792682,-18.931570422535152,0.7967381295505814,10.965774647887288
104190187,1.6542910249783453,-18.92113380281684,0.548842479281697,10.636014084507009
104190188,1.6553693009690775,-18.910422535211204,0.5676044815204034,10.727288732394332
104190189,1.6561240941625854,-18.89952816901402,0.8314586164520955,11.025922535211231
104190190,1.6567710597570233,-18.888816901408397,0.5408632369502933,10.796866197183064
104190191,1.6572023701533176,-18.877922535211205,0.4961147833349879,10.87559859154926
104190192,1.657741508148682,-18.867394366197125,0.5887386909387163,10.806936619718275
104190193,1.6588197841394106,-18.856408450704166,0.6297131785864658,10.760521126760528
104190194,1.659466749733852,-18.84551408450698,0.579142034621217,10.888598591549261
104190195,1.6601137153282899,-18.834711267605577,0.4204198087857244,10.94847183098588
104190196,1.661084163719945,-18.82354225352106,0.414597118435781,11.079936619718273
104190197,1.6623780949088207,-18.81273943661966,0.690527944463652,11.2094788732394
104190198,1.6631328881023322,-18.801753521126706,0.5062505776478523,11.23703521126757
104190199,1.6641033364939908,-18.79058450704219,0.6874009440905341,11.340943661971794
104190200,1.664642474489355,-18.77923239436614,0.6125685903338549,11.157570422535175
104190201,1.6655050952819401,-18.768154929577406,0.5808672762063856,11.112070422535176
104190202,1.666259888475448,-18.756985915492905,0.738079915654856,10.994795774647852
104190203,1.6674459920652573,-18.745725352112615,0.6704720110360692,10.989485915492923
104190204,1.667877302461548,-18.734373239436565,0.5599487219862186,11.212499999999963
104190205,1.6689555784522803,-18.72329577464783,0.6636788722944686,11.032147887323909
104190206,1.6697103716457882,-18.711943661971773,0.6482595256270262,11.109323943661936
104190207,1.6700338544430053,-18.700591549295716,0.5189742343384691,11.345704225352076
104190208,1.670357337240226,-18.689605633802756,0.20498026583782045,11.212316901408414
104190209,1.6712199580328146,-18.678436619718255,0.37286783759452036,11.124246478873202
104190210,1.6715434408300283,-18.667816901408393,0.2962024146535996,10.853626760563344
104190211,1.6718669236272525,-18.656922535211216,0.11375811702204133,10.690119718309823
104190212,1.6722982340235397,-18.646119718309798,0.3301681083616025,10.876880281690106
104190213,1.6726217168207604,-18.63540845070417,0.1593691914299309,10.95259154929574
104190214,1.6728373720189076,-18.624514084506977,0.1282070152978267,10.919450704225317
104190215,1.6731608548161248,-18.613894366197123,0.259109720572479,10.927232394366163
104190216,1.6734843376133455,-18.603366197183036,0.29264410388418977,10.579894366197149
104190217,1.6735921652124155,-18.5926549295774,0.27237251525846107,10.797690140845035
104190218,1.6736999928114926,-18.582309859154876,0.1780233660695642,10.70083098591546
104190219,1.6735921652124155,-18.571964788732338,-0.06631397342991036,10.509950704225318
104190220,1.6735921652124155,-18.56143661971825,-0.20530374863503956,10.483126760563346
104190221,1.6741313032077834,-18.550999999999938,0.15343867348091453,10.266063380281658
104190222,1.6744547860050005,-18.540563380281633,0.4051082897173548,10.367683098591515
104190223,1.6741313032077834,-18.53012676056332,0.17942512485751355,10.509035211267571
104190224,1.6748860964012948,-18.51978169014079,0.15742829464661645,10.266978873239403
104190225,1.6751017515994384,-18.50897887323938,0.4591299168529403,10.512605633802783
104190226,1.6754252343966556,-18.49881690140839,0.6300366613836849,10.322732394366163
104190227,1.6757487171938799,-18.488014084506986,0.6155877631078995,10.476169014084473
104190228,1.6759643723920234,-18.4774859154929,0.47476491871852894,10.455936619718274
104190229,1.6768269931846085,-18.466957746478812,0.4975165421229372,10.373816901408416
104190230,1.676611337986465,-18.455971830985852,0.4313103962920999,10.692774647887289
104190231,1.6769348207836785,-18.445443661971773,0.14362636196526926,10.621183098591514
104190232,1.6773661311799728,-18.43482394366191,0.11321897902667621,10.46252816901405
104190233,1.67747395877905,-18.424204225352057,0.45050370892709835,10.529450704225319
104190234,1.6781209243734807,-18.41349295774642,0.4564342268761147,10.482852112676023
104190235,1.6780130967744107,-18.402415492957694,0.4382113626327735,10.70815492957743
104190236,1.6782287519725578,-18.39216197183093,0.47929367787959604,10.502260563380247
104190237,1.6786600623688486,-18.381450704225294,0.2630993417381809,10.405218309859121
104190238,1.6789835451660657,-18.370922535211214,0.4603160204427436,10.404577464788698
104190239,1.6790913727651429,-18.360485915492895,0.40133432374979894,10.257915492957713
104190240,1.67930702796329,-18.35004929577459,0.6961349796154492,10.395788732394333
104190241,1.6791992003642129,-18.33952112676051,0.6200086946698936,10.456485915492923
104190242,1.6796305107605036,-18.329084507042197,0.4444653633790089,10.38452816901405
104190243,1.6797383383595808,-18.31873943661966,0.45287591610670486,10.536499999999966
104190244,1.679953993557728,-18.308394366197128,0.5591939287927075,10.497225352112642
104190245,1.6797383383595808,-18.297774647887266,0.557360859608466,10.391302816901375
104190246,1.67930702796329,-18.28715492957741,0.41427363563856195,10.496767605633769
104190247,1.6788757175669957,-18.27653521126755,0.13866629240791012,10.385077464788699
104190248,1.6786600623688486,-18.26600704225347,0.2752838604334328,10.52377464788729
104190249,1.6786600623688486,-18.25538732394361,0.1075041162758059,10.620450704225318
104190250,1.6787678899679186,-18.244859154929514,-0.1105232890498506,10.578704225352078
104190251,1.6782287519725578,-18.23405633802811,-0.31119045092475006,10.631894366197148
104190252,1.6781209243734807,-18.223345070422475,-0.4658152279954679,10.60122535211264
104190253,1.6783365795716279,-18.212359154929516,0.04453279841715931,11.014021126760527
104190254,1.6781209243734807,-18.201556338028112,0.09995618434069414,11.062450704225316
104190255,1.678444407170705,-18.190570422535153,0.17381808970571624,11.090190140845033
104190256,1.678552234769775,-18.179584507042193,0.5018296460858582,11.05723239436616
104190257,1.678552234769775,-18.168598591549234,0.34839097260494367,10.768485915492922
104190258,1.6786600623688486,-18.157704225352056,0.6119216247394167,10.868457746478839
104190259,1.6789835451660657,-18.146718309859097,0.39788384057946213,11.070873239436583
104190260,1.6790913727651429,-18.135457746478814,0.2434747187068904,11.079112676056303
104190261,1.67941485556236,-18.12465492957741,0.2888701379166339,11.035901408450668
104190262,1.67930702796329,-18.113852112676,0.22395792327467284,10.892809859154895
104190263,1.67930702796329,-18.102957746478815,0.027064727367329264,10.885119718309824
104190264,1.6790913727651429,-18.092154929577404,0.1049162538980533,10.810781690140809
104190265,1.6791992003642129,-18.081352112676,-0.09467263198611592,10.719507042253486
104190266,1.67941485556236,-18.070549295774597,0.1671327785631887,10.709161971830952
104190267,1.6790913727651429,-18.060021126760503,-0.016389795059099797,10.630246478873204
104190268,1.6790913727651429,-18.049401408450642,0.05499207552724274,10.41840140845067
104190269,1.6783365795716279,-18.038873239436562,-0.06760790461878666,10.411443661971798
104190270,1.6783365795716279,-18.02871126760558,-0.26892203208812426,10.230816901408417
104190271,1.678444407170705,-18.018183098591493,0.052404213149490134,10.556457746478838
104190272,1.6779052691753407,-18.008021126760504,-0.1277757049015346,10.464176056337994
104190273,1.6783365795716279,-17.997676056337973,0.12723656690616947,10.333809859154897
104190274,1.6780130967744107,-17.987147887323893,0.2228796472839426,10.343056338028134
104190275,1.6773661311799728,-17.977260563380227,-0.10081880513327834,10.124161971830953
104190276,1.67758178637812,-17.967098591549238,-0.05876604149479861,9.989035211267574
104190277,1.6763956827883177,-17.956753521126707,-0.11462073781462553,10.08726760563377
104190278,1.6763956827883177,-17.94649999999995,0.06631397342991036,9.926873239436587
104190279,1.6760721999910935,-17.936338028168954,0.15440912187257175,10.104295774647854
104190280,1.6754252343966556,-17.926176056337972,-0.23905378714489633,10.185866197183065
104190281,1.6747782688022248,-17.915647887323892,-0.3149644168923059,10.223218309859122
104190282,1.6740234756087098,-17.905302816901354,-0.513906337182037,10.295450704225319
104190283,1.6742391308068534,-17.89504929577459,-0.3009468290128127,10.177626760563347
104190284,1.6738078204105626,-17.88442957746473,-0.2691376872862703,10.519929577464755
104190285,1.6733765100142683,-17.873992957746424,-0.3876402186675248,10.490908450704191
104190286,1.6727295444198305,-17.863281690140788,-0.39939342696648444,10.421239436619684
104190287,1.6720825788253926,-17.852753521126708,-0.448994122540076,10.452549295774613
104190288,1.6722982340235397,-17.842133802816846,-0.2055194038331856,10.401098591549262
104190289,1.6714356132309582,-17.83142253521121,-0.3207871072422493,10.572112676056303
104190290,1.6707886476365204,-17.82080281690135,-0.28477268915185894,10.540894366197149
104190291,1.6702495096411525,-17.809999999999945,-0.4988104733118135,10.57458450704222
104190292,1.6699260268439353,-17.799380281690084,-0.2568453409919455,10.525971830985881
104190293,1.669494716447641,-17.788669014084448,-0.3207871072422493,10.535676056337994
104190294,1.6690634060513503,-17.777957746478812,-0.3422447994577813,10.421605633802784
104190295,1.6683086128578424,-17.76733802816895,-0.7277284661438455,10.69890845070419
104190296,1.6680929576596952,-17.75662676056333,-0.8109713726282208,10.797873239436584
104190297,1.667661647263401,-17.746007042253467,-0.565663584737089,10.81096478873236
104190298,1.6665833712726723,-17.73529577464783,-0.8313507888530225,10.897570422535177
104190299,1.6663677160745252,-17.724859154929526,-0.6896653236710677,10.740105633802782
104190300,1.666152060876378,-17.714422535211213,-0.7801326792933356,10.682429577464754
104190301,1.6658285780791608,-17.703894366197126,-0.7400208124381704,10.51828169014081
104190302,1.6650737848856458,-17.69364084507037,-0.7222292585911212,10.549042253521092
104190303,1.665181612484723,-17.68320422535205,-0.6894496684729217,10.554809859154895
104190304,1.6647503020884322,-17.672401408450646,-0.7352763980789573,10.569732394366163
104190305,1.664318991692138,-17.66196478873234,-0.6673450106629516,10.438633802816867
104190306,1.6638876812958472,-17.65152816901403,-0.7290223973327218,10.47021830985912
104190307,1.6638876812958472,-17.640816901408392,-0.36844690603252633,10.659999999999965
104190308,1.6638876812958472,-17.630288732394312,-0.21867437092009462,10.696070422535175
104190309,1.663456370899553,-17.61957746478867,-0.37103476841027894,10.727288732394332
104190310,1.6633485433004758,-17.608774647887266,0.017360243450757023,10.769767605633767
104190311,1.6631328881023322,-17.59806338028163,-0.08442901007417855,10.680140845070389
104190312,1.6631328881023322,-17.587169014084452,-0.13521580923757331,10.70302816901405
104190313,1.6631328881023322,-17.576640845070365,0.10178925352493556,10.60909859154926
104190314,1.6633485433004758,-17.565654929577413,-0.029544762146008843,10.570190140845037
104190315,1.662809405305115,-17.554485915492904,-0.10761194387487892,10.717309859154895
104190316,1.6629172329041921,-17.54340845070417,0.10955284065819337,10.809316901408415
104190317,1.6632407157014057,-17.53278873239431,-0.03353438331171077,10.631070422535178
104190318,1.6632407157014057,-17.521528169014033,-0.04658152279954678,10.812521126760528
104190319,1.6633485433004758,-17.510542253521074,-0.055746868720753906,10.652309859154895
104190320,1.6630250605032622,-17.499739436619656,-0.06771573221785968,10.845936619718275
104190321,1.6624859225078978,-17.48866197183093,-0.1952757819212482,10.887957746478838
104190322,1.6624859225078978,-17.477676056337977,-0.4511506745215365,10.923753521126725
104190323,1.6621624397106771,-17.466598591549236,-0.3295211427671643,10.978774647887288
104190324,1.6614076465171657,-17.45597887323938,-0.5644774811472857,10.711359154929543
104190325,1.6614076465171657,-17.445084507042196,-0.27894999880191557,10.884295774647851
104190326,1.6605450257245806,-17.434464788732335,-0.40715701409974225,10.70385211267602
104190327,1.6596824049319956,-17.4237535211267,-0.7410990884289006,10.70403521126757
104190328,1.6589276117384877,-17.41313380281685,-0.7180239822272733,10.699915492957711
104190329,1.6580649909459027,-17.40269718309854,-0.8179801665679675,10.607267605633767
104190330,1.6572023701533176,-17.391985915492903,-0.902301349043073,10.51315492957743
104190331,1.6562319217616626,-17.381549295774597,-0.7329041908993508,10.48202816901405
104190332,1.6554771285681475,-17.371112676056278,-0.9724971160396121,10.46902816901405
104190333,1.6549379905727832,-17.360676056337972,-0.7390503640465131,10.604246478873206
104190334,1.6539675421811282,-17.350147887323892,-1.1207600647650215,10.60790845070419
104190335,1.6532127489876132,-17.33971126760558,-0.9032717974347303,10.498049295774614
104190336,1.6522423005959581,-17.329457746478816,-0.9730362540349774,10.34964788732391
104190337,1.651379679803373,-17.319112676056285,-1.1002728209411468,10.318795774647853
104190338,1.6506248866098652,-17.308676056337973,-1.058004402104521,10.454380281690106
104190339,1.649546610619133,-17.298239436619667,-1.0232839152030069,10.536042253521092
104190340,1.6492231278219123,-17.28798591549291,-0.8116183382226589,10.323830985915459
104190341,1.648683989826548,-17.277274647887268,-0.6484751808251722,10.398626760563348
104190342,1.6482526794302572,-17.26702112676051,-0.5951005192840247,10.279154929577432
104190343,1.647821369033963,-17.25658450704219,-0.36079114649834154,10.389563380281656
104190344,1.647066575840455,-17.246330985915435,-0.32563934920053544,10.429204225352079
104190345,1.6464196102460171,-17.235619718309806,-0.6663745622712943,10.493746478873206
104190346,1.64631178264694,-17.224999999999945,-0.3596050429085383,10.570098591549263
104190347,1.645556989453432,-17.214654929577414,-0.4388583282272116,10.5277112676056
104190348,1.645341334255285,-17.204218309859108,-0.4406913974114531,10.333260563380248
104190349,1.6444787134627,-17.193690140845014,-0.43734874184018924,10.364661971830952
104190350,1.6441552306654827,-17.18325352112671,-0.40004039256092266,10.256999999999966
104190351,1.6435082650710449,-17.172633802816847,-0.23937726994211544,10.351387323943628
104190352,1.6427534718775298,-17.162197183098534,-0.6659432518750023,10.478183098591515
104190353,1.641998678684022,-17.15176056338023,-0.6076085207764957,10.307443661971798
104190354,1.6412438854905105,-17.141507042253465,-0.6496612844149754,10.265514084507009
104190355,1.6404890922969955,-17.131161971830927,-0.579142034621217,10.140549295774616
104190356,1.6394108163062668,-17.12109154929572,-0.7233075345818516,10.154098591549262
104190357,1.6389795059099797,-17.110838028168963,-0.40661787610437716,10.050922535211235
104190358,1.6383325403155418,-17.100492957746425,-0.5070053708413633,10.125535211267573
104190359,1.6372542643248096,-17.089964788732345,-0.5635070327556284,10.137253521126727
104190360,1.6361759883340774,-17.07943661971826,-0.8512988946815321,10.188612676056305
104190361,1.6358525055368602,-17.06909154929572,-0.5146611303755482,10.329781690140813
104190362,1.6348820571452016,-17.058838028168964,-0.48403809223880906,10.359626760563346
104190363,1.6344507467489073,-17.048309859154877,-0.3941098746119063,10.289133802816869
104190364,1.6336959535553994,-17.03796478873234,-0.3966977369896589,10.533936619718276
104190365,1.6327255051637444,-17.027711267605582,-0.3290898323708722,10.37583098591546
104190366,1.632186367168373,-17.017183098591495,-0.30277989819705414,10.330788732394332
104190367,1.631431573974865,-17.006654929577415,-0.27237251525846107,10.407873239436585
104190368,1.6307846083804272,-16.99612676056332,-0.6909592548599439,10.325204225352078
104190369,1.6304611255832029,-16.985507042253467,-0.4608551584381087,10.430485915492925
104190370,1.6301376427859893,-16.975161971830936,-0.6068537275829845,10.529176056337993
104190371,1.629598504790625,-16.964359154929525,-0.673599011409187,10.610563380281656
104190372,1.6291671943943342,-16.953739436619664,-0.6323010409642185,10.65716197183095
104190373,1.62884371159711,-16.942753521126704,-0.5022609564821503,10.755394366197148
104190374,1.628951539196187,-16.932133802816843,-0.19408967833144494,10.815816901408414
104190375,1.6286280563989628,-16.921147887323883,-0.20972468019703355,10.87028873239433
104190376,1.62884371159711,-16.91043661971826,-0.30817127815070533,10.569915492957712
104190377,1.62873588399804,-16.899633802816844,-0.2733429636501183,10.675471830985881
104190378,1.62873588399804,-16.888922535211222,-0.3014859670081778,10.774436619718275
104190379,1.6286280563989628,-16.877936619718263,-0.16734843376133476,11.035260563380245
104190380,1.62873588399804,-16.8673169014084,-0.16357446779377888,10.881915492957711
104190381,1.628951539196187,-16.856605633802765,-0.0768810781390668,10.675105633802783
104190382,1.6291671943943342,-16.84571126760558,0.13413753324684308,10.829183098591514
104190383,1.62884371159711,-16.8351830985915,0.03148565892932329,10.657436619718275
104190384,1.62884371159711,-16.824746478873188,-0.13273577445889376,10.501711267605598
104190385,1.6285202287998928,-16.814126760563326,-0.05294335114485526,10.494845070422501
104190386,1.6283045736017492,-16.803598591549246,-0.22902582043110503,10.40576760563377
104190387,1.627873263205455,-16.793436619718257,-0.2453077878911318,10.38745774647884
104190388,1.6274419528091641,-16.782816901408403,-0.47810757428979267,10.644345070422501
104190389,1.6274419528091641,-16.772380281690083,-0.49600695573591486,10.37702112676053
104190390,1.627226297611017,-16.76203521126756,-0.5321292014253782,10.354866197183064
104190391,1.6275497804082342,-16.751781690140795,-0.33049159115882154,10.255992957746445
104190392,1.626471504417509,-16.74152816901404,-0.5398927885586361,10.312387323943629
104190393,1.6261480216202848,-16.731457746478817,-0.5583313080001233,10.294718309859121
104190394,1.625501056025847,-16.721021126760512,-0.7154361198495207,10.08864084507039
104190395,1.6250697456295526,-16.7105845070422,-0.3096808645377277,10.134781690140812
104190396,1.624746262832339,-16.70069718309854,-0.03008390014137397,9.972922535211236
104190397,1.6240992972378976,-16.690260563380235,-0.4141658080394889,10.316323943661939
104190398,1.6239914696388276,-16.680190140845014,-0.05359031673929342,10.245007042253489
104190399,1.6234523316434597,-16.669753521126708,-0.2685985492909052,10.270091549295742
104190400,1.6223740556527275,-16.659408450704177,-0.42376246435698817,10.200239436619686
104190401,1.6217270900582896,-16.64888028169009,-0.3428917650522194,10.31852112676053
104190402,1.6216192624592196,-16.638535211267552,-0.15829091543920065,10.361549295774614
104190403,1.6214036072610725,-16.628190140845014,-0.30418165698500343,10.327126760563347
104190404,1.621295779661999,-16.617661971830934,-0.17748422807419909,10.259288732394332
104190405,1.6203253312703438,-16.607133802816854,-0.5134750267857449,10.262035211267571
104190406,1.6203253312703438,-16.596788732394316,-0.3527040765678647,10.330605633802783
104190407,1.6202175036712703,-16.586077464788673,-0.2785186884056235,10.29252112676053
104190408,1.6200018484731267,-16.575640845070374,-0.19678536830827056,10.349739436619684
104190409,1.6195705380768324,-16.565112676056287,-0.40305956533496734,10.311929577464756
104190410,1.6192470552796117,-16.55476760563375,-0.3393334542828096,10.269999999999968
104190411,1.6193548828786852,-16.54423943661967,-0.18546347040560293,10.390112676056305
104190412,1.6191392276805416,-16.533528169014033,-0.5459311341067254,10.4175774647887
104190413,1.6193548828786852,-16.52336619718305,-0.36003635330483036,10.277781690140811
104190414,1.6191392276805416,-16.512838028168964,-0.5085149572283857,10.267253521126728
104190415,1.6187079172842473,-16.50221830985911,-0.45859077885757515,10.412542253521094
104190416,1.6183844344870266,-16.49178169014079,-0.3417056614624161,10.429936619718276
104190417,1.6184922620861002,-16.48125352112671,-0.19365836793515284,10.460697183098558
104190418,1.6179531240907394,-16.470725352112623,-0.10373015030825002,10.573119718309824
104190419,1.6180609516898095,-16.460471830985867,-0.2276240616431557,10.448063380281656
104190420,1.6174139860953716,-16.44976056338023,-0.47853888468608485,10.48376760563377
104190421,1.6170905032981544,-16.439323943661925,-0.2976041734415489,10.414098591549262
104190422,1.61665919290186,-16.428521126760508,-0.4484549845447109,10.373359154929544
104190423,1.61665919290186,-16.41826760563375,-0.34299959265129243,10.305246478873206
104190424,1.6164435377037165,-16.407556338028115,-0.2737742740464104,10.483950704225318
104190425,1.6160122273074222,-16.39647887323939,-0.2616975829502316,10.703577464788697
104190426,1.615904399708345,-16.38567605633797,-0.5026922668784425,10.852985915492923
104190427,1.6156887445102015,-16.37469014084501,-0.5891700013350084,10.882830985915456
104190428,1.6155809169111315,-16.363887323943608,-0.207352473017427,11.080119718309822
104190429,1.6155809169111315,-16.352718309859107,-0.4129797044496856,11.14978873239433
104190430,1.6153652617129843,-16.341457746478817,-0.3038581741877844,11.107584507042217
104190431,1.6153652617129843,-16.33047183098587,-0.06469655944381497,11.113169014084471
104190432,1.6154730893120544,-16.319028169014032,-0.08259594088993713,11.200507042253484
104190433,1.6154730893120544,-16.3075845070422,-0.103622322709177,11.247746478873202
104190434,1.61493395131669,-16.296049295774594,-0.1355392920347924,11.076366197183063
104190435,1.6151496065148372,-16.28442253521122,-0.18535564280652994,11.182654929577428
104190436,1.6151496065148372,-16.27297887323938,-0.05628600671611903,11.311556338028133
104190437,1.6145026409203993,-16.261443661971782,-0.27970479199542675,11.420499999999963
104190438,1.6143948133213293,-16.24999999999995,-0.12637394611358527,11.399443661971794
104190439,1.613963502925035,-16.23837323943657,-0.27916565400006166,11.389098591549258
104190440,1.6135321925287442,-16.226654929577414,-0.2828317923685445,11.178260563380245
104190441,1.6135321925287442,-16.215669014084455,-0.3183070724635697,11.241795774647851
104190442,1.6134243649296671,-16.20422535211263,-0.21608650854234204,11.210211267605597
104190443,1.612561744137082,-16.192873239436572,-0.535471856996642,11.164619718309824
104190444,1.6120226061417213,-16.18161267605629,-0.457620330465918,11.10154225352109
104190445,1.6113756405472799,-16.170352112676007,-0.583023828187846,10.97740140845067
104190446,1.6104051921556248,-16.158908450704175,-0.5472250652956017,11.405394366197147
104190447,1.6100817093584041,-16.148105633802764,-0.453307226502997,11.10785915492954
104190448,1.6096503989621098,-16.136936619718256,-0.49309561056094314,11.172676056337991
104190449,1.609111260966749,-16.126133802816852,-0.36952518202325657,11.024732394366161
104190450,1.6083564677732376,-16.114964788732344,-0.6795295293582034,10.949295774647851
104190451,1.6074938469806526,-16.104253521126715,-0.5511068588622307,10.717950704225316
104190452,1.606415570989924,-16.093267605633756,-0.7647133326258931,10.847126760563345
104190453,1.6063077433908468,-16.082281690140796,-0.5257673730800698,10.864246478873204
104190454,1.6052294674001217,-16.071478873239386,-0.8524849982713354,10.913683098591514
104190455,1.6042590190084596,-16.06040140845066,-0.7774369893165101,11.051556338028133
104190456,1.6035042258149517,-16.04914084507037,-0.8842941399978778,11.071697183098555
104190457,1.6023181222251495,-16.038154929577416,-1.0546617465332573,10.99397183098588
104190458,1.6016711566307116,-16.027169014084457,-0.9310913179955707,10.964676056337993
104190459,1.6008085358381265,-16.016366197183046,-1.0943423029921304,11.003126760563346
104190460,1.6004850530409023,-16.005380281690087,-0.9235433860604588,10.871295774647853
104190461,1.5998380874464715,-15.99430281690136,-0.9484515614463276,10.939133802816865
104190462,1.5986519838566622,-15.982950704225303,-1.067385403223874,11.133950704225317
104190463,1.5978971906631543,-15.971873239436569,-1.2147857311566994,11.216802816901373
104190464,1.5962797766770613,-15.96033802816897,-1.2041107988484698,11.627584507042217
104190465,1.595093673087252,-15.949077464788687,-0.9773493579978982,11.500056338028132
104190466,1.5944467074928141,-15.937816901408397,-1.1083598908716237,11.49566197183095
104190467,1.593152776303942,-15.926373239436572,-1.2472418384776798,11.421232394366161
104190468,1.591751017515989,-15.91492957746474,-0.9963270154347508,11.383971830985878
104190469,1.590025775930826,-15.90394366197178,-1.2455165968925115,11.339021126760526
104190470,1.5888396723410168,-15.892774647887272,-1.2192066627186933,11.21460563380278
104190471,1.587437913553071,-15.881514084506996,-1.3412675048693576,11.184943661971795
104190472,1.5863596375623388,-15.870436619718262,-1.0632879544590992,11.197852112676019
104190473,1.5851735339725366,-15.858901408450656,-1.122593133949263,11.343507042253485
104190474,1.5835561199864436,-15.84764084507038,-1.3634799902784007,11.199683098591512
104190475,1.5830169819910758,-15.836563380281639,-1.118495685184488,11.248021126760527
104190476,1.5819387060003471,-15.82539436619713,-1.0299692263455344,11.124612676056302
104190477,1.5807526024105414,-15.814133802816848,-0.937021835944587,11.07966197183095
104190478,1.579458671221662,-15.80278169014079,-0.9358357323547837,11.05604225352109
104190479,1.5785960504290841,-15.791246478873191,-0.9123293157568643,11.157295774647851
104190480,1.577625602037422,-15.779985915492908,-1.0264109155761247,11.311281690140808
104190481,1.576762981244837,-15.768450704225309,-0.9011152454532697,11.341035211267569
104190482,1.5762238432494762,-15.756915492957695,-0.4641978140093725,11.580619718309821
104190483,1.5754690500559683,-15.74547183098587,-0.850651929087094,11.543084507042217
104190484,1.575145567258744,-15.733661971830934,-0.6477203876316611,11.638753521126722
104190485,1.574498601664306,-15.721943661971778,-0.6448090424566894,11.786605633802779
104190486,1.5739594636689418,-15.7099507042253,-0.5602722047834378,11.71373239436616
104190487,1.5739594636689418,-15.69795774647882,-0.35518411134654426,11.783218309859116
104190488,1.5729890152772867,-15.686056338028123,-0.6963506348135953,11.919352112676018
104190489,1.572557704880996,-15.674063380281645,-0.7801326792933356,11.900035211267566
104190490,1.5713716012911867,-15.66188732394361,-0.8789027600442265,12.163422535211229
104190491,1.570832463295826,-15.649802816901357,-0.8115105106235859,12.094028169014045
104190492,1.569969842503241,-15.637535211267554,-0.7998651299236993,12.075169014084466
104190493,1.5689993941115858,-15.625359154929527,-0.9960035326375317,12.225950704225312
104190494,1.5683524285171444,-15.613091549295724,-0.8508675842852401,12.043584507042215
104190495,1.5673819801254858,-15.60119014084502,-0.9590186661554841,12.128450704225312
104190496,1.5661958765356836,-15.588922535211225,-1.032125778326995,12.155549295774609
104190497,1.5652254281440285,-15.576838028168972,-1.109869477258646,12.124788732394327
104190498,1.5636080141579356,-15.56511971830981,-1.0642584028507565,11.87842957746475
104190499,1.5622062553699791,-15.55312676056333,-1.3287595033768869,11.732408450704186
104190500,1.5608044965820334,-15.540950704225303,-1.1027528557198263,12.122591549295736
104190501,1.559510565393154,-15.528866197183042,-1.3368465733073636,12.144288732394326
104190502,1.5582166342042818,-15.516964788732345,-1.575792532853187,11.950753521126721
104190503,1.5563835650200382,-15.504880281690092,-1.515732560169512,12.041936619718271
104190504,1.555089633831166,-15.493436619718267,-1.511850766602883,11.639943661971794
104190505,1.5539035302413566,-15.481443661971788,-1.2979208100420017,11.61073943661968
104190506,1.551854805858973,-15.469633802816851,-1.6517031626005965,11.871746478873202
104190507,1.550992185066388,-15.457823943661921,-1.6105130197547008,11.792190140845033
104190508,1.5489434606840007,-15.445922535211217,-1.567381980125491,11.821028169014046
104190509,1.5478651846932685,-15.434204225352062,-1.3961517527975273,11.720964788732356
104190510,1.5466790811034663,-15.422211267605583,-1.3207802610454829,11.764084507042215
104190511,1.5451694947164434,-15.410309859154886,-1.2575932879886902,11.887859154929538
104190512,1.543875563527564,-15.398316901408407,-1.1120260292401065,11.715654929577427
104190513,1.5425816323386954,-15.386415492957696,-0.9006839350569775,11.906901408450667
104190514,1.541072045951669,-15.374605633802773,-0.9466184922620863,11.60478873239433
104190515,1.540317252758161,-15.36233802816897,-0.7697812297823253,11.705492957746442
104190516,1.5392389767674288,-15.350253521126717,-0.8594937922110821,11.91605633802813
104190517,1.5383763559748438,-15.338169014084457,-0.8544258950546499,11.874950704225313
104190518,1.5367589419887508,-15.326084507042204,-0.7489705031612315,12.16323943661968
104190519,1.5358963211961658,-15.313908450704183,-0.8271455124891746,12.083683098591509
104190520,1.5348180452054336,-15.301457746478825,-1.0759037835506433,12.08999999999996
104190521,1.5335241140165579,-15.289373239436571,-1.2768944282227617,12.145021126760524
104190522,1.5327693208230464,-15.277105633802769,-1.0243621911937373,12.02481690140841
104190523,1.5310440792378763,-15.264654929577418,-1.4346462056665974,12.146577464788692
104190524,1.5299658032471477,-15.252570422535165,-1.1327289282621273,11.981147887323903
104190525,1.5281327340629076,-15.239936619718264,-1.5296423204499323,12.144471830985875
104190526,1.5267309752749583,-15.227669014084462,-1.3636956454765468,12.137514084507004
104190527,1.525652699284226,-15.215401408450653,-1.459446553453393,12.077823943661931
104190528,1.5243587680953503,-15.202950704225302,-1.5392389767674315,12.20068309859151
104190529,1.522957009307401,-15.190408450704176,-1.5181047673491186,12.440176056337988
104190530,1.5216630781185252,-15.177774647887283,-1.5023619378844568,12.482929577464748
104190531,1.5193986985379908,-15.16523239436615,-1.5431207703340604,12.542711267605592
104190532,1.5185360777454058,-15.15259859154925,-1.3421301256619418,12.458485915492918
104190533,1.5174578017546736,-15.139690140845019,-0.9349731115621995,12.49757746478869
104190534,1.5156247325704335,-15.126873239436577,-1.3247698822111849,12.707408450704184
104190535,1.51530124977322,-15.11405633802812,-1.0337431923130904,12.756936619718267
104190536,1.5145464565797049,-15.101330985915446,-0.7086429811079201,12.97363380281686
104190537,1.5128212149945384,-15.088147887323892,-0.9304443524011324,12.96832394366193
104190538,1.5120664218010234,-15.074781690140796,-1.0680323688183124,13.01620422535207
104190539,1.5113116286075154,-15.061690140845023,-0.7958755087579974,13.047056338028126
104190540,1.5108803182112247,-15.048415492957702,-0.7284832593373567,12.971436619718268
104190541,1.5101255250177132,-15.034957746478831,-0.3851601838888452,13.035795774647845
104190542,1.509047249026981,-15.021499999999953,-0.543990237323411,13.082669014084464
104190543,1.5085081110316132,-15.008225352112625,-0.6496612844149754,12.943239436619677
104190544,1.5074298350408881,-14.995042253521085,-0.8142062006004116,13.067471830985873
104190545,1.506459386649226,-14.981492957746433,-1.027920501963147,13.240774647887282
104190546,1.505596765856641,-14.968035211267555,-1.0886274402412601,13.21633098591545
104190547,1.5046263174649859,-14.954943661971782,-1.0440946418241008,13.196007042253477
104190548,1.503979351870548,-14.94166901408446,-0.8667182413489747,13.231619718309815
104190549,1.502469765483525,-14.928669014084456,-1.0818343014996596,13.432753521126717
104190550,1.5017149722900172,-14.91557746478869,-1.1514909305008336,13.284443661971789
104190551,1.500528868700215,-14.90211971830982,-1.3056843971752594,13.32133802816897
104190552,1.4993427651104057,-14.889302816901363,-1.5177812845518994,13.087063380281647
104190553,1.498803627115045,-14.876302816901365,-1.1823296238357188,13.100978873239395
104190554,1.4971862131289484,-14.863394366197134,-1.0840986810801931,13.36445774647883
104190555,1.4956766267419255,-14.850302816901362,-1.0892744058356982,13.338640845070378
104190556,1.4943826955530497,-14.837577464788687,-1.1664789667719841,13.01840140845066
104190557,1.4926574539678796,-14.82476056338023,-1.19591590131892,13.022612676056296
104190558,1.4913635227790074,-14.811943661971789,-0.8992821762690283,12.845281690140803
104190559,1.4902852467882752,-14.799218309859114,-0.9758397716108761,12.913302816901368
104190560,1.4886678328021823,-14.786401408450658,-1.2617985643525382,12.976014084507
104190561,1.48758955681145,-14.773584507042202,-1.014657707277165,12.829992957746436
104190562,1.48586431522628,-14.76076760563376,-1.1507361373073224,12.73212676056334
104190563,1.4844625564383307,-14.747676056337987,-1.1601171384266755,12.805732394366157
104190564,1.483168625249455,-14.734676056337982,-1.4101693406770206,12.964204225352072
104190565,1.4823060044568699,-14.7219507042253,-1.217697076331671,12.798591549295734
104190566,1.4813355560652148,-14.709133802816858,-1.0093741549225868,12.661633802816862
104190567,1.4800416248763355,-14.696133802816853,-0.6882635648831184,13.070492957746437
104190568,1.4789633488856069,-14.682950704225313,-0.7941502671728289,13.01382394366193
104190569,1.4784242108902426,-14.669859154929533,-0.6148329699143883,12.78513380281686
104190570,1.4782085556920954,-14.657133802816858,-0.43842701783091953,12.751169014084464
104190571,1.4769146245032196,-14.644133802816853,-0.7974929227440927,12.600661971830945
104190572,1.4758363485124875,-14.631316901408411,-0.9085553497893083,12.583084507042214
104190573,1.4745424173236117,-14.618225352112631,-0.9172893853142235,12.802070422535168
104190574,1.4737876241301002,-14.605225352112633,-1.0907839922227205,12.726908450704185
104190575,1.4724936929412245,-14.592316901408402,-1.1507361373073224,12.851598591549255
104190576,1.4716310721486394,-14.579133802816855,-1.3074096387604277,13.051908450704182
104190577,1.4706606237569844,-14.566133802816857,-1.425696514943536,13.061154929577421
104190578,1.4690432097708879,-14.553042253521077,-1.201091626074425,13.058408450704182
104190579,1.468504071775527,-14.539950704225305,-1.0823734394950246,13.00833098591545
104190580,1.467641450982942,-14.526676056337983,-1.1733799331126578,13.079373239436576
104190581,1.466778830190357,-14.513676056337985,-0.8889307267580178,13.016661971830944
104190582,1.465916209397772,-14.500035211267559,-0.717053533835616,13.09557746478869
104190583,1.465053588605187,-14.486760563380237,-0.8865585195784114,13.11132394366193
104190584,1.464406623010749,-14.473302816901366,-0.5774167930360488,13.090359154929535
104190585,1.4639753126144548,-14.45993661971827,-0.3706034580139868,13.16158450704221
104190586,1.4630048642227997,-14.445838028168964,-0.5295413390476256,13.29533802816897
104190587,1.462681381425579,-14.432288732394326,-0.543882409724338,13.214591549295731
104190588,1.462681381425579,-14.418830985915449,-0.293614552275847,13.321154929577421
104190589,1.462681381425579,-14.404732394366157,0.22988844122368926,13.397323943661927
104190590,1.462573553826509,-14.391183098591505,0.2106951285886908,13.435225352112631
104190591,1.462573553826509,-14.377176056337987,0.22740840644500968,13.565225352112632
104190592,1.462573553826509,-14.362894366197139,0.177052917677907,13.672246478873195
104190593,1.4619265882320676,-14.34925352112672,-0.004205276363847973,13.445661971830942
104190594,1.4621422434302147,-14.33515492957742,0.04075883244960344,13.596077464788689
104190595,1.4621422434302147,-14.321056338028129,0.00010782759907302496,13.587929577464744
104190596,1.461603105434854,-14.307232394366153,-0.04733631599305796,13.536295774647842
104190597,1.4619265882320676,-14.293316901408403,0.32294365922370977,13.470288732394321
104190598,1.4611717950385597,-14.279584507042209,0.16228053660490258,13.449232394366154
104190599,1.460848312241339,-14.26576056338024,-0.30116248421095876,13.517711267605591
104190600,1.4603091742459746,-14.251936619718265,-0.6621692859074463,13.47120422535207
104190601,1.4603091742459746,-14.238295774647845,-0.45740467526777195,13.599190140845026
104190602,1.459985691448754,-14.224654929577419,-0.27733258481582024,13.501873239436575
104190603,1.4593387258543196,-14.211197183098541,0.19516795432217518,13.557077464788687
104190604,1.4583682774626574,-14.197007042253475,-0.040435349652384364,13.642401408450661
104190605,1.4578291394672966,-14.183640845070379,-0.26299151413910793,13.521556338028125
104190606,1.4571821738728552,-14.170183098591501,-0.34795966220865154,13.426619718309817
104190607,1.4569665186747116,-14.156633802816863,-0.08863428643802652,13.315661971830941
104190608,1.4555647598867623,-14.142809859154887,-0.5020453012840043,13.38496478873235
104190609,1.45448648389603,-14.129077464788693,-0.561134825576022,13.590584507042209
104190610,1.4538395183015922,-14.1153450704225,-0.33879431628744444,13.447309859154885
104190611,1.4528690699099371,-14.10197887323939,-0.6113824867440516,13.472485915492912
104190612,1.4516829663201314,-14.087971830985872,-0.7418538816224117,13.681584507042208
104190613,1.45092817312662,-14.073964788732354,-0.634888903341971,13.690739436619674
104190614,1.4498498971358913,-14.060232394366146,-0.7009872215737353,13.648626760563335
104190615,1.4488794487442362,-14.04631690140841,-0.7679481605980838,13.75665492957742
104190616,1.4483403107488648,-14.03240140845066,-0.5494894448761353,13.843352112676012
104190617,1.4473698623572098,-14.018669014084466,-0.7832596796664534,13.723147887323899
104190618,1.4461837587674076,-14.004204225352069,-0.9457558714695019,13.91210563380277
104190619,1.4454289655738926,-13.990288732394319,-0.7271893281484804,13.730014084506998
104190620,1.4443506895831675,-13.976098591549245,-0.7839066452608916,13.657781690140801
104190621,1.4437037239887296,-13.962274647887284,-0.37416176878339663,13.713626760563336
104190622,1.4427332755970674,-13.947992957746436,-0.6721972526212376,13.886654929577418
104190623,1.4420863100026295,-13.934077464788686,-0.7181318098263463,13.588478873239392
104190624,1.4407923788137573,-13.919887323943613,-0.8315664440511685,13.690007042253477
104190625,1.4399297580211723,-13.905605633802772,-0.9102805913744768,13.820830985915446
104190626,1.4389593096295137,-13.89150704225348,-0.8585233438194249,13.591866197183055
104190627,1.4378810336387886,-13.877408450704188,-0.5410788921484393,13.749239436619675
104190628,1.4374497232424943,-13.863035211267558,-0.6328401789595836,13.969415492957701
104190629,1.4357244816573242,-13.848753521126717,-0.9859755659237402,13.94323239436615
104190630,1.43518534366196,-13.834380281690095,-0.737972088055783,14.084767605633758
104190631,1.434430550468445,-13.819915492957698,-0.5632913775574825,14.111408450704179
104190632,1.4332444468786463,-13.80535915492954,-0.673491183810114,14.312633802816855
104190633,1.4325974812842048,-13.79098591549291,-0.4944973693488925,14.252943661971784
104190634,1.4322739984869912,-13.776246478873198,-0.708211670711628,14.645507042253474
104190635,1.431303550095329,-13.761140845070386,-0.967537046482253,14.709499999999952
104190636,1.4305487569018212,-13.746126760563335,-0.6792060465609843,14.879690140845023
104190637,1.4296861361092361,-13.731112676056298,-0.6792060465609843,15.015823943661923
104190638,1.4291469981138718,-13.716190140845029,-0.42397811955513415,14.846183098591501
104190639,1.427853066924996,-13.701084507042218,-0.34429352384016876,15.266852112676006
104190640,1.4268826185333339,-13.685612676056294,-0.6550526643686266,15.471464788732344
104190641,1.4259121701416788,-13.670507042253476,-0.8644538617684412,15.340183098591499
104190642,1.425157376948171,-13.655401408450665,-0.6852443921090737,15.353457746478822
104190643,1.4239712733583616,-13.639838028168974,-0.7242779829735088,15.297704225352062
104190644,1.4231086525657837,-13.624640845070381,-0.7786230929063133,15.123943661971783
104190645,1.4219225489759744,-13.609718309859112,-0.7401286400372434,15.063978873239387
104190646,1.4210599281833893,-13.594795774647842,-0.6974289108043255,14.92711267605629
104190647,1.4196581693954435,-13.579873239436573,-0.7183474650244924,14.92949295774643
104190648,1.419011203801002,-13.56513380281686,-0.7966303019515084,14.655943661971785
104190649,1.4175016174139863,-13.550119718309823,-0.9762710820071681,14.566225352112628
104190650,1.4159920310269634,-13.53547183098587,-1.045172917814831,14.624359154929529
104190651,1.4149137550362312,-13.520640845070382,-1.1209757199631676,14.624359154929529
104190652,1.4139433066445761,-13.506176056337985,-1.2922059472911311,14.590943661971783
104190653,1.413080685851991,-13.491711267605595,-1.2198536283131316,14.569978873239391
104190654,1.4117867546631118,-13.47733802816898,-1.1507361373073224,14.43860563380277
104190655,1.4106006510733096,-13.46296478873235,-0.988994738697785,14.54672535211263
104190656,1.4094145474835038,-13.448591549295735,-0.9732519092331233,14.510746478873193
104190657,1.4077971334974109,-13.434492957746443,-1.0573574365100828,14.437873239436573
104190658,1.4062875471103844,-13.419753521126715,-1.0147655348762379,14.369485915492909
104190659,1.4052092711196593,-13.405654929577416,-1.0250091567881754,14.205795774647841
104190660,1.4038075123317064,-13.391007042253484,-0.9864068763200324,14.449316901408404
104190661,1.4021900983456135,-13.376450704225313,-1.3703809566190743,14.44629577464784
104190662,1.4012196499539584,-13.362077464788698,-1.105448545696652,14.287915492957701
104190663,1.3994944083687884,-13.34733802816897,-1.0771977147395195,14.593781690140798
104190664,1.398739615175277,-13.332873239436573,-0.9844659795367179,14.50873239436615
104190665,1.3966908907928932,-13.318316901408402,-1.1759677954904104,14.31904225352108
104190666,1.3951813044058667,-13.303485915492914,-1.265680357919167,14.507816901408404
104190667,1.3937795456179138,-13.288654929577419,-1.3883881656642696,14.573640845070376
104190668,1.3918386488346037,-13.274281690140803,-1.3806245785310116,14.516422535211222
104190669,1.3906525452448015,-13.259725352112632,-1.4783163832911723,14.4699154929577
104190670,1.3887116484614879,-13.244894366197137,-1.5179969397500455,14.64724647887319
104190671,1.3869864068763178,-13.230429577464747,-1.545708632711813,14.64303521126756
104190672,1.3858003032865156,-13.215873239436576,-1.4920104883734466,14.691739436619672
104190673,1.3845063720976363,-13.20149999999996,-1.3811637165263768,14.42542253521122
104190674,1.3829967857106134,-13.187126760563345,-1.040644158653764,14.297802816901363
104190675,1.3813793717245204,-13.172387323943617,-1.0240387083965181,14.761316901408403
104190676,1.3801932681347182,-13.157647887323904,-1.2146779035576263,14.76955633802812
104190677,1.379007164544909,-13.142816901408409,-1.2496140456572864,14.723415492957699
104190678,1.378252371351401,-13.128169014084463,-0.8808436568275408,14.569521126760517
104190679,1.3770662677615988,-13.1132464788732,-1.4159920310269638,14.665373239436573
104190680,1.375880164171793,-13.098232394366157,-1.0484077457870218,14.694394366197136
104190681,1.3754488537755059,-13.08321830985912,-0.6806078053489336,14.920063380281642
104190682,1.3751253709782851,-13.068387323943625,-0.7489705031612315,14.84480985915488
104190683,1.3743705777847737,-13.053556338028123,-0.6335949721530948,14.963274647887276
104190684,1.374047094987553,-13.03835915492953,-0.7249249485679469,15.080274647887276
104190685,1.3736157845912587,-13.022887323943621,-0.6057754515922542,14.926014084506992
104190686,1.373076646595898,-13.007781690140803,-0.1952757819212482,15.002915492957698
104190687,1.3726453361996036,-12.992126760563337,-0.4426322941947675,15.255225352112626
104190688,1.3721061982042428,-12.976929577464745,-0.3141017960997217,15.609795774647836
104190689,1.3712435774116578,-12.961274647887286,-0.5290022010522605,15.686147887323893
104190690,1.3708122670153635,-12.945894366197145,-0.6630319067000305,15.492978873239386
104190691,1.3700574738218485,-12.930697183098552,-0.4610708136362548,15.130535211267556
104190692,1.3696261634255613,-12.915499999999959,-0.6236748330383765,15.058302816901358
104190693,1.3684400598357556,-12.900028169014043,-0.7381877432539289,15.237647887323895
104190694,1.3672539562459534,-12.885105633802773,-0.7580280214833656,14.934253521126712
104190695,1.3663913354533683,-12.869633802816864,-0.526629993872654,14.808647887323897
104190696,1.3656365422598604,-12.854711267605595,-0.34828314500587065,14.786950704225303
104190697,1.3647739214672754,-12.839697183098558,-0.7352763980789573,14.926654929577415
104190698,1.3636956454765432,-12.82440845070419,-0.7917780599932224,14.982683098591501
104190699,1.3627251970848882,-12.809669014084463,-0.786063197242352,14.915760563380232
104190700,1.361646921094156,-12.794838028168968,-1.0043062577661546,14.98249999999995
104190701,1.3605686451034238,-12.780098591549255,-0.8461231699260269,14.915577464788685
104190702,1.3597060243108388,-12.765359154929541,-1.0832360602876088,14.954028169014036
104190703,1.35851992072104,-12.750436619718272,-1.1134277880280559,14.818718309859108
104190704,1.357549472329385,-12.735788732394319,-0.863052102980492,14.707943661971782
104190705,1.3566868515368,-12.721140845070387,-0.7090742915042122,14.653380281690094
104190706,1.355824230744215,-12.706767605633765,-0.3265019699931196,14.741725352112628
104190707,1.3548537823525528,-12.691845070422495,-0.6318697305679263,14.861654929577417
104190708,1.3542068167581185,-12.677105633802782,-0.6921453584497473,14.960711267605586
104190709,1.3530207131683127,-12.66227464788728,-1.1125651672354717,14.837669014084458
104190710,1.3525894027720184,-12.647535211267567,-1.0442024694231737,14.904957746478825
104190711,1.3514032991822198,-12.632704225352072,-1.1123495120373257,15.050887323943613
104190712,1.3509719887859255,-12.617964788732358,-0.9612830457360175,14.848014084506994
104190713,1.3505406783896348,-12.602950704225307,-1.092509233807889,14.8595492957746
104190714,1.3500015403942704,-12.588302816901368,-0.7735551957498811,14.8924154929577
104190715,1.3489232644035383,-12.57347183098588,-1.2454087692934384,14.837211267605584
104190716,1.3487076092053911,-12.55845774647883,-1.0687871620118237,14.84242957746474
104190717,1.3481684712100304,-12.543626760563342,-0.9177206957105155,14.740077464788685
104190718,1.3475215056155925,-12.528704225352072,-0.7880040940256665,14.67992957746474
104190719,1.346874540021151,-12.514056338028134,-0.7440104336038723,14.706570422535163
104190720,1.3462275744267131,-12.49885915492954,-0.6404959384937683,14.733852112676008
104190721,1.346011919228566,-12.484119718309827,-0.47940150547866905,14.731929577464742
104190722,1.3453649536341281,-12.469471830985874,-0.4267816371310328,14.764154929577417
104190723,1.3447179880396902,-12.454549295774605,-0.5633992051565554,14.732387323943614
104190724,1.344394505242473,-12.439992957746433,-0.09478045958518895,15.061232394366147
104190725,1.3437475396480352,-12.42470422535208,-0.1040536331054691,15.101605633802768
104190726,1.3438553672471052,-12.409415492957706,-0.0876638380463693,15.115704225352063
104190727,1.343639712048958,-12.394492957746436,0.03838662526999689,15.101697183098542
104190728,1.343639712048958,-12.3794788732394,-0.09736832196294155,15.115704225352063
104190729,1.3440710224452523,-12.364281690140814,0.009920139114718297,15.209542253521077
104190730,1.3439631948461823,-12.349084507042221,0.3005155186165206,15.151133802816853
104190731,1.3446101604406202,-12.333795774647854,0.4110388076663712,15.045302816901359
104190732,1.3448258156387674,-12.318690140845035,0.2371128903615819,15.252387323943612
104190733,1.3453649536341281,-12.30303521126757,0.332648143140282,15.38925352112671
104190734,1.346011919228566,-12.287563380281654,0.298143311436914,15.324894366197132
104190735,1.3465510572239303,-12.272366197183068,0.39799166817853515,15.33093661971826
104190736,1.3466588848230074,-12.256894366197145,0.1787781592630754,15.248725352112626
104190737,1.3471980228183682,-12.241605633802784,0.44910195013914905,15.210457746478822
104190738,1.347844988412806,-12.226316901408417,0.4468375705586155,15.154063380281642
104190739,1.3481684712100304,-12.2108450704225,0.34666573101977527,15.046035211267556
104190740,1.3480606436109532,-12.195647887323908,0.164113605789144,15.087873239436572
104190741,1.3487076092053911,-12.180633802816864,0.3029955533952002,14.945147887323895
104190742,1.348599781606321,-12.16589436619715,0.3891498050545471,15.209908450704177
104190743,1.3488154368044682,-12.150788732394332,0.43734874184018924,15.107098591549246
104190744,1.3491389196016854,-12.135866197183063,0.2574923065863836,15.06480281690136
104190745,1.3493545747998326,-12.121126760563335,0.13111836047279837,15.053084507042204
104190746,1.3495702299979797,-12.106387323943622,0.009488828718426197,14.937274647887275
104190747,1.3497858851961233,-12.091647887323909,-0.27388210164548343,14.865499999999951
104190748,1.3496780575970497,-12.077274647887293,-0.11019980625263151,14.804345070422487
104190749,1.3500015403942704,-12.06280985915489,-0.03331872811356471,14.76461267605629
104190750,1.3493545747998326,-12.04816197183095,-0.1645449161854361,14.77285211267601
104190751,1.3491389196016854,-12.033514084507004,-0.20390198984709024,14.786035211267558
104190752,1.3500015403942704,-12.019049295774607,-0.017252415851683998,14.573183098591501
104190753,1.3497858851961233,-12.004767605633766,-0.22956495842647015,14.585084507042207
104190754,1.3501093679933405,-11.990394366197144,0.10027966713791323,14.609161971830938
104190755,1.3504328507905647,-11.975929577464747,0.12928529128855692,14.702633802816854
104190756,1.3506485059887083,-11.961281690140808,0.13467667124220817,14.652190140845022
104190757,1.3514032991822198,-11.946725352112637,0.44974891573358716,14.47229577464784
104190758,1.3515111267812934,-11.932169014084472,0.3864541150777215,14.561098591549248
104190759,1.3521580923757277,-11.918070422535173,0.42872253391434734,14.306133802816854
104190760,1.3520502647766577,-11.903514084507002,0.6117059695412707,14.703274647887277
104190761,1.3526972303710956,-11.888866197183063,0.920200730489195,14.652556338028122
104190762,1.3530207131683127,-11.874309859154899,0.6851365645100007,14.453253521126712
104190763,1.3534520235646035,-11.859936619718269,0.6222730742504271,14.3077816901408
104190764,1.3538833339608978,-11.845563380281654,0.5762306894462454,14.27784507042249
104190765,1.353991161559975,-11.831098591549257,0.3881793566628899,14.273084507042206
104190766,1.353991161559975,-11.816633802816867,0.5478720308900398,14.320690140845025
104190767,1.3542068167581185,-11.802077464788695,0.3933550814183951,14.318218309859109
104190768,1.3546381271544128,-11.787978873239403,0.5044175084636108,14.235457746478826
104190769,1.3546381271544128,-11.773147887323908,-0.00010782759907302496,14.49911971830981
104190770,1.3553929203479207,-11.758225352112639,0.10071097753420533,14.330119718309813
104190771,1.3553929203479207,-11.743485915492926,0.23743637315880098,14.315929577464743
104190772,1.3563633687395757,-11.728929577464754,0.34310742025036545,14.305492957746432
104190773,1.356579023937723,-11.714190140845034,0.45632639927704166,14.249647887323897
104190774,1.3572259895321608,-11.699267605633764,0.4206354639838704,14.600281690140799
104190775,1.357549472329385,-11.684070422535179,0.2922127934878977,14.764063380281641
104190776,1.3581964379238158,-11.669147887323902,0.8585233438194249,14.767450704225304
104190777,1.3588434035182537,-11.653950704225316,0.9687231500720564,14.906697183098544
104190778,1.3598138519099159,-11.63893661971828,1.467857106181089,15.158823943661924
104190779,1.3604608175043538,-11.623464788732356,1.3069783283641356,15.150950704225304
104190780,1.3614312658960088,-11.60799295774644,1.308380087152085,15.245704225352064
104190781,1.361646921094156,-11.592795774647847,0.8727565868970641,15.174478873239389
104190782,1.362617369485811,-11.577232394366156,0.8433196523501283,15.179697183098543
104190783,1.363372162679326,-11.56203521126757,1.0898135438310634,15.044753521126712
104190784,1.3642347834719075,-11.546746478873196,1.048731228584241,15.175577464788683
104190785,1.3647739214672754,-11.531640845070385,0.7717221265656398,15.08311267605629
104190786,1.3650974042644926,-11.516535211267573,0.759861090667607,14.991654929577416
104190787,1.3662835078542983,-11.501429577464755,0.781642265680358,15.063887323943613
104190788,1.3666069906515155,-11.48632394366193,0.7270815005494073,14.836570422535164
104190789,1.3669304734487326,-11.471309859154893,0.5159550615644245,14.89186619718305
104190790,1.3676852666422477,-11.456387323943623,0.43120256869302687,14.825676056337981
104190791,1.3679009218403912,-11.441373239436587,0.6007075544358221,14.898457746478824
104190792,1.3681165770385384,-11.426542253521099,0.39971690976370355,14.762873239436573
104190793,1.3685478874348327,-11.411436619718273,0.5722410682805436,14.761225352112627
104190794,1.3690870254301934,-11.396971830985876,0.5862586561600368,14.71142253521122
104190795,1.3691948530292706,-11.382323943661937,0.6548370091704807,14.616852112676009
104190796,1.3693026806283406,-11.367859154929548,0.6811469433442987,14.83336619718305
104190797,1.3690870254301934,-11.352936619718278,0.24746433987259234,14.96867605633798
104190798,1.3690870254301934,-11.337922535211227,0.16767191655855382,14.91923943661967
104190799,1.3689791978311234,-11.32309154929574,0.24638606388186207,14.83336619718305
104190800,1.3688713702320463,-11.308352112676019,-0.2305354068181274,14.962999999999951
104190801,1.3690870254301934,-11.293338028168975,-0.23948509754118844,15.116894366197133
104190802,1.3685478874348327,-11.278323943661938,-0.27150989446587687,15.119915492957697
104190803,1.3683322322366855,-11.263492957746443,-0.4032752205331134,14.9111830985915
104190804,1.3680087494394613,-11.248570422535174,-0.4612864688344008,15.176859154929529
104190805,1.3682244046376084,-11.233556338028137,-0.3672608024427231,15.204140845070373
104190806,1.3684400598357556,-11.218450704225312,-0.2914580002943865,14.958514084506994
104190807,1.3684400598357556,-11.203528169014056,-0.1748963656964465,14.888661971830937
104190808,1.3687635426329763,-11.188697183098554,-0.328227211578288,14.813499999999953
104190809,1.3689791978311234,-11.17414084507039,-0.023829899395138517,14.700345070422486
104190810,1.3694105082274177,-11.159126760563346,0.02728038256547532,14.755274647887276
104190811,1.3695183358264877,-11.143838028168979,0.062216524665135414,14.87099295774643
104190812,1.3698418186237014,-11.128915492957717,0.3006233462155936,14.63442957746474
104190813,1.3699496462227785,-11.113901408450666,0.06415742144844987,14.83098591549291
104190814,1.3700574738218485,-11.099161971830952,0.007440104336038722,14.984330985915443
104190815,1.3704887842181428,-11.084514084507006,0.10125011552957044,14.793725352112627
104190816,1.3709200946144335,-11.069316901408413,0.2388381319467503,14.80736619718305
104190817,1.3714592326098014,-11.054394366197144,0.3263941423940466,14.86467605633798
104190818,1.3717827154070186,-11.039380281690107,0.061569559070697256,14.926014084506992
104190819,1.3725375086005336,-11.024457746478838,0.05811907590036046,14.83730281690136
104190820,1.3729688189968208,-11.00916901408447,0.38462104589348006,14.96867605633798
104190821,1.3736157845912587,-10.994154929577434,0.3665060092492119,15.142802816901359
104190822,1.3741549225866265,-10.978774647887285,0.40834311768954556,15.049971830985868
104190823,1.3745862329829208,-10.963028169014052,0.4769214706999894,15.23755633802812
104190824,1.3746940605819908,-10.947464788732361,0.30989651973587373,15.251838028168963
104190825,1.3754488537755059,-10.93190140845067,0.5434510993280459,15.371309859154879
104190826,1.3762036469690138,-10.916154929577438,0.5298648218448447,15.359591549295725
104190827,1.3768506125634552,-10.900591549295747,0.5161707167625705,15.548732394366146
104190828,1.3769584401625252,-10.884661971830958,0.5733193442712737,15.622154929577412
104190829,1.3777132333560402,-10.86873239436617,0.6284192473975895,15.4824507042253
104190830,1.377497578157893,-10.853260563380246,0.5161707167625705,15.45526056338023
104190831,1.378252371351401,-10.837605633802788,0.4816658850592025,15.448119718309808
104190832,1.3778210609551103,-10.822042253521097,0.3012703118100318,15.286718309859104
104190833,1.378252371351401,-10.806478873239406,0.1973245063036357,15.41626056338023
104190834,1.3779288885541838,-10.79073239436616,0.08432118247510553,15.160380281690092
104190835,1.3778210609551103,-10.775535211267567,-0.18115036644268195,15.122570422535162
104190836,1.3778210609551103,-10.760338028168974,-0.47972498827588805,15.230049295774599
104190837,1.3783601989504781,-10.745232394366163,-0.17920946965936752,15.06187323943657
104190838,1.378252371351401,-10.730218309859126,-0.19053136756203512,14.982774647887275
104190839,1.3783601989504781,-10.715295774647856,-0.27646996402323604,14.902577464788685
104190840,1.3779288885541838,-10.700464788732361,-0.4260268439375216,14.98249999999995
104190841,1.3778210609551103,-10.685633802816874,-0.31226872691548035,14.809654929577416
104190842,1.377605405756963,-10.670894366197146,-0.38807152906381687,14.815697183098544
104190843,1.3770662677615988,-10.656063380281651,-0.4136266700441238,14.925373239436572
104190844,1.3771740953606688,-10.641690140845036,-0.4637665036130804,14.657133802816853
104190845,1.376742784964378,-10.626676056337999,-0.0928395628018745,14.829521126760515
104190846,1.376634957365308,-10.61175352112673,0.062216524665135414,14.702267605633754
104190847,1.3759879917708702,-10.59683098591546,-0.35151797297806137,14.598542253521078
104190848,1.376419302167161,-10.58236619718307,-0.14438115515878042,14.52621830985911
104190849,1.376419302167161,-10.5674436619718,-0.20616636942762376,14.66299295774643
104190850,1.3763114745680838,-10.552978873239404,0.02609427897567204,14.474492957746431
104190851,1.3762036469690138,-10.538147887323909,0.07235231897799976,14.606598591549249
104190852,1.3763114745680838,-10.523042253521098,-0.06868618060951691,14.564943661971785
104190853,1.375772336572723,-10.508211267605603,-0.09186911441021728,14.58142253521122
104190854,1.375664508973653,-10.493380281690115,-0.2342015451866102,14.728999999999953
104190855,1.375664508973653,-10.47827464788729,-0.168426709752065,14.708126760563331
104190856,1.3752331985773587,-10.463443661971795,-0.259109720572479,14.786950704225303
104190857,1.3746940605819908,-10.448521126760532,-0.43292781027819527,14.724147887323896
104190858,1.3737236121903358,-10.433690140845044,-0.7606158838611182,14.757838028168967
104190859,1.3737236121903358,-10.419133802816873,-0.43691743144389716,14.527957746478826
104190860,1.3732923017940415,-10.40393661971828,-0.33361859153193923,14.514591549295726
104190861,1.373076646595898,-10.389105633802785,-0.3428917650522194,14.529880281690092
104190862,1.3732923017940415,-10.374274647887297,-0.35992852570575734,14.628753521126711
104190863,1.3727531637986807,-10.359443661971802,-0.3444013514392417,14.729183098591502
104190864,1.3721061982042428,-10.343971830985879,-0.4519054677150477,14.887563380281643
104190865,1.3722140258033129,-10.328683098591519,-0.272049032461242,15.049147887323894
104190866,1.3716748878079486,-10.313485915492933,0.021565519814604996,14.915760563380232
104190867,1.3721061982042428,-10.298105633802784,-0.20659767982391583,15.047683098591502
104190868,1.3722140258033129,-10.28272535211265,-0.048738074781007286,15.220436619718262
104190869,1.3721061982042428,-10.267436619718282,-0.09208476960836333,15.29038028169009
104190870,1.3722140258033129,-10.251507042253493,-0.22180137129321234,15.430725352112626
104190871,1.3723218534023864,-10.235943661971802,-0.19980454108231527,15.560084507042204
104190872,1.3728609913977508,-10.220197183098563,0.08636990685749299,15.450408450704176
104190873,1.3736157845912587,-10.204542253521097,-0.05369814433836643,15.436035211267557
104190874,1.373939267388483,-10.188704225352083,0.28045958518893793,15.61263380281685
104190875,1.3743705777847737,-10.173049295774618,0.4666778487880521,15.563929577464737
104190876,1.3750175433792151,-10.157302816901371,0.4823128506536407,15.519894366197134
104190877,1.3752331985773587,-10.141464788732364,0.36133028449370663,15.668753521126709
104190878,1.376419302167161,-10.125718309859124,0.4942817141507465,15.72432394366192
104190879,1.376742784964378,-10.110246478873215,0.32294365922370977,15.549281690140795
104190880,1.377281922959746,-10.094774647887292,0.24142599432450293,15.494443661971781
104190881,1.377389750558816,-10.079394366197157,0.5532634108436911,15.788042253521075
104190882,1.377497578157893,-10.064014084507008,0.32682545279033864,15.54607746478868
104190883,1.3779288885541838,-10.048725352112648,0.23517199357826749,15.383028169014036
104190884,1.378144543752331,-10.033528169014055,0.1817973320371201,15.23773943661967
104190885,1.3783601989504781,-10.018605633802785,0.02253596820626222,15.189950704225303
104190886,1.3786836817476953,-10.003499999999974,-0.1304713948783602,15.032119718309811
104190887,1.378252371351401,-9.988119718309825,-0.24638606388186207,15.135387323943613
104190888,1.3780367161532538,-9.973197183098556,-0.28261613717039846,15.096112676056288
104190889,1.3779288885541838,-9.958549295774617,-0.2147925773534657,14.89699295774643
104190890,1.377389750558816,-9.94326056338025,-0.32143407283668746,14.815147887323896
104190891,1.377497578157893,-9.928429577464762,-0.2262223028552064,14.747767605633756
104190892,1.377389750558816,-9.913507042253485,0.0025878623777525994,14.823021126760516
104190893,1.377281922959746,-9.898218309859118,0.0015095863870223495,14.897267605633756
104190894,1.376742784964378,-9.88338732394363,-0.06879400820858993,14.792535211267557
104190895,1.376419302167161,-9.868281690140812,0.13500015403942728,14.873647887323894
104190896,1.376742784964378,-9.853176056338,0.09402566639167778,14.943042253521078
104190897,1.3769584401625252,-9.838345070422506,0.10459277110083423,14.749964788732347
104190898,1.377281922959746,-9.823239436619694,0.022212485409043144,14.872091549295726
104190899,1.377389750558816,-9.808316901408425,0.33059941875789456,14.835929577464741
104190900,1.3771740953606688,-9.792936619718276,0.3174444516709855,14.967577464788684
104190901,1.3777132333560402,-9.777922535211239,0.3057990709710988,14.932971830985867
104190902,1.3777132333560402,-9.762816901408428,0.4128718768506126,14.823570422535164
104190903,1.378144543752331,-9.747711267605602,0.2586784101761869,14.835105633802769
104190904,1.3786836817476953,-9.732605633802784,0.04162145324218764,15.00099295774643
104190905,1.3787915093467653,-9.717499999999973,-0.13661756802552263,15.0675492957746
104190906,1.3786836817476953,-9.702119718309824,-0.30698517456090213,15.213478873239387
104190907,1.3787915093467653,-9.687288732394336,-0.08690904485285812,15.04099999999995
104190908,1.379222819743056,-9.672091549295743,0.08281159608808318,15.130260563380233
104190909,1.3793306473421332,-9.656985915492932,0.22773188924222876,15.13648591549291
104190910,1.379977612936571,-9.64197183098588,0.33092290155511367,15.121014084506994
104190911,1.3803010957337882,-9.626774647887288,0.19603057511475938,15.16980985915488
104190912,1.3805167509319354,-9.611669014084477,0.738511226051148,15.358035211267556
104190913,1.3812715441254504,-9.596288732394342,0.8587389990175709,15.481718309859104
104190914,1.3818106821208112,-9.580725352112651,0.7019576699653926,15.561183098591497
104190915,1.3820263373189583,-9.56516197183096,0.6493378016177563,15.577661971830935
104190916,1.3829967857106134,-9.549507042253495,0.5227482003060251,15.473845070422485
104190917,1.3832124409087605,-9.533943661971804,0.37696528635929527,15.606591549295725
104190918,1.3836437513050512,-9.518014084507008,0.5178959583477389,15.793809859154878
104190919,1.3850455100930006,-9.501809859154903,0.9106040741716958,15.648521126760512
104190920,1.3854768204892913,-9.48597183098589,0.7408834332307546,15.725147887323892
104190921,1.3864472688809535,-9.469859154929544,0.6614144927139352,16.047859154929526
104190922,1.3872020620744614,-9.453838028168988,0.7520975035343492,16.02277464788727
104190923,1.3877412000698328,-9.4379084507042,0.7508035723454728,15.82182394366192
104190924,1.3887116484614879,-9.422070422535185,0.7146813266560095,15.82539436619713
104190925,1.3890351312587015,-9.40641549295772,0.5714862750870323,15.912274647887271
104190926,1.3894664416549958,-9.390577464788706,0.5214542691171488,15.80900704225347
104190927,1.3900055796503636,-9.374830985915459,0.6811469433442987,15.695852112676004
104190928,1.3902212348485108,-9.359084507042226,0.6140781767208773,15.58269718309854
104190929,1.390544717645728,-9.3439788732394,0.18794350518428252,15.223732394366147
104190930,1.390544717645728,-9.328781690140815,0.49438954174981947,15.592584507042202
104190931,1.3908682004429416,-9.313492957746455,0.4027360825377483,15.413514084506993
104190932,1.391407338438313,-9.298204225352087,0.513690681983891,15.239753521126712
104190933,1.391515166037383,-9.283281690140818,0.4832832990452979,15.060042253521079
104190934,1.392162131631821,-9.268542253521098,0.43228084468375716,14.819084507042206
104190935,1.3920543040327509,-9.254077464788708,0.4589142616547943,14.754542253521079
104190936,1.3918386488346037,-9.239154929577438,0.21684130173585323,14.943316901408403
104190937,1.3927012696271888,-9.224323943661943,0.37631832076485716,14.789605633802768
104190938,1.3924856144290416,-9.20958450704223,0.1748963656964465,14.862845070422486
104190939,1.393132580023483,-9.194845070422502,0.3350203503198886,14.874746478873192
104190940,1.393240407622553,-9.17992253521124,0.22007612970804394,14.997971830985867
104190941,1.3933482352216267,-9.165366197183076,0.34990055899196604,14.83922535211263
104190942,1.393995200816061,-9.150626760563355,0.6265861782133482,14.826591549295728
104190943,1.3934560628206967,-9.135795774647853,0.20239240346006787,14.781091549295725
104190944,1.3937795456179138,-9.120964788732365,0.3936785642156142,14.589021126760516
104190945,1.3941030284151381,-9.106042253521103,0.3201401416478111,14.75655633802812
104190946,1.393995200816061,-9.091119718309834,0.35248842136971864,14.784021126760514
104190947,1.393887373216991,-9.076288732394339,0.19322705753886074,14.653197183098545
104190948,1.3943186836132817,-9.061640845070393,0.4001482201599956,15.03038028169009
104190949,1.393995200816061,-9.046352112676033,0.21231254257478616,15.007950704225303
104190950,1.3945343388114289,-9.03152112676053,-0.1679953993557729,14.943866197183048
104190951,1.3943186836132817,-9.016690140845036,-0.20746030061650003,14.80480281690136
104190952,1.394857821608646,-9.002042253521104,-0.3342655571263774,14.677457746478824
104190953,1.3946421664104989,-8.987577464788707,-0.31712096887376645,14.732387323943614
104190954,1.3946421664104989,-8.972380281690114,-0.19516795432217518,14.8523169014084
104190955,1.3945343388114289,-8.957457746478845,-0.4652760900001028,14.79354225352108
104190956,1.3946421664104989,-8.942718309859131,-0.046042384804181664,14.7945492957746
104190957,1.394857821608646,-8.927521126760539,-0.11580684140442883,15.022507042253471
104190958,1.3950734768067932,-8.912415492957713,0.1886982983777937,14.901295774647838
104190959,1.394857821608646,-8.897126760563353,0.11925732457476562,14.990190140845021
104190960,1.395504787203084,-8.882112676056309,0.11904166937661956,15.080640845070375
104190961,1.3953969596040139,-8.866823943661942,0.2878996895249767,15.163218309859106
104190962,1.3959360975993782,-8.851718309859123,0.4742257807231638,15.260901408450655
104190963,1.396367407995669,-8.836612676056312,0.5878760701461322,15.201485915492908
104190964,1.3969065459910333,-8.821140845070396,0.5365501329873723,15.374147887323893
104190965,1.3976613391845483,-8.80594366197181,0.5905717601229578,15.237830985915444
104190966,1.3978769943826919,-8.790471830985886,0.7374329500604178,15.610985915492908
104190967,1.3984161323780562,-8.774633802816872,0.7118778090801109,15.693014084506993
104190968,1.3992787531706412,-8.758978873239414,0.6329480065586566,15.727161971830935
104190969,1.399925718765079,-8.743598591549265,0.5550964800279325,15.483457746478823
104190970,1.4011118223548813,-8.72821830985913,0.5061427500487793,15.472654929577415
104190971,1.4018666155483963,-8.71265492957744,0.401549978947945,15.490415492957695
104190972,1.4022979259446906,-8.697274647887298,0.3821410111148005,15.438507042253471
104190973,1.4032683743363457,-8.681802816901381,0.32380628001629397,15.380190140845022
104190974,1.4033762019354157,-8.66669718309857,0.3943255298100523,15.27243661971826
104190975,1.4036996847326364,-8.651499999999977,0.15883005343456577,15.387147887323893
104190976,1.4038075123317064,-8.636394366197152,-0.08787949324451534,15.170908450704175
104190977,1.4036996847326364,-8.62128873239434,-0.04399366042179419,15.183999999999951
104190979,1.4033762019354157,-8.591260563380253,-0.42559553354122953,14.984056338028122
104190980,1.4027292363409742,-8.576246478873216,-0.5776324482341948,14.975267605633753
104190981,1.4025135811428342,-8.561323943661947,-0.5788185518239981,15.05674647887319
104190982,1.4022979259446906,-8.546584507042226,-0.427320775126398,14.811302816901362
104190983,1.4020822707465435,-8.532028169014062,-0.3494692485956739,14.749964788732347
104190984,1.4014353051521056,-8.517838028168988,-0.36348683647516716,15.03825352112671
104190985,1.4005726843595205,-8.502915492957719,-0.5278160974624573,14.994218309859107
104190986,1.4001413739632262,-8.488084507042231,-0.42311549876255,14.823387323943614
104190987,1.3993865807697183,-8.473436619718278,-0.5985510024543617,14.844077464788684
104190988,1.3992787531706412,-8.459063380281663,-0.6856757025053658,14.848105633802769
104190989,1.3983083047789862,-8.444232394366175,-0.4522289505122667,14.982683098591501
104190990,1.3976613391845483,-8.42940140845068,-0.26762810089924793,14.729274647887276
104190991,1.397230028788254,-8.414570422535185,-0.2685985492909052,14.752711267605587
104190992,1.396259580396599,-8.399922535211239,-0.26935334248441634,14.772577464788684
104190993,1.3959360975993782,-8.385366197183075,-0.4374565694392623,14.753626760563332
104190994,1.3950734768067932,-8.37035211267603,-0.8225089257290344,14.78612676056333
104190995,1.3949656492077231,-8.355887323943634,-0.6489064912214643,14.674528169014035
104190996,1.393887373216991,-8.341056338028146,-0.8473092735158303,14.540133802816854
104190997,1.3935638904197738,-8.3264084507042,-0.5533712384427641,14.581880281690093
104190998,1.393240407622553,-8.31166901408448,-0.3546449733511791,14.476873239436571
104190999,1.393240407622553,-8.296929577464766,-0.3257471767996084,14.516239436619673
104191000,1.3924856144290416,-8.282098591549271,-0.3926002882248839,14.4832816901408
104191001,1.392269959230898,-8.26735915492955,-0.7035750839514879,14.742823943661925
104191002,1.3912995108392359,-8.252711267605612,-0.4996730941043977,14.993394366197135
104191003,1.3910838556410887,-8.238063380281659,-0.3620850776872178,14.865225352112628
104191004,1.3907603728438716,-8.223507042253495,-0.3749165619769078,14.782007042253472
104191005,1.3900055796503636,-8.208676056338,-0.5070053708413633,14.717281690140798
104191006,1.3897899244522165,-8.193845070422505,-0.71220129187733,14.811577464788684
104191007,1.3894664416549958,-8.178830985915468,-0.4632273656177153,14.852133802816851
104191008,1.3887116484614879,-8.16399999999998,-0.46063950323996267,14.922718309859107
104191009,1.3882803380651936,-8.148894366197155,-0.4699126767602428,15.082563380281641
104191010,1.3877412000698328,-8.134154929577441,-0.414381463237635,14.961535211267556
104191011,1.3875255448716857,-8.118683098591525,-0.41341101484597775,15.346591549295725
104191012,1.3874177172726085,-8.103302816901383,-0.44435753577993586,15.40298591549291
104191013,1.3868785792772442,-8.08810563380279,-0.1852478152074569,15.287450704225302
104191014,1.3868785792772442,-8.072633802816881,-0.27237251525846107,15.325352112676006
104191015,1.3862316136828063,-8.057161971830958,-0.2128516805701513,15.490415492957695
104191016,1.3861237860837328,-8.041690140845049,-0.24649389148093506,15.320133802816851
104191017,1.3860159584846592,-8.026035211267583,-0.10771977147395195,15.320408450704175
104191018,1.3854768204892913,-8.010563380281667,-0.22654578565242547,15.248908450704175
104191019,1.3853689928902213,-7.9952746478873,-0.3138861409015757,15.145274647887275
104191020,1.3846141996967134,-7.979985915492932,-0.0011861035898032746,15.611260563380231
104191021,1.3838594065031984,-7.9642394366196925,-0.2470330294763002,15.59844366197178
104191022,1.383320268507834,-7.948859154929551,-0.44780801895027267,15.380007042253471
104191023,1.3823498201161755,-7.933661971830965,-0.3900124258471313,15.367464788732345
104191024,1.3818106821208112,-7.918556338028139,-0.759645435469461,15.341830985915443
104191025,1.3811637165263733,-7.903633802816877,-0.7275128109456995,15.164774647887274
104191026,1.379977612936571,-7.888894366197157,-0.7592141250731689,15.099225352112626
104191027,1.379114992143986,-7.874338028168992,-0.5770933102388296,14.700161971830937
104191028,1.3780367161532538,-7.859781690140821,-0.6785590809665462,14.719478873239389
104191029,1.3769584401625252,-7.845591549295747,-0.8531319638657736,14.579957746478827
104191030,1.375772336572723,-7.8305774647887105,-1.0818343014996596,14.655302816901361
104191031,1.374909715780138,-7.8166619718309605,-0.6972132556061795,14.388345070422488
104191032,1.3736157845912587,-7.8023802816901195,-0.7446573991983104,14.335521126760517
104191033,1.3724296810014565,-7.7882816901408205,-0.6250765918263258,14.322246478873193
104191034,1.3714592326098014,-7.7739999999999725,-0.6967819452098873,14.423316901408404
104191035,1.3703809566190728,-7.759809859154906,-0.45104284692246344,14.379647887323896
104191036,1.3694105082274177,-7.745894366197156,-0.36585904365477373,14.255964788732348
104191037,1.3683322322366855,-7.731795774647864,-0.7365703292678336,14.301190140845023
104191038,1.3672539562459534,-7.718154929577437,-0.6893418408738486,14.062704225352066
104191039,1.3663913354533683,-7.70414788732392,-0.8955082103014723,14.152605633802771
104191040,1.3656365422598604,-7.68968309859153,-0.9712031848507359,14.171281690140798
104191041,1.3650974042644926,-7.6758591549295545,-0.6948410484265729,14.023246478873194
104191042,1.3640191282737604,-7.661760563380263,-0.8104322346328557,14.091267605633757
104191043,1.3632643350802525,-7.64738732394364,-0.6888027028784834,14.253035211267559
104191044,1.3619704038913731,-7.633288732394348,-0.9789667719839937,14.130359154929533
104191045,1.360892127900641,-7.619190140845042,-1.1595780004313105,14.150774647887278
104191046,1.360137334707133,-7.605183098591532,-0.7334433288947159,13.930323943661925
104191047,1.3586277483201101,-7.59062676056336,-1.0220978116132036,14.082570422535165
104191048,1.357657299928455,-7.576345070422512,-1.10145892453095,14.146654929577418
104191049,1.3564711963386529,-7.562429577464769,-0.9943861186514362,13.97509154929573
104191050,1.3556085755460678,-7.54833098591547,-1.0801090599144911,13.981316901408405
104191051,1.3542068167581185,-7.534507042253502,-0.8869898299747034,14.228683098591503
104191052,1.3531285407673899,-7.520225352112654,-0.8770696908599852,14.11360563380277
104191053,1.3522659199748048,-7.505943661971806,-1.0518582289573586,14.155809859154886
104191054,1.3508641611868555,-7.491845070422514,-1.0683558516155314,13.970239436619673
104191055,1.3500015403942704,-7.477929577464771,-1.321535054238994,14.162492957746434
104191056,1.3489232644035383,-7.463281690140825,-1.196239384116139,14.18547183098587
104191057,1.3475215056155925,-7.448999999999977,-1.322289847432505,14.294781690140798
104191058,1.3467667124220775,-7.434626760563361,-1.0435555038287359,14.16423239436615
104191059,1.3454727812332052,-7.42007042253519,-0.9893182214950041,14.368936619718264
104191060,1.3449336432378374,-7.405788732394342,-1.0915387854162317,14.378091549295728
104191061,1.344286677643396,-7.391323943661952,-0.8353404100187245,14.31153521126756
104191062,1.3438553672471052,-7.377042253521104,-0.45287591610670486,14.311352112676008
104191063,1.3432084016526673,-7.36248591549294,-0.5918656913118341,14.386239436619672
104191064,1.3427770912563801,-7.348112676056317,-0.5119654403987225,14.416633802816854
104191065,1.342561436058233,-7.333190140845048,-0.3721130444010092,14.523929577464742
104191066,1.3424536084591558,-7.31835915492956,-0.37168173400471705,14.638457746478826
104191067,1.342022298062865,-7.303711267605607,-0.2608349621576474,14.539950704225303
104191068,1.341914470463795,-7.2887887323943445,-0.26978465288070846,14.675718309859107
104191069,1.3415909876665708,-7.274049295774624,-0.03849445286906991,14.98835915492953
104191070,1.34105184967121,-7.259126760563362,-0.250483512646637,14.899647887323896
104191071,1.34115967727028,-7.244204225352092,-0.12756004970338855,14.760218309859107
104191072,1.340836194473063,-7.229739436619695,-0.08777166564544234,14.545901408450657
104191073,1.340297056477695,-7.215183098591524,-0.6335949721530948,14.665830985915445
104191074,1.3398657460814007,-7.200352112676036,-0.4690500559676586,14.651366197183052
104191075,1.33921878048697,-7.185795774647865,-0.7698890573813982,14.5345492957746
104191076,1.338356159694385,-7.171330985915475,-1.0139029140836537,14.441901408450658
104191077,1.33760136650087,-7.157140845070401,-0.8309194784567304,14.414711267605588
104191078,1.336846573307362,-7.142676056338011,-0.9389627327279015,14.418556338028122
104191079,1.3356604697175598,-7.12811971830984,-1.1738112435089498,14.435035211267559
104191080,1.3349056765240448,-7.114295774647864,-1.0718063347858682,14.285443661971785
104191081,1.3339352281323897,-7.100288732394347,-1.01056025851239,14.251753521126714
104191082,1.3327491245425875,-7.086098591549273,-0.9926608770662679,14.355753521126715
104191083,1.3318865037500025,-7.072457746478854,-0.7874649560303013,13.969690140845026
104191084,1.3310238829574175,-7.058359154929555,-0.7155439474485937,13.948084507042207
104191085,1.3299456069666853,-7.044535211267586,-0.8029921302968169,13.934992957746433
104191086,1.3291908137731774,-7.030619718309836,-0.8855880711867541,13.910183098591503
104191087,1.327896882584298,-7.017070422535191,-0.5536947212399832,14.152514084506997
104191088,1.3268186065935694,-7.002788732394343,-0.8449370663362236,14.235823943661925
104191089,1.3262794685982051,-6.9888732394366,-0.6758633909897205,14.126697183098546
104191090,1.3250933650083994,-6.975232394366174,-1.187505348591224,13.898647887323898
104191091,1.324446399413965,-6.961316901408431,-1.1774773818774327,13.957422535211224
104191092,1.3232602958241557,-6.947584507042237,-1.3501093679933456,14.040366197183053
104191093,1.3225055026306478,-6.933485915492938,-1.2154326967511375,14.102619718309812
104191094,1.32185853703621,-6.91947887323942,-1.2793744630014414,14.181443661971784
104191095,1.3214272266399156,-6.90556338028167,-0.9562151485795853,14.142077464788686
104191096,1.3206724334464077,-6.891373239436604,-1.0171377420558445,14.00978873239432
104191097,1.3205646058473306,-6.877549295774628,-0.7826127140720152,13.85534507042249
104191098,1.320241123050117,-6.8635422535211035,-0.7915624047950763,13.957880281690095
104191099,1.3200254678519698,-6.849718309859135,-0.6709033214323614,13.918697183098546
104191100,1.319486329856602,-6.8360774647887155,-0.7089664639051392,13.784119718309814
104191101,1.3187315366630905,-6.822070422535191,-0.9214946616780714,13.8527816901408
104191102,1.3189471918612377,-6.807971830985899,-0.5314822358309401,13.825042253521083
104191103,1.318408053865877,-6.794239436619698,-0.41740063601167965,13.579049295774604
104191104,1.3181923986677297,-6.780507042253504,-0.16131008821324536,13.57703521126756
104191105,1.3177610882714355,-6.766683098591528,-0.042484074034771835,13.79409859154925
104191106,1.3170062950779204,-6.752767605633785,-0.3919533226304458,13.711612676056292
104191107,1.3163593294834826,-6.739035211267584,-0.5104558540117002,13.727267605633758
104191108,1.3157123638890518,-6.725211267605616,-0.6580718371426714,13.757204225352067
104191109,1.3153888810918275,-6.711295774647873,-0.9278564900233799,13.943873239436574
104191110,1.3149575706955368,-6.697288732394348,-0.7637428842342359,14.022697183098547
104191111,1.3145262602992425,-6.683373239436605,-0.6881557372840453,14.016380281690093
104191112,1.3142027775020253,-6.669183098591532,-0.7752804373350496,14.08760563380277
104191113,1.3133401567094403,-6.655267605633782,-0.5130437163894528,13.9177816901408
104191114,1.3132323291103667,-6.641260563380264,-0.48845902380080314,13.90990845070418
104191115,1.3136636395066574,-6.626795774647867,-0.07418538816224118,14.104999999999956
104191116,1.3131245015112967,-6.612330985915477,-0.04453279841715931,14.162309859154883
104191117,1.3132323291103667,-6.597957746478855,-0.20314719665357905,14.119739436619673
104191118,1.3132323291103667,-6.583492957746458,0.09823094275552575,14.256056338028122
104191119,1.3136636395066574,-6.569028169014068,0.1321966364635286,14.171830985915447
104191120,1.3140949499029517,-6.5542887323943475,0.014664553473931396,14.353373239436573
104191121,1.3140949499029517,-6.5396408450704016,0.10114228793049743,14.501591549295727
104191122,1.3140949499029517,-6.524626760563365,0.03288741771727261,14.482274647887277
104191123,1.3145262602992425,-6.510436619718291,0.3327559707393551,14.345133802816855
104191124,1.3145262602992425,-6.49588028169012,0.38052359712870515,14.340556338028122
104191125,1.3154967086909046,-6.481507042253504,0.3735148031889585,14.323711267605587
104191126,1.3158201914881218,-6.467408450704205,0.4598847100464515,14.223647887323898
104191127,1.3164671570825597,-6.453309859154906,0.5007513700951279,14.064992957746432
104191128,1.3171141226769976,-6.439211267605614,0.513690681983891,14.02846478873235
104191129,1.3170062950779204,-6.425387323943639,0.32294365922370977,13.841704225352068
104191130,1.3171141226769976,-6.411654929577445,0.17769988327234515,13.785309859154884
104191131,1.3168984674788504,-6.398014084507025,0.11839470378218142,13.798767605633758
104191132,1.3167906398797768,-6.384373239436599,0.027388210164548343,13.73120422535207
104191133,1.3168984674788504,-6.37054929577463,0.018222864243341217,13.754640845070377
104191134,1.3167906398797768,-6.3574577464788575,0.10545539189341842,13.515788732394322
104191135,1.3163593294834826,-6.343816901408431,-0.4430636045910596,13.541605633802773
104191136,1.3158201914881218,-6.330542253521109,-0.37933749353890184,13.323169014084463
104191137,1.3156045362899746,-6.317359154929562,-0.4692657111658047,13.29039436619714
104191138,1.3156045362899746,-6.3040845070422336,-0.4506115365261714,13.178063380281646
104191139,1.3150653982946103,-6.291084507042235,-0.579142034621217,13.110957746478832
104191140,1.3145262602992425,-6.277718309859139,-0.5894934841322275,13.147028169014042
104191141,1.3134479843085103,-6.264535211267585,-0.5444215477197031,13.064359154929535
104191142,1.3128010187140795,-6.250894366197166,-0.5018296460858582,13.199577464788689
104191143,1.3124775359168552,-6.2375281690140625,-0.5240421314949013,13.223471830985874
104191144,1.3119383979214945,-6.224253521126741,-0.457512502866845,13.132105633802773
104191145,1.3120462255205645,-6.210978873239419,-0.010027966713791322,13.057767605633762
104191146,1.3116149151242702,-6.197246478873218,-0.016713277856318872,13.140436619718267
104191147,1.311291432327053,-6.183788732394348,-0.03666138368482849,13.112239436619674
104191148,1.3108601219307623,-6.170330985915477,-0.1583987430382737,13.275654929577422
104191149,1.310536639133538,-6.156873239436607,-0.028250830957132544,13.379929577464745
104191150,1.3103209839353944,-6.1431408450704055,-0.11386594462111438,13.469098591549253
104191151,1.3098896735391072,-6.129499999999986,-0.3247767284079512,13.449415492957703
104191152,1.309566190741883,-6.116133802816883,0.05585469631982694,13.424422535211223
104191153,1.309566190741883,-6.102950704225336,0.07946894051681941,13.277485915492914
104191154,1.3090270527465222,-6.089492957746458,0.15742829464661645,13.692021126760519
104191155,1.3084879147511543,-6.0762183098591365,-0.02577079617845297,13.6191478873239
104191156,1.30794877675579,-6.062760563380266,-0.14394984476248834,13.428816901408409
104191157,1.3073018111613521,-6.049669014084486,-0.11214070303594596,13.430464788732351
104191158,1.307193983562275,-6.036394366197165,-0.15688915665125133,13.307147887323902
104191159,1.3067626731659878,-6.0233943661971665,-0.27797955041025835,13.172845070422492
104191160,1.306439190368767,-6.010485915492943,-0.26277585894096184,13.097591549295732
104191161,1.306331362769697,-5.997485915492945,-0.34407786864202267,12.956788732394322
104191162,1.3059000523734028,-5.984394366197165,-0.4903999205841176,13.10702112676052
104191163,1.305468741977112,-5.971485915492941,-0.6803921501507876,13.030211267605592
104191164,1.3059000523734028,-5.958394366197169,-0.4161067048228034,13.06326056338024
104191165,1.305576569576182,-5.9453943661971635,-0.3875323910684517,12.98132394366193
104191166,1.3049296039817442,-5.9320281690140675,-0.6333793169549486,13.10052112676052
104191167,1.304713948783597,-5.918936619718295,-0.4779997466907197,13.23445774647883
104191168,1.3041748107882327,-5.905478873239417,-0.4712066079491191,13.366197183098548
104191169,1.3041748107882327,-5.892112676056321,-0.20498026583782045,13.297809859154885
104191170,1.3040669831891591,-5.879112676056316,-0.01498803627115047,13.209098591549253
104191171,1.303851327991019,-5.865563380281671,-0.030515210537666065,13.324633802816859
104191172,1.3034200175947248,-5.852014084507026,0.12529567012285503,13.755830985915448
104191173,1.3032043623965777,-5.838190140845057,0.2651480661205684,13.707126760563336
104191174,1.3025573968021398,-5.824274647887307,-0.011645380699886696,13.672978873239392
104191175,1.3023417416039926,-5.810542253521106,0.07785152653072402,13.487408450704182
104191176,1.302018258806772,-5.796535211267589,-0.4032752205331134,13.682499999999957
104191177,1.3015869484104776,-5.782345070422522,-0.4216059123755277,13.854521126760519
104191178,1.3006165000188226,-5.768154929577449,-0.6392020073048921,13.908626760563335
104191179,1.3001851896225318,-5.75405633802815,-0.6437307664659591,13.958154929577418
104191180,1.2993225688299468,-5.740232394366181,-0.6163425563014107,13.851957746478828
104191181,1.2987834308345825,-5.726316901408431,-0.7795935412979705,13.851957746478828
104191182,1.2983521204382917,-5.712309859154914,-0.7916702323941492,13.708499999999956
104191183,1.2978129824429274,-5.698669014084487,-0.5764463446443915,13.57721830985911
104191184,1.2970581892494124,-5.685028169014068,-0.7146813266560095,13.563943661971786
104191185,1.2961955684568274,-5.671478873239423,-0.8212149945401582,13.518992957746434
104191186,1.2958720856596102,-5.658112676056319,-0.7182396374254194,13.366563380281645
104191187,1.2954407752633195,-5.644563380281674,-0.7215822929966831,13.314654929577422
104191188,1.2945781544707344,-5.631380281690127,-0.7073490499190438,13.283711267605591
104191189,1.2939311888762965,-5.6184718309858965,-0.652249146792728,13.063169014084465
104191190,1.2929607404846415,-5.605471830985898,-0.3966977369896589,13.329760563380239
104191191,1.29242160248927,-5.592288732394351,-0.27075510127236574,13.062894366197142
104191192,1.2922059472911265,-5.579471830985902,-0.30860258854699746,12.958894366197143
104191193,1.2915589816966921,-5.566838028168995,-0.4075883244960344,12.779732394366155
104191194,1.290696360904107,-5.553929577464771,-0.8189506149596246,12.850499999999958
104191195,1.289618084913375,-5.541112676056322,-0.8209993393420121,12.837774647887281
104191196,1.288971119318937,-5.52884507042252,-0.6379080761160157,12.640943661971791
104191197,1.2883241537244992,-5.516302816901394,-0.7764665409248528,12.663922535211228
104191198,1.287353705332844,-5.503760563380261,-0.7894058528136159,12.733866197183056
104191199,1.2860597741439648,-5.490943661971819,-0.9392862155251205,12.677014084507002
104191200,1.2853049809504569,-5.478126760563363,-0.8482797219074876,12.674176056337988
104191201,1.2844423601578718,-5.465218309859139,-0.9607439077406524,12.765084507042213
104191202,1.2836875669643568,-5.452309859154909,-0.6457794908483466,12.738809859154888
104191203,1.2826092909736317,-5.439584507042234,-0.6852443921090737,12.699352112676015
104191204,1.2817466701810467,-5.42667605633801,-0.8851567607904619,12.911563380281647
104191205,1.2805605665912374,-5.413676056338012,-1.0216665012169117,12.852788732394323
104191206,1.2795901181995823,-5.40058450704224,-0.8569059298333294,12.998718309859113
104191207,1.2789431526051445,-5.387859154929565,-0.8158236145865069,12.799323943661928
104191208,1.2775413938171987,-5.374859154929567,-0.7220136033929752,13.110957746478832
104191209,1.2763552902273965,-5.361492957746464,-0.8098930966374905,13.10088732394362
104191210,1.2754926694348114,-5.348218309859135,-0.8553963434463072,13.259633802816857
104191211,1.273875255448715,-5.335218309859137,-1.1893384177754653,12.99725352112672
104191212,1.2731204622552,-5.322401408450688,-1.2187753523224012,12.993408450704184
104191213,1.2725813242598392,-5.309309859154915,-0.9377766291380981,12.715464788732351
104191214,1.2711795654718863,-5.296401408450684,-0.9826329103524765,12.679577464788693
104191215,1.2704247722783748,-5.283492957746468,-0.9877008075089087,12.613845070422492
104191216,1.2694543238867197,-5.2708591549295605,-0.8657477929573174,12.622999999999958
104191217,1.2683760478959911,-5.258042253521111,-1.126906237912184,12.573288732394325
104191218,1.268160392697844,-5.245225352112662,-0.6726285630175297,12.513049295774607
104191219,1.267513427103406,-5.2326830985915365,-0.6323010409642185,12.499866197183056
104191220,1.2667586339098946,-5.220140845070411,-0.7101525674949425,12.450704225352073
104191221,1.265680357919166,-5.207781690140827,-0.8782557944497883,12.476978873239394
104191222,1.2653568751219417,-5.19542253521125,-0.8277924780836127,12.332239436619677
104191223,1.2646020819284338,-5.1828802816901245,-0.9098492809781846,12.207732394366158
104191224,1.2642785991312167,-5.170521126760548,-0.703898566748707,12.287288732394327
104191225,1.2642785991312167,-5.158528169014069,-0.5567138940140279,12.076816901408412
104191226,1.2633081507395545,-5.146169014084492,-0.5024766116802963,12.324366197183057
104191227,1.2629846679423373,-5.133535211267592,-0.557253032009393,12.48750704225348
104191228,1.2627690127441937,-5.121084507042234,-0.5681436195157686,12.531267605633762
104191229,1.2621220471497523,-5.108725352112657,-0.4464062601623233,12.54106338028165
104191230,1.2615829091543915,-5.096183098591531,-0.41664584281816847,12.452077464788692
104191231,1.2613672539562444,-5.083183098591533,-0.37448525158061574,12.642774647887283
104191232,1.2607202883618065,-5.0706408450704075,-0.3894732878517662,12.621809859154888
104191233,1.2605046331636593,-5.057823943661958,-0.4773527810962816,12.735056338028128
104191234,1.2598576675692215,-5.0450985915492765,-0.4259190163384487,12.747415492957705
104191235,1.2594263571729272,-5.031915492957729,-0.3404117302735398,12.825049295774605
104191236,1.2593185295738536,-5.019007042253506,-0.22093875050062817,12.789070422535168
104191237,1.2589950467766364,-5.005915492957733,-0.2172726121321453,12.850774647887281
104191238,1.2587793915784893,-4.993098591549284,-0.3604676637011225,12.829077464788691
104191239,1.2586715639794193,-4.980007042253511,-0.2652558937196414,12.860936619718268
104191240,1.2581324259840514,-4.967098591549281,-0.2431512359096713,12.598556338028127
104191241,1.2581324259840514,-4.953915492957734,-0.03277959011819959,12.639570422535169
104191242,1.257593287988687,-4.941007042253503,0.0062540007462354484,12.606154929577423
104191243,1.257701115587757,-4.928281690140828,-0.4010108409525799,12.638838028168975
104191244,1.256838494795172,-4.9157394366197025,-0.4572968476686989,12.65925352112672
104191245,1.2564071843988813,-4.903014084507028,-0.5532634108436911,12.669873239436578
104191246,1.2561915292007342,-4.890471830985902,-0.5306196150383559,12.695964788732352
104191247,1.2555445636063034,-4.87774647887322,-0.58744475974984,12.630049295774606
104191248,1.2553289084081563,-4.865661971830974,-0.6159112459051186,12.511676056337988
104191249,1.2553289084081563,-4.853485915492946,-0.2751760328343597,12.428091549295736
104191250,1.2544662876155712,-4.841218309859144,-0.4507193641252443,12.399894366197143
104191251,1.254034977219277,-4.829042253521116,-0.38451321829440704,12.29864084507038
104191252,1.253388011624839,-4.8172323943661866,-0.4033830481321864,12.188232394366157
104191253,1.2530645288276219,-4.805605633802806,-0.24854261586332257,11.90580281690137
104191254,1.252417563233184,-4.793704225352101,-0.3721130444010092,12.012457746478834
104191255,1.2519862528368932,-4.7820774647887205,-0.2846648615527859,11.816359154929538
104191256,1.251554942440599,-4.770267605633791,-0.24972871945312583,11.701281690140808
104191257,1.250800149247084,-4.758823943661959,-0.10922935786097429,11.848767605633766
104191258,1.2503688388507932,-4.7471056338028035,-0.2809987231843031,11.67610563380278
104191259,1.249937528454506,-4.735661971830972,-0.2737742740464104,11.474239436619682
104191260,1.2495062180582117,-4.72421830985914,-0.39227680542766485,11.452084507042217
104191261,1.249182735260991,-4.713049295774631,-0.47616667750647823,11.38342253521123
104191262,1.2485357696665496,-4.701330985915483,-0.7206118446050258,11.485408450704188
104191263,1.2478888040721117,-4.689978873239426,-0.6682076314555357,11.433225352112638
104191264,1.247457493675821,-4.678443661971819,-0.565447929538943,11.480190140845034
104191265,1.2470261832795337,-4.666999999999987,-0.5652322743407969,11.462154929577428
104191266,1.2468105280813866,-4.655464788732381,-0.6280957646003705,11.463436619718273
104191267,1.2462713900860187,-4.643838028169,-0.6404959384937683,11.613669014084469
104191268,1.2458400796897244,-4.632119718309845,-0.45503246808816533,11.549767605633765
104191269,1.2453009416943637,-4.620492957746464,-0.43648612104760515,11.486232394366159
104191270,1.2446539760999258,-4.608774647887309,-0.3604676637011225,11.505366197183061
104191271,1.2440070105054843,-4.59705633802816,-0.24983654705219885,11.335999999999963
104191272,1.2435757001091936,-4.585154929577449,-0.4802641262712532,11.28766197183095
104191273,1.2431443897128993,-4.573711267605624,-0.47131443554819213,11.292147887323907
104191274,1.2429287345147557,-4.561809859154913,-0.31970883125151905,11.321809859154893
104191275,1.2422817689203143,-4.550549295774637,-0.457512502866845,11.590049295774609
104191276,1.2419582861231007,-4.538647887323933,-0.5939144156942215,11.568352112676019
104191277,1.2420661137221707,-4.527295774647875,-0.358526766917808,11.518823943661934
104191278,1.2418504585240235,-4.515760563380269,-0.3312463843523327,11.498133802816865
104191279,1.2414191481277292,-4.5044084507042115,-0.4974087145238642,11.53136619718306
104191280,1.2412034929295857,-4.493056338028154,-0.4755197119120401,11.586204225352075
104191281,1.2413113205286592,-4.481704225352097,-0.36079114649834154,11.54418309859151
104191282,1.2408800101323685,-4.470443661971821,-0.5860430009618907,11.373901408450667
104191283,1.2409878377314456,-4.459366197183087,-0.2964180698517457,11.25104225352109
104191284,1.2410956653305156,-4.448105633802804,-0.3933550814183951,11.223028169014048
104191285,1.2410956653305156,-4.437119718309852,-0.31280786491084545,11.222204225352076
104191286,1.2408800101323685,-4.426316901408441,-0.07148969818541555,11.214697183098554
104191287,1.2409878377314456,-4.415514084507031,0.0012939311888762997,11.061809859154895
104191288,1.2404486997360742,-4.404345070422522,-0.2037941622480172,11.017133802816867
104191289,1.2403408721370042,-4.393542253521112,-0.08173332009735293,10.787070422535177
104191290,1.2403408721370042,-4.382464788732385,0.10847456466746311,10.791464788732359
104191291,1.2400173893397834,-4.3715704225352,0.15354650107998755,10.902239436619682
104191292,1.2400173893397834,-4.3604014084506915,0.07612628494555564,10.880084507042218
104191293,1.2392625961462755,-4.349415492957732,0.29167365549253255,10.961014084507006
104191294,1.2392625961462755,-4.338338028169005,0.13230446406260163,10.957077464788696
104191295,1.2391547685471984,-4.327169014084497,0.2573844789873106,11.052380281690105
104191296,1.2392625961462755,-4.316183098591537,0.34310742025036545,11.052654929577429
104191297,1.2394782513444191,-4.30510563380281,0.21349864616458944,11.23254929577461
104191298,1.2390469409481284,-4.294028169014069,-0.057472110305922315,11.05329577464785
104191299,1.2388312857499812,-4.28304225352111,0.015203691469296522,10.87321830985912
104191300,1.2387234581509041,-4.2720563380281575,0.028574313754351616,10.78340845070419
104191301,1.2383999753536905,-4.261070422535198,0.13607843003015752,10.831929577464754
104191302,1.2380764925564733,-4.249718309859141,-0.011753208298959723,11.089640845070386
104191303,1.2381843201555434,-4.238549295774632,0.06965662900117413,11.06190140845067
104191304,1.2380764925564733,-4.227746478873229,-0.09079083841948703,11.108866197183064
104191305,1.2379686649573962,-4.216485915492946,-0.01692893305446492,11.028211267605599
104191306,1.2381843201555434,-4.205591549295768,-0.009165345921207123,11.074260563380246
104191307,1.2378608373583262,-4.1942394366197036,-0.014017587879493245,11.12360563380278
104191308,1.2389391133490513,-4.183345070422526,0.24584692588649693,10.954330985915457
104191309,1.2390469409481284,-4.172267605633792,0.3311385567532597,10.859394366197147
104191310,1.2399095617407134,-4.161464788732381,0.40004039256092266,10.794852112676022
104191311,1.2403408721370042,-4.150570422535196,0.5089462676246779,11.07059859154926
104191312,1.2407721825332985,-4.139492957746469,0.40963704887842184,11.092295774647852
104191313,1.2416348033258764,-4.12850704225351,0.4725005391379954,11.16498591549292
104191314,1.2417426309249535,-4.1175211267605505,0.49589912813684184,11.091563380281654
104191315,1.2426052517175386,-4.106901408450689,0.4321730170846841,10.94966197183095
104191316,1.2430365621138293,-4.095732394366188,0.3772887691565144,11.022901408450668
104191317,1.2433600449110465,-4.085021126760552,0.4598847100464515,10.810232394366162
104191318,1.2433600449110465,-4.074218309859141,0.16292750219934074,10.724633802816866
104191319,1.2435757001091936,-4.063598591549287,0.22633013045427944,10.692957746478838
104191320,1.2441148381045544,-4.052795774647876,0.33092290155511367,10.602873239436585
104191321,1.2443304933027015,-4.042176056338015,0.25361051301975474,10.713190140845036
104191322,1.2446539760999258,-4.031830985915484,0.13888194760605618,10.671443661971797
104191323,1.2450852864962165,-4.021028169014073,0.02609427897567204,10.71227464788729
104191324,1.2448696312980694,-4.010499999999993,-0.2854196547462971,10.66265492957743
104191325,1.2449774588971394,-3.9999718309859063,-0.3005155186165206,10.476718309859121
104191326,1.2449774588971394,-3.989626760563368,-0.3874245634693787,10.24802816901405
104191327,1.2445461485008487,-3.9791901408450627,-0.4304477754995157,10.417669014084474
104191328,1.2446539760999258,-3.9688450704225247,-0.6292818681901737,10.460880281690107
104191329,1.2443304933027015,-3.9584999999999866,-0.4946051969479655,10.388373239436586
104191330,1.2442226657036315,-3.9481549295774556,-0.5652322743407969,10.341042253521094
104191331,1.2441148381045544,-3.9376267605633686,-0.43163387908931894,10.37052112676053
104191332,1.2437913553073408,-3.9276478873239284,-0.5026922668784425,10.293802816901374
104191333,1.2434678725101236,-3.9173028169013975,-0.5861508285609637,10.372443661971797
104191334,1.2432522173119764,-3.906866197183085,-0.47055964235468095,10.321359154929544
104191335,1.2429287345147557,-3.896704225352103,-0.4053239449155009,10.29627464788729
104191336,1.2429287345147557,-3.886359154929565,-0.24821913306610346,10.205823943661938
104191337,1.2424974241184614,-3.876014084507034,-0.16573101977523938,10.097246478873206
104191338,1.2420661137221707,-3.865852112676045,-0.33480469512174255,10.209119718309827
104191339,1.2421739413212443,-3.855507042253514,-0.1238939113349057,10.267528169014051
104191340,1.2417426309249535,-3.845436619718299,-0.26105061735579344,10.251690140845037
104191341,1.2419582861231007,-3.835091549295761,-0.1514977766976001,10.22733802816898
104191342,1.2415269757268064,-3.8250211267605536,0.013370622285055096,10.468478873239404
104191343,1.2415269757268064,-3.8148591549295716,-0.11278766863038413,10.458408450704193
104191344,1.2413113205286592,-3.804422535211259,-0.18298343562692337,10.461429577464754
104191345,1.2410956653305156,-3.7941690140844955,-0.09920139114718297,10.224499999999967
104191346,1.2413113205286592,-3.783915492957739,0.1307948776755793,10.08488732394363
104191347,1.2412034929295857,-3.7736619718309754,0.1739259173047893,10.057514084507009
104191348,1.2413113205286592,-3.763408450704219,0.11106242704521573,10.054309859154897
104191349,1.2413113205286592,-3.7533380281690043,-0.016389795059099797,10.068774647887292
104191350,1.2415269757268064,-3.743176056338015,0.1662701577706045,10.042774647887292
104191351,1.2419582861231007,-3.7331056338028077,0.2111264389849829,10.059436619718278
104191352,1.2422817689203143,-3.722852112676044,0.2964180698517457,10.206556338028136
104191353,1.2419582861231007,-3.712873239436611,0.2056272314322586,10.172591549295742
104191354,1.2419582861231007,-3.7026197183098475,-0.12119822135808006,10.234570422535178
104191355,1.2418504585240235,-3.69254929577464,-0.015419346667442572,10.296640845070389
104191356,1.2419582861231007,-3.6825704225352,-0.03396569370800287,10.113450704225318
104191357,1.2422817689203143,-3.6723169014084434,0.20012802387953435,10.033528169014051
104191358,1.2419582861231007,-3.6621549295774543,0.025662968579379945,9.9495774647887
104191359,1.2420661137221707,-3.6524507042253447,0.04496410881345141,9.919457746478841
104191360,1.2421739413212443,-3.6424718309859045,0.34062738547168586,10.215802816901375
104191361,1.2420661137221707,-3.6324929577464644,0.03806314247277782,10.106309859154898
104191362,1.2420661137221707,-3.622239436619708,0.12195301455159124,10.105485915492924
104191363,1.2422817689203143,-3.6123521126760423,0.2919971382897516,10.073992957746446
104191364,1.2421739413212443,-3.6026478873239327,0.16120226061417234,9.855373239436588
104191365,1.2421739413212443,-3.592394366197169,-0.010674932308229471,9.948112676056306
104191366,1.2418504585240235,-3.582232394366187,-0.10922935786097429,9.996633802816868
104191367,1.2420661137221707,-3.5725281690140775,-0.13370622285055098,9.827725352112644
104191368,1.2419582861231007,-3.562274647887314,0.03536745249595219,9.8322112676056
104191369,1.2412034929295857,-3.552112676056325,-0.3048286225794416,9.883478873239405
104191370,1.2408800101323685,-3.5420422535211173,-0.21274385297107826,9.957725352112645
104191371,1.2404486997360742,-3.5322464788732333,0.1507429835040889,9.761809859154898
104191372,1.2399095617407134,-3.522084507042244,-0.138127154412545,9.821225352112643
104191373,1.2394782513444191,-3.5120140845070296,-0.17047543413445246,9.824338028168983
104191374,1.2388312857499812,-3.5016690140844986,-0.33189334994677083,9.874049295774617
104191375,1.2385078029527605,-3.4916901408450585,-0.4430636045910596,9.847042253521096
104191376,1.2379686649573962,-3.4818943661971744,-0.5221012347115869,9.791563380281657
104191377,1.2380764925564733,-3.471640845070418,-0.3198166588505921,9.800169014084476
104191378,1.237537354561102,-3.461661971830978,-0.22244833688765053,9.979514084507011
104191379,1.237429526962032,-3.4516830985915448,-0.005391379953651249,9.813352112676023
104191380,1.237537354561102,-3.441612676056323,-0.05456076513095064,9.744232394366167
104191381,1.2373216993629583,-3.4317253521126645,-0.2365737523662168,9.80163380281687
104191382,1.2366747337685169,-3.4217464788732315,-0.4616099516316199,9.983084507042221
104191383,1.2369982165657412,-3.4115845070422424,-0.17252415851683997,9.836330985915462
104191384,1.2366747337685169,-3.4015140845070277,-0.14880208672077444,9.939873239436588
104191385,1.236890388966664,-3.3914436619718202,-0.09381001119353173,10.012197183098559
104191386,1.2365669061694469,-3.3813732394366056,-0.09089866601856005,9.81683098591546
104191387,1.2361355957731561,-3.371119718309849,-0.36510425046126255,9.969901408450673
104191388,1.2363512509713033,-3.3608661971830855,-0.19570709231754033,10.086443661971797
104191389,1.2365669061694469,-3.350612676056329,0.009596656317499222,10.046985915492925
104191390,1.236890388966664,-3.3403591549295655,0.36133028449370663,9.951225352112644
104191391,1.236782561367594,-3.3303802816901324,0.34073521307075894,10.131119718309826
104191392,1.236890388966664,-3.3200352112675944,0.006146173147162423,10.188887323943629
104191393,1.2373216993629583,-3.3098732394366124,0.18007209045195172,10.011281690140812
104191394,1.2372138717638883,-3.2994366197183,0.10847456466746311,10.108598591549264
104191395,1.237645182160179,-3.2891830985915433,0.12152170415529914,10.095964788732362
104191396,1.2373216993629583,-3.2786549295774563,0.17123022732796364,10.372443661971797
104191397,1.237645182160179,-3.2683098591549182,0.05952083468830978,10.289042253521094
104191398,1.237537354561102,-3.2579647887323873,-0.13467667124220817,10.215802816901375
104191399,1.237753009759249,-3.2477112676056237,0.1421167755782469,10.216169014084473
104191400,1.237537354561102,-3.2373661971830856,-0.11246418583316506,10.090654929577433
104191401,1.237537354561102,-3.2266549295774567,-0.10502408149712633,10.205183098591517
104191402,1.2369982165657412,-3.2163098591549186,-0.2827239647694715,10.038654929577433
104191403,1.2364590785703733,-3.206056338028162,-0.49244864496650503,9.963309859154897
104191404,1.2361355957731561,-3.1958028169013986,-0.38958111545083923,9.976035211267574
104191405,1.235919940575009,-3.185549295774635,-0.4154597392283652,9.906183098591518
104191406,1.2357042853768618,-3.175021126760555,-0.4553559508853845,10.020802816901377
104191407,1.2353808025796411,-3.1649507042253475,-0.3992855993674115,9.949760563380249
104191408,1.234949492183354,-3.1544225352112605,-0.5773089654369757,10.034535211267572
104191409,1.234302526588916,-3.1444436619718203,-0.4441418805817899,10.135056338028136
104191410,1.234086871390769,-3.134373239436613,-0.34828314500587065,10.017781690140811
104191411,1.2333320781972539,-3.1241197183098492,-0.5156315787672053,9.921929577464757
104191412,1.232685112602816,-3.11395774647886,-0.4723927115389224,9.925683098591517
104191413,1.232577285003746,-3.104161971830976,-0.34666573101977527,9.831295774647856
104191414,1.231930319409308,-3.0940915492957686,-0.4087744280858377,9.968894366197151
104191415,1.2311755262157966,-3.084204225352103,-0.37858270034539065,9.783964788732362
104191416,1.2304207330222816,-3.0744999999999933,-0.5447450305169221,9.70175352112673
104191417,1.2299894226259909,-3.0644295774647787,-0.3320011775458439,9.730683098591518
104191418,1.2295581122296966,-3.054725352112669,-0.6087946243662989,9.678774647887293
104191419,1.2286954914371186,-3.04456338028168,-0.9558916657823663,9.75851408450701
104191420,1.2279406982436036,-3.034767605633796,-0.8242341673142028,9.710908450704194
104191421,1.2272937326491657,-3.0248802816901375,-0.8553963434463072,9.747802816901377
104191422,1.2266467670547279,-3.0149014084506973,-0.6015701752284063,9.861049295774617
104191423,1.2259998014602935,-3.004922535211257,-0.5142298199792561,9.756957746478841
104191424,1.2256763186630728,-2.9952183098591476,-0.5117497852005766,9.638492957746447
104191425,1.2249215254695613,-2.985330985915482,-0.6793138741600573,9.72482394366194
104191426,1.2244902150732706,-2.9758098591549214,-0.6674528382620246,9.607091549295744
104191427,1.2240589046769763,-2.9662887323943607,-0.7053003255366563,9.742035211267574
104191428,1.2235197666816084,-2.956584507042244,-0.6556996299630649,9.750732394366166
104191429,1.2234119390825384,-2.9466971830985855,-0.6572092163500871,9.950676056337995
104191430,1.2229806286862441,-2.9370845070422433,-0.5788185518239981,9.682619718309827
104191431,1.2223336630918062,-2.9274718309859082,-0.8068739238634458,9.676211267605602
104191432,1.2223336630918062,-2.917859154929566,-0.5241499590939743,9.732971830985884
104191433,1.2219023526955155,-2.9083380281690054,-0.5078679916339476,9.597845070422505
104191434,1.2213632147001512,-2.898633802816896,-0.6959193244173031,9.588049295774617
104191435,1.2209319043038604,-2.8886549295774557,-0.6715502870267995,9.692964788732363
104191436,1.2205005939075662,-2.878950704225346,-0.7550088487093208,9.681704225352082
104191437,1.2206084215066362,-2.869338028169011,-0.5446372029178491,9.544563380281659
104191438,1.2199614559122054,-2.8596338028168944,-0.7510192275436189,9.580084507042223
104191439,1.2197458007140582,-2.8501126760563267,-0.7197492238124417,9.398084507042222
104191440,1.219422317916834,-2.8403169014084426,-0.5406475817521472,9.703401408450674
104191441,1.2189910075205432,-2.830612676056333,-0.6858913577035118,9.604161971830955
104191442,1.218559697124249,-2.8207253521126674,-0.7775448169155831,9.669711267605601
104191443,1.2180205591288882,-2.8109295774647833,-0.8023451647023788,9.677492957746447
104191444,1.2175892487325939,-2.8014084507042156,-0.9017622110477079,9.586584507042222
104191445,1.2172657659353732,-2.7914295774647826,-0.7702125401786174,9.7159436619718
104191446,1.2165109727418653,-2.7819999999999965,-0.6270174886096402,9.575415492957715
104191447,1.2162953175437181,-2.77229577464788,-0.6247531090291066,9.424359154929547
104191448,1.2157561795483538,-2.76259154929577,-0.5204838207254915,9.513711267605602
104191449,1.216079662345571,-2.7532535211267515,-0.5120732679977955,9.424267605633773
104191450,1.2156483519492802,-2.7436408450704164,-0.6494456292168294,9.488992957746449
104191451,1.2150013863548388,-2.7338450704225252,-0.5662027227324541,9.555457746478842
104191452,1.2147857311566952,-2.724598591549288,-0.5562825836177359,9.43250704225349
104191453,1.214354420760401,-2.715169014084502,-0.30849476094792444,9.272204225352082
104191454,1.2138152827650401,-2.7055563380281598,-0.39626642659336675,9.233112676056308
104191455,1.2138152827650401,-2.6959436619718247,-0.34407786864202267,9.217366197183068
104191456,1.2133839723687458,-2.6863309859154825,-0.32553152160146237,9.298478873239407
104191457,1.2132761447696758,-2.676992957746471,-0.5495972724752083,9.21855633802814
104191458,1.2128448343733815,-2.6674718309859102,-0.34504831703367994,9.228626760563351
104191459,1.2125213515761608,-2.658225352112666,-0.20368633464894417,9.269183098591519
104191460,1.2121978687789436,-2.64879577464788,-0.3514101453789884,9.1573098591549
104191461,1.2116587307835758,-2.6395492957746427,-0.4551402956872384,9.068964788732364
104191462,1.2113352479863586,-2.6299366197183005,-0.39637425419243977,9.17406338028166
104191463,1.2110117651891414,-2.620598591549289,-0.32628631479497355,9.397901408450673
104191464,1.2103647995947036,-2.6110774647887283,-0.3570171805307857,9.291795774647857
104191465,1.2098256615993357,-2.601647887323935,-0.5729958614740547,9.343887323943632
104191466,1.2092865236039714,-2.5924929577464724,-0.665080631082418,9.342514084507012
104191467,1.2089630408067507,-2.5831549295774607,-0.8051486822782774,9.308915492957716
104191468,1.2088552132076806,-2.5735422535211185,-0.5663105503315271,9.699647887323913
104191469,1.2083160752123128,-2.5642957746478814,-0.6161269011032647,9.63126056338025
104191470,1.2075612820188013,-2.554591549295772,-0.6471812496362959,9.552985915492926
104191471,1.2066986612262163,-2.5451619718309786,-0.548842479281697,9.621556338028137
104191472,1.2059438680327084,-2.535823943661967,-0.8087069930476872,9.56525352112673
104191473,1.2058360404336312,-2.5263943661971737,-0.8021295095042328,9.427105633802785
104191474,1.2048655920419762,-2.5167816901408386,-1.1666946219701302,9.417492957746449
104191475,1.2047577644429062,-2.507260563380271,-0.9057518322134097,9.356612676056308
104191476,1.2041107988484683,-2.497830985915485,-0.7954441983617052,9.55326056338025
104191477,1.2031403504568061,-2.488309859154924,-0.8716783109063337,9.587774647887294
104191478,1.2026012124614454,-2.4789718309859055,-0.6567779059537951,9.233570422535182
104191479,1.202062074466081,-2.4697253521126683,-0.5954240020812439,9.30919014084504
104191480,1.2007681432772053,-2.460112676056333,-0.712848257471768,9.236866197183069
104191481,1.2006603156781281,-2.450683098591547,-0.2660106869131526,9.336288732394337
104191482,1.1993663844892524,-2.4409788732394304,-0.5287865458541144,9.37711971830983
104191483,1.1991507292911088,-2.4315492957746443,-0.45869860645664823,9.343429577464757
104191484,1.1983959360975938,-2.422485915492949,-0.39702121978687793,9.299394366197154
104191485,1.1980724533003801,-2.4131478873239374,-0.24088685632913778,9.215626760563351
104191486,1.1974254877059387,-2.403352112676046,-0.23851464914953124,9.334732394366167
104191487,1.19645503931428,-2.3940140845070346,-0.3621929052862909,9.250598591549265
104191488,1.196131556517063,-2.3844014084506995,-0.5232873383013902,9.26625352112673
104191489,1.195484590922625,-2.3748802816901318,-0.4517976401159746,9.516640845070391
104191490,1.1947297977291136,-2.3654507042253456,-0.7105838778912346,9.397260563380252
104191491,1.1942984873328228,-2.355746478873236,-0.5817298969989697,9.365767605633772
104191492,1.193759349337455,-2.3465915492957663,-0.5529399280464721,9.199880281690112
104191493,1.1932202113420907,-2.337345070422529,-0.7802405068924088,9.220845070422506
104191494,1.1930045561439435,-2.3276408450704196,-0.2974963458424759,9.349563380281658
104191495,1.1920341077522885,-2.318302816901408,-0.4609629860371818,9.231098591549266
104191496,1.1917106249550677,-2.3087816901408402,-0.48500854063046633,9.294542253521097
104191497,1.1911714869597034,-2.299352112676054,-0.44133836300589124,9.33793661971828
104191498,1.1903088661671184,-2.289922535211261,-0.6531117675853122,9.293077464788702
104191499,1.1893384177754633,-2.2804929577464677,-0.673491183810114,9.46381690140842
104191500,1.1887992797800955,-2.2712464788732376,-0.5651244467417239,9.280901408450674
104191501,1.1884757969828783,-2.262091549295768,-0.7761430581276337,9.34699999999997
104191502,1.1876131761902933,-2.2530281690140797,-0.6000605888413839,9.389204225352081
104191503,1.1870740381949325,-2.2437816901408354,-0.6858913577035118,9.32951408450701
104191504,1.1863192450014175,-2.2345352112676053,-0.8328603752400449,9.204732394366166
104191505,1.1851331414116153,-2.22547183098591,-0.8803045188321758,9.044612676056309
104191506,1.1844861758171774,-2.216408450704222,-0.9870538419144707,8.956176056337998
104191507,1.183731382623666,-2.207436619718308,-0.8021295095042328,9.04305633802814
104191508,1.182868761831081,-2.198556338028162,-0.8683356553350701,9.08699999999997
104191509,1.1824374514347902,-2.1896760563380226,-0.9063987978078479,9.123070422535182
104191510,1.181251347844988,-2.1809788732394324,-0.7226605689874133,8.904267605633773
104191511,1.1808200374486972,-2.172098591549293,-0.8385752379909152,8.871767605633773
104191512,1.179741761457965,-2.1633098591549285,-0.945971526667648,8.893098591549267
104191513,1.1784478302690857,-2.154612676056331,-0.8120496486189511,8.762183098591521
104191514,1.1778008646746478,-2.145732394366192,-0.8089226482458334,8.652323943661944
104191515,1.1767225886839157,-2.136943661971827,-0.924621662051189,8.701119718309831
104191516,1.1757521402922606,-2.128246478873237,-1.0160594660651143,8.512711267605606
104191517,1.1749973470987527,-2.119640845070421,-0.699585462785786,8.444781690140818
104191518,1.1739190711080205,-2.1112183098591473,-0.6514943535992168,8.263697183098564
104191519,1.1729486227163584,-2.1026126760563315,-0.8626207925841998,8.29454929577462
104191520,1.1715468639284126,-2.0941901408450647,-0.8467701355204652,8.34535915492955
104191521,1.1706842431358275,-2.085767605633798,-0.9647335289063544,8.289239436619692
104191522,1.1691746567488082,-2.0770704225352077,-1.1920341077522911,8.456133802816874
104191523,1.1683120359562231,-2.0685563380281664,-1.139629894602801,8.348197183098565
104191524,1.167449415163638,-2.0601338028168925,-1.1208678923640945,8.2870422535211
104191525,1.1663711391729095,-2.0514366197183094,-0.798894681532042,8.331077464788706
104191526,1.1652928631821773,-2.0430140845070355,-1.028136157161293,8.346457746478846
104191527,1.1644302423895923,-2.0345915492957687,-0.9596656317499223,8.199429577464763
104191528,1.16313631120072,-2.0264436619718253,-0.9461871818657941,8.17223943661969
104191529,1.1621658628090579,-2.0180211267605586,-1.01056025851239,8.115845070422509
104191530,1.160764104021112,-2.0093239436619683,-1.0604844368832005,8.313408450704198
104191531,1.1593623452331627,-2.000992957746476,-1.2321459746074563,8.264154929577439
104191532,1.1586075520396477,-1.9925704225352092,-0.9785354615877015,8.270014084507014
104191533,1.1575292760489155,-1.9841478873239353,-0.842133548760325,8.376577464788705
104191534,1.1563431724591169,-1.975999999999992,-1.0760116111497162,8.310936619718284
104191535,1.1552648964683847,-1.9677605633802742,-1.0902448542273555,8.39479577464786
104191536,1.1539709652795125,-1.9595211267605634,-1.2410956653305174,8.371450704225325
104191537,1.1526770340906367,-1.951007042253515,-1.511635111404737,8.457690140845042
104191538,1.1515987580999045,-1.9426760563380228,-1.3349056765240492,8.485154929577437
104191539,1.150089171712878,-1.9343450704225305,-1.6277654356063849,8.500169014084479
104191540,1.1489030681230794,-1.9261971830985871,-1.6381168851173955,8.433521126760535
104191541,1.148148274929568,-1.9180492957746438,-1.5185360777454107,8.387197183098564
104191542,1.1471778265379093,-1.909809859154926,-1.7736561771521875,8.35341549295772
104191543,1.1456682401508829,-1.9014788732394337,-1.7699900387837049,8.439563380281664
104191544,1.1443743089620142,-1.8933309859154903,-1.8980892264824587,8.412007042253494
104191545,1.143296032971282,-1.8850915492957725,-1.848488530908867,8.311394366197156
104191546,1.1421099293814798,-1.8768521126760476,-1.6807087867512402,8.342704225352085
104191547,1.1411394809898177,-1.8686126760563369,-1.6279810908045311,8.28191549295772
104191548,1.1398455498009419,-1.8602816901408374,-1.3537755063618284,8.39497887323941
104191549,1.1389829290083604,-1.852499999999992,-1.3619704038913785,8.265711267605607
104191550,1.1376889978194846,-1.8442605633802813,-1.4864034532216492,8.18679577464786
104191551,1.1365028942296753,-1.836478873239436,-1.2158640071474296,8.093781690140819
104191552,1.1355324458380203,-1.82842253521126,-1.4199816521926658,8.130950704225326
104191553,1.1342385146491445,-1.8200915492957748,-1.1896619005726845,8.261774647887297
104191554,1.1326211006630515,-1.8119436619718314,-1.464514450609825,8.140197183098564
104191555,1.1315428246723194,-1.8038873239436555,-1.5344945624082185,8.066499999999973
104191556,1.1300332382853,-1.7958309859154866,-1.4845703840374078,8.083528169014059
104191557,1.1289549622945714,-1.7879577464788667,-1.4516829663201352,8.036563380281665
104191558,1.127768858704762,-1.7802676056337958,-1.434107067671232,7.918647887323918
104191559,1.1265827551149599,-1.772577464788725,-1.278296187010711,7.865549295774623
104191560,1.1253966515251577,-1.7646126760563376,-1.3939952008160668,7.804760563380256
104191561,1.124210547935359,-1.7566478873239433,-1.304498293585456,7.850809859154904
104191562,1.1230244443455497,-1.7488661971830979,-1.2032481780558857,7.784985915492933
104191563,1.121730513156674,-1.740626760563373,-1.3898977520512918,7.874521126760537
104191564,1.1204365819678017,-1.7330281690140765,-1.097253648167102,7.7609084507042
104191565,1.1192504783779924,-1.7251549295774637,-1.199689867286476,7.721359154929552
104191566,1.1180643747881938,-1.7176478873239418,-1.1069581320836743,7.663042253521102
104191567,1.1168782711983916,-1.7099577464788709,-1.0917544406143778,7.756514084507017
104191568,1.1156921676085823,-1.702084507042251,-1.3008321552169733,7.88303521126758
104191569,1.1147217192169272,-1.69439436619718,-1.3054687419771134,7.914802816901383
104191570,1.1134277880280514,-1.6866126760563347,-1.407257995502049,8.0335422535211
104191571,1.112026029240102,-1.6789225352112638,-1.2178049039307441,7.79597183098589
104191572,1.1107320980512263,-1.6713239436619673,-1.2366747337685233,7.64134507042251
104191573,1.109438166862347,-1.6636338028168964,-1.1134277880280559,7.456690140845046
104191574,1.107712925277184,-1.6560352112676,-1.0517504013582857,7.555014084507017
104191575,1.1063111664892347,-1.648528169014078,-1.0289987779538772,7.578542253521102
104191576,1.105232890498506,-1.6411126760563306,-1.083020405089463,7.423915492957722
104191577,1.1042624421068439,-1.6337887323943647,-0.9861912211218863,7.361753521126737
104191578,1.1028606833188945,-1.6264647887323918,-1.1129964776317638,7.316619718309836
104191579,1.1018902349272395,-1.6189577464788698,-1.1674494151636414,7.526450704225327
104191580,1.1005963037383637,-1.6114507042253479,-1.2883241537245025,7.573964788732369
104191581,1.0995180277476315,-1.6042183098591494,-1.2464870452841688,7.416591549295751
104191582,1.0981162689596822,-1.5968943661971835,-1.1245340307325775,7.39196478873237
104191583,1.0964988549735892,-1.589661971830978,-1.3850455100930057,7.3990140845070185
104191584,1.095420578982857,-1.5822464788732375,-1.4054249263178076,7.51152816901406
104191585,1.0942344753930584,-1.5749225352112646,-1.3849376824939326,7.417598591549272
104191586,1.093048371803249,-1.5677816901408406,-1.368763542632979,7.074105633802795
104191587,1.092077923411594,-1.560549295774642,-1.3157123638890507,7.196507042253497
104191588,1.0908918198217918,-1.5536830985915486,-1.4030527191382007,7.137457746478851
104191589,1.089705716231986,-1.5463591549295685,-1.1655085183803269,7.339598591549272
104191590,1.0884117850431139,-1.539492957746475,-1.2642785991312178,7.141394366197161
104191591,1.0874413366514517,-1.5324436619718256,-1.296303396055906,7.156408450704203
104191592,1.086147405462576,-1.525211267605627,-1.243467872510124,7.360563380281667
104191593,1.0852847846699945,-1.5183450704225336,-1.0661992996340708,7.185795774647865
104191594,1.0842065086792658,-1.5108380281690117,-1.1547257584730244,7.2374295774647655
104191595,1.0830204050894565,-1.5038802816901367,-0.9988070502134303,7.206302816901385
104191596,1.0820499566978015,-1.4967394366197126,-1.0095898101207328,7.214999999999977
104191597,1.0808638531079993,-1.4895985915492957,-0.8482797219074876,7.3887605633802576
104191598,1.0797855771172706,-1.4826408450704207,-0.8775010012562772,7.221225352112653
104191599,1.0787073011265385,-1.4755915492957712,-1.1087912012679157,7.071359154929555
104191600,1.0777368527348834,-1.4688169014084451,-1.1007041313374388,7.089211267605611
104191601,1.076550749145074,-1.4616760563380282,-1.3958282700003082,7.139654929577442
104191602,1.075580300753419,-1.4546267605633787,-0.9641943909109894,7.0068169014084285
104191603,1.074609852361764,-1.4475774647887292,-0.8803045188321758,6.861528169014062
104191604,1.0734237487719618,-1.4403450704225307,-0.958695183358265,6.905838028168992
104191605,1.0724533003803032,-1.4333873239436628,-0.760184573464826,6.854204225352091
104191606,1.0710515415923538,-1.4257887323943663,-1.0690028172099695,7.117042253521104
104191607,1.069757610403478,-1.4185563380281678,-1.4858643152262843,7.128119718309836
104191608,1.068787162011823,-1.4116901408450673,-1.045388573012977,7.076760563380258
104191609,1.0682480240164516,-1.4043661971830943,-1.2139231103641153,7.240450704225329
104191610,1.0674932308229437,-1.3968591549295724,-1.0517504013582857,7.314514084507018
104191611,1.0664149548322115,-1.3898098591549228,-1.2885398089226485,7.21783802816899
104191612,1.0657679892377736,-1.382669014084506,-1.2961955684568331,7.102577464788709
104191613,1.0649053684451886,-1.375528169014082,-1.0995180277476355,7.119788732394343
104191614,1.0640427476526106,-1.368387323943658,-1.1928967285448753,7.077126760563357
104191615,1.0629644716618785,-1.361246478873234,-1.0899213714301366,7.08033098591547
104191616,1.0618861956711463,-1.353922535211261,-0.9948174290477284,7.034373239436597
104191617,1.0610235748785612,-1.346598591549295,-0.9724971160396121,7.025950704225329
104191618,1.0605922644822705,-1.3393661971830966,-0.9744380128229266,7.186802816901385
104191619,1.0597296436896855,-1.3322253521126726,-1.1503048269110305,7.116401408450681
104191620,1.059082678095244,-1.3250845070422557,-0.8804123464312489,7.143957746478851
104191621,1.0578965745054454,-1.31785211267605,-0.9139467297429595,7.021922535211245
104191622,1.057357436510081,-1.3108028169014077,-1.0691106448090426,7.022288732394343
104191623,1.0569261261137903,-1.303936619718307,-0.8315664440511685,6.855028169014062
104191624,1.0558478501230582,-1.2968873239436576,-1.2338712161926246,6.982464788732372
104191625,1.055632194924911,-1.2899295774647825,-1.0700810932006999,6.857591549295752
104191626,1.0544460913351088,-1.2828802816901401,-0.8901168303478212,6.816485915492935
104191627,1.0542304361369652,-1.2760140845070396,-0.8082756826513952,6.650873239436598
104191628,1.0534756429434502,-1.268781690140841,-0.6191460738773094,6.731436619718288
104191629,1.053044332547156,-1.2620985915492966,-0.7065942567255326,6.649957746478851
104191630,1.0523973669527216,-1.255232394366196,-0.9305521800002056,6.639612676056317
104191631,1.0516425737592066,-1.24845774647887,-0.8453683767325157,6.584591549295753
104191632,1.0507799529666215,-1.241683098591544,-0.9858677383246673,6.573056338028148
104191633,1.0500251597731136,-1.234908450704225,-0.9812311515645272,6.774830985915471
104191634,1.0495938493768229,-1.2281338028168989,-0.9590186661554841,6.768239436619696
104191635,1.0487312285842378,-1.2210845070422494,-1.0610235748785657,6.879288732394344
104191636,1.0480842629897964,-1.2143098591549233,-0.7759274029294877,6.88551408450702
104191637,1.0471138145981413,-1.2076267605633788,-0.8381439275946231,6.9152676056337805
104191638,1.0462511938055563,-1.2009436619718272,-1.0699732656016268,6.995556338028146
104191639,1.0457120558101956,-1.1941690140845012,-1.0183238456456478,6.900711267605612
104191640,1.0450650902157577,-1.1877605633802801,-0.9132997641485215,6.647669014084485
104191641,1.0442024694231726,-1.1808943661971796,-0.8882837611635798,6.869218309859133
104191642,1.0433398486305876,-1.174211267605628,-0.9182598337058806,6.800922535211246
104191643,1.0426928830361462,-1.167619718309858,-0.8215384773373773,6.667718309859133
104191644,1.0420459174417083,-1.1611197183098554,-0.5726723786768356,6.672021126760542
104191645,1.040967641450976,-1.154436619718311,-0.9583717005610459,6.71019718309857
104191646,1.0403206758565453,-1.1476619718309848,-0.6929001516432585,6.858690140845048
104191647,1.039134572266736,-1.1411619718309822,-0.8667182413489747,6.7994577464788515
104191648,1.038379779073228,-1.1344788732394377,-0.7675168502017917,6.644098591549274
104191649,1.037301503082496,-1.1278873239436606,-0.9224651100697286,6.587978873239415
104191650,1.036546709888988,-1.1216619718309886,-0.9431680090917494,6.554929577464767
104191651,1.0354684338982558,-1.1148873239436625,-0.7594297802713148,6.72063380281688
104191652,1.0343901579075236,-1.1082957746478854,-0.8446135835390045,6.531126760563359
104191653,1.0336353647140157,-1.1017042253521083,-0.703682911550561,6.503478873239416
104191654,1.03234143352514,-1.0950211267605567,-0.9616065285332367,6.634394366197162
104191655,1.0318022955297685,-1.0886126760563357,-0.7690264365888141,6.476746478873219
104191656,1.0307240195390435,-1.082112676056333,-0.945971526667648,6.592922535211246
104191657,1.0300770539446056,-1.075521126760563,-0.8384674103918421,6.52682394366195
104191658,1.0294300883501677,-1.069112676056335,-1.037085847884354,6.451295774647867
104191659,1.0283518123594355,-1.0624295774647905,-1.0892744058356982,6.544676056338006
104191660,1.0273813639677805,-1.0562042253521113,-1.0472216421972185,6.3541619718309645
104191661,1.0265187431751954,-1.0494295774647853,-0.9627926321230399,6.370549295774627
104191662,1.0258717775807575,-1.0428380281690153,-0.7266501901531153,6.452943661971809
104191663,1.0247935015900254,-1.0364295774647871,-0.9392862155251205,6.394443661971811
104191664,1.024254363594661,-1.0299295774647916,-0.6628162515018845,6.412112676056318
104191665,1.0227447772076381,-1.0235211267605635,-0.9661352876943037,6.447267605633782
104191666,1.0222056392122774,-1.0171126760563354,-0.9660274600952307,6.224985915492938
104191667,1.0212351908206152,-1.0106126760563399,-0.7013107043709544,6.158978873239417
104191668,1.0198334320326659,-1.0042042253521117,-0.997405291425481,6.298774647887304
104191669,1.019294294037305,-0.9977957746478836,-0.8301646852632193,6.264992957746458
104191670,1.018216018046573,-0.9913873239436626,-0.8916264167348436,6.20511971830984
104191671,1.017676880051205,-0.9849788732394344,-0.9073692461995052,6.214915492957727
104191672,1.0170299144567672,-0.9783873239436573,-0.885911553983973,6.257394366197162
104191673,1.0163829488623328,-0.9721619718309853,-0.9263469036363575,6.36194366197181
104191674,1.0159516384660385,-0.9657535211267572,-0.7274049833466265,6.390323943661952
104191675,1.0147655348762328,-0.9591619718309872,-0.785739714445133,6.529936619718288
104191676,1.0142263968808685,-0.952753521126759,-0.6675606658610976,6.318915492957726
104191677,1.0134716036873606,-0.946161971830989,-0.5382753745725406,6.307105633802796
104191678,1.0126089828947755,-0.939570422535212,-0.7092899467023582,6.280098591549276
104191679,1.0120698448994077,-0.9331619718309838,-0.6819017365378098,6.345281690140824
104191680,1.0115307069040433,-0.9262957746478833,-0.5821612073952618,6.577633802816879
104191681,1.0107759137105283,-0.9199788732394367,-0.7898371632099079,6.656457746478851
104191682,1.0101289481160975,-0.9132957746478851,-0.6855678749062928,6.608211267605612
104191683,1.0092663273235125,-0.9069788732394315,-0.5547729972307135,6.4880070422535
104191684,1.0086193617290746,-0.9003873239436615,-0.7372172948622717,6.3058239436619505
104191685,1.0077567409364896,-0.8938873239436589,-0.6004918992376761,6.331183098591528
104191686,1.0070019477429781,-0.8874788732394379,-0.7469217787788439,6.4317042253520915
104191687,1.0064628097476103,-0.8807042253521118,-0.5080836468320936,6.49057042253519
104191688,1.0057080165541024,-0.8742042253521163,-0.7260032245586772,6.596492957746458
104191689,1.005276706157808,-0.8676126760563392,-0.7719377817637858,6.536802816901386
104191690,1.0047375681624402,-0.861204225352111,-0.7567340902944892,6.4694225352112475
104191692,1.0030123265772772,-0.848021126760564,-0.8303803404613653,6.649499999999978
104191693,1.0023653609828358,-0.8415211267605613,-0.4899686101878255,6.664788732394345
104191694,1.0021497057846922,-0.8352042253521077,-0.4602081928436706,6.553464788732373
104191695,1.0015027401902508,-0.8286126760563377,-0.548303341286332,6.712119718309837
104191696,1.0005322917985957,-0.8222957746478841,-0.8106478898310018,6.667809859154907
104191697,0.9998853262041578,-0.8156126760563325,-0.8014825439097947,6.621028169014063
104191698,0.99934618820879,-0.808929577464788,-0.8586311714184978,6.670281690140823
104191699,0.9988070502134256,-0.8021549295774619,-0.8828923812099285,6.756612676056315
104191700,0.9979444294208406,-0.7956549295774664,-0.8891463819561639,6.798816901408428
104191701,0.9975131190245499,-0.7893380281690128,-0.7959833363570703,6.644098591549274
104191702,0.996866153430112,-0.7826549295774683,-0.4892138169943143,6.579739436619698
104191703,0.9961113602366005,-0.7762464788732402,-0.5290022010522605,6.6201126760563165
104191704,0.9956800498403098,-0.7696549295774631,-0.7805639896896277,6.794880281690118
104191705,0.9950330842458719,-0.7629718309859115,-0.5907874153211039,6.704521126760541
104191706,0.9947096014486547,-0.7563802816901415,-0.4251642231449375,6.8175845070422305
104191707,0.9942782910523604,-0.7496971830985899,-0.5832394833859921,6.701683098591528
104191708,0.9937391530569926,-0.7431056338028199,-0.5163863719607166,6.766499999999978
104191709,0.9930921874625547,-0.7361478873239449,-0.565663584737089,6.816669014084485
104191710,0.9925530494671904,-0.7293732394366188,-0.5709471370916672,6.744436619718288
104191711,0.9919060838727525,-0.7226901408450672,-0.5340700982086927,6.75926760563378
104191712,0.9911512906792446,-0.7160070422535227,-0.6750007701971363,6.719626760563359
104191713,0.9910434630801674,-0.7092323943661967,-0.47886236748330385,6.84001408450702
104191714,0.9905043250848031,-0.7026408450704267,-0.5679279643176225,6.753591549295753
104191715,0.9899651870894353,-0.695957746478868,-0.7791622309016785,6.597499999999979
104191716,0.9894260490940745,-0.6890000000000001,-0.7523131587324952,6.749197183098569
104191717,0.9889947386977802,-0.6824999999999974,-0.8093539586421253,6.782154929577442
104191718,0.9885634283014895,-0.6756338028168969,-0.8219697877336694,6.746633802816879
104191719,0.9881321179051952,-0.6688591549295779,-0.7030359459561227,6.617640845070401
104191720,0.9875929799098344,-0.6619929577464845,-0.8916264167348436,6.761464788732373
104191721,0.9871616695135401,-0.6552183098591584,-0.6533274227834583,6.883408450704203
104191722,0.9866225315181794,-0.6483521126760579,-0.5218855795134408,6.909774647887302
104191723,0.9861912211218851,-0.6412112676056339,-0.5449606857150683,7.019999999999977
104191724,0.9856520831265172,-0.6340704225352098,-0.3792296659398288,7.114753521126738
104191725,0.98543642792837,-0.6272957746478909,-0.38710108067215965,7.110816901408428
104191726,0.9846816347348621,-0.6200633802816924,-0.3905515638424964,7.212985915492934
104191727,0.9843581519376379,-0.6128309859154939,-0.5081914744311667,7.328704225352089
104191728,0.9839268415413471,-0.6058732394366189,-0.4097448764774949,6.983380281690118
104191729,0.9834955311450599,-0.5984577464788714,-0.16141791581231837,7.052225352112654
104191730,0.9829563931496921,-0.5913169014084474,-0.47832322948793876,7.257936619718286
104191731,0.9823094275552542,-0.5839929577464815,-0.22255616448672352,7.247866197183075
104191732,0.981985944758037,-0.5766690140845085,-0.32617848719590053,7.321929577464764
104191733,0.9816624619608127,-0.569619718309859,-0.5210229587208567,7.290161971830962
104191734,0.9813389791635991,-0.5622042253521116,-0.44597494976603125,7.338866197183075
104191735,0.981123323965452,-0.5552464788732436,-0.4263503267347407,7.176732394366174
104191736,0.9807998411682277,-0.5473732394366166,-0.3147487616941599,7.455957746478849
104191737,0.9804763583710141,-0.5401408450704253,-0.19991236868138829,7.388577464788709
104191738,0.9800450479747198,-0.5327253521126778,-0.25307137502438964,7.245943661971807
104191739,0.980260703172867,-0.5255845070422538,-0.006577483543454523,7.181492957746456
104191740,0.9798293927765727,-0.5183521126760553,-0.2046567830406014,7.284760563380258
104191741,0.9799372203756498,-0.5110281690140894,0.011321897902667622,7.332549295774624
104191742,0.9793980823802819,-0.503612676056342,-0.13974456839864036,7.497978873239412
104191743,0.9793980823802819,-0.49592253521126395,-0.12885398089226485,7.5464084507042015
104191744,0.9796137375784291,-0.48878169014084705,-0.06404959384937683,7.3836338028168775
104191745,0.9793980823802819,-0.48154929577464856,-0.14039153399307852,7.39709154929575
104191746,0.9793980823802819,-0.47385915492957764,-0.13187315366630953,7.338042253521103
104191747,0.9795059099793555,-0.4662605633802812,0.002372207179606549,7.376401408450681
104191748,0.9795059099793555,-0.4590281690140827,-0.0035583107694098243,7.243014084507019
104191749,0.9795059099793555,-0.4513380281690118,0.08065504410662268,7.520408450704201
104191750,0.9797215651775026,-0.4441056338028133,0.08701687245193115,7.353514084507019
104191751,0.980260703172867,-0.43678169014084745,-0.0031270003731177242,7.128669014084484
104191752,0.9803685307719441,-0.42909154929577653,0.12648177371265829,7.35845774647885
104191753,0.9804763583710141,-0.4215845070422546,0.09769180476016062,7.317260563380258
104191754,0.9807998411682277,-0.41389436619718367,0.2132829909664434,7.456415492957722
104191755,0.981123323965452,-0.4064788732394362,0.2836944131611287,7.456415492957722
104191756,0.9814468067626692,-0.3987887323943653,0.18007209045195172,7.580830985915469
104191757,0.9816624619608127,-0.39137323943662494,0.31550355488767107,7.403866197183074
104191758,0.981985944758037,-0.38404929577464486,0.2871448963314655,7.505669014084483
104191759,0.9825250827533978,-0.37626760563379946,0.2042254726443093,7.6012464788732155
104191760,0.9826329103524749,-0.36866901408450303,0.3874245634693787,7.46071830985913
104191761,0.9825250827533978,-0.3609788732394392,0.0009704483916572247,7.662950704225327
104191762,0.9832798759469128,-0.3534718309859173,0.23937726994211544,7.610767605633778
104191763,0.9837111863432071,-0.3460563380281698,0.48802771340451095,7.403408450704201
104191764,0.9842503243385679,-0.3388239436619713,0.49589912813684184,7.155309859154907
104191765,0.984573807135785,-0.3312253521126749,0.20185326546470275,7.303894366197159
104191766,0.9853286003293,-0.3240845070422509,0.23797551115416612,7.157140845070399
104191767,0.9855442555274472,-0.31657746478873605,0.26892203208812426,7.1089859154929345
104191768,0.9859755659237379,-0.30925352112675597,0.3761026655667111,7.365232394366172
104191769,0.9866225315181794,-0.3020211267605646,0.33998041987724775,7.152838028168992
104191770,0.9871616695135401,-0.2946056338028171,0.32186538323297953,7.33090140845068
104191771,0.9877008075089044,-0.28737323943661863,0.2718333772630959,7.198338028168991
104191772,0.987808635107978,-0.2798661971831038,0.3303837635597485,7.219119718309835
104191773,0.987916462707048,-0.27245070422535633,0.3665060092492119,7.268556338028144
104191774,0.9888869110987102,-0.26521830985915784,0.5382753745725406,7.120795774647864
104191775,0.9895338766931481,-0.2582605633802828,0.9478045958518894,6.985028169014062
104191776,0.9902886698866595,-0.2510281690140843,0.7400208124381704,6.94245774647885
104191777,0.9909356354810974,-0.24425352112675824,0.6935471172376967,7.030711267605612
104191778,0.9913669458773882,-0.23692957746479237,0.7530679519260064,7.234042253521103
104191779,0.9921217390708996,-0.22978873239436837,0.8475249287139763,7.055154929577442
104191780,0.9929843598634847,-0.2229225352112678,1.0003166366004528,7.023112676056315
104191781,0.9934156702597754,-0.2158732394366254,0.7103682226930885,6.950239436619696
104191782,0.9938469806560697,-0.20873239436619428,0.42926167190971243,6.931838028168992
104191783,0.9946017738495776,-0.20177464788732635,0.5394614781623439,6.934401408450682
104191784,0.9949252566468019,-0.19500000000000028,0.5473328928946747,6.94502112676054
104191785,0.9955722222412398,-0.18822535211267422,0.7392660192446592,6.844957746478851
104191786,0.9963270154347477,-0.18135915492958077,0.7908076116015652,6.865373239436598
104191787,0.996866153430112,-0.17449295774648022,0.5938065880951485,6.757711267605612
104191788,0.997728774222697,-0.1679929577464847,0.6853522197081466,6.733908450704203
104191789,0.998483567416212,-0.1614014084507076,0.6528961123871662,6.639978873239414
104191790,0.9991305330106428,-0.15462676056338154,0.6213026258587698,6.746908450704203
104191791,0.9998853262041578,-0.1476690140845065,0.7831518520673804,6.819232394366175
104191792,1.0005322917985957,-0.14135211267605285,0.6717659422249456,6.6339366197182885
104191793,1.00096360219489,-0.13476056338028286,0.7131717402689871,6.533049295774626
104191794,1.0013949125911807,-0.12807746478873838,0.47972498827588805,6.450929577464768
104191795,1.002041878185615,-0.12157746478872866,0.6057754515922542,6.439028169014063
104191796,1.002688843780053,-0.11461971830986073,0.7031437735551959,6.468049295774628
104191797,1.0031201541763473,-0.10811971830985811,0.695272358822865,6.311957746478852
104191798,1.0038749473698623,-0.10180281690141157,0.7023889803616846,6.2342323943661775
104191799,1.0048453957615173,-0.0956690140845069,0.7179161546282002,6.155774647887303
104191800,1.005384533756878,-0.08889436619718083,0.7169457062365431,6.308661971830965
104191801,1.0063549821485402,-0.08239436619718532,0.712309119476403,6.268380281690121
104191802,1.0070019477429781,-0.07598591549295719,0.6100885555551753,6.36981690140843
104191803,1.0075410857383424,-0.06957746478873617,0.6443777320603973,6.451753521126739
104191804,1.0080802237337032,-0.06326056338028252,0.48317547144622486,6.4851690140844855
104191805,1.0089428445262882,-0.057035211267610464,0.3936785642156142,6.406802816901388
104191806,1.0096976377198033,-0.05053521126760785,0.5900326221275927,6.4100070422535
104191807,1.0102367757151676,-0.044126760563386824,0.5332074774161084,6.297401408450684
104191808,1.0112072241068226,-0.03790140845070766,0.5310509254346479,6.3784225352112465
104191809,1.0118541897012605,-0.03158450704225402,0.6775886325748889,6.403964788732374
104191810,1.0126089828947755,-0.02545070422534934,0.8686591381322892,6.20219014084505
104191811,1.0134716036873606,-0.019225352112677285,0.8656399653582445,6.215190140845051
104191812,1.0143342244799385,-0.013274647887321578,0.7886510596201046,6.1821408450704025
104191813,1.0150890176734535,-0.00741549295774746,0.9271016968298686,6.069260563380262
104191814,1.015843810866965,-0.0012816901408498893,0.777329161717437,6.236978873239416
104191815,1.0169220868576971,0.004669014084505818,0.764497677427747,6.264992957746458
104191816,1.0177847076502822,0.010711267605628905,0.9351887667603456,6.215190140845051
104191817,1.0180003628484258,0.01684507042253358,0.8478484115111954,6.081894366197164
104191818,1.0188629836410108,0.02279577464788929,0.6989384971913478,5.929922535211248
104191819,1.0197256044335923,0.028654929577463406,0.6274487990059323,6.052140845070403
104191820,1.0203725700280302,0.03469718309858649,0.725464086563312,6.1367323943661765
104191821,1.0212351908206152,0.04046478873239323,0.6358593517336283,6.153852112676036
104191822,1.0219899840141302,0.04650704225352342,0.799110336730188,6.09443661971829
104191823,1.0229604324057853,0.052274647887323056,0.7619098150499944,6.016528169014065
104191824,1.0236073980002232,0.05813380281689717,0.837820444797404,5.922690140845051
104191825,1.0245778463918782,0.06362676056338046,0.7306398113188172,5.695922535211249
104191826,1.0254404671844632,0.06948591549295458,0.803315613094036,5.588992957746461
104191827,1.0261952603779712,0.07534507042252869,0.7325807081021316,5.737760563380262
104191828,1.0270578811705562,0.08102112676056095,0.7942580947719019,5.657014084507024
104191829,1.0278126743640712,0.0866971830985861,0.8461231699260269,5.749295774647869
104191830,1.0281361571612884,0.09228169014084386,0.7924250255876605,5.627535211267587
104191831,1.0289987779538734,0.09814084507041798,0.8219697877336694,5.714873239436601
104191832,1.0297535711473849,0.10381690140845024,0.9846816347348639,5.72549295774646
104191833,1.0302927091427527,0.10930985915492641,0.6875087716896072,5.672394366197165
104191834,1.0309396747371906,0.11498591549295156,0.7241701553744356,5.583683098591531
104191835,1.0319101231288457,0.12011267605633691,0.9013309006514157,5.441140845070405
104191836,1.0325570887232836,0.1255140845070457,0.6538665607788234,5.456612676056321
104191837,1.0334197095158686,0.1308239436619658,0.8241263397151298,5.431345070422517
104191838,1.033958847511233,0.1362253521126746,0.7111230158865997,5.551183098591531
104191839,1.034929295902888,0.14144366197182734,0.6613066651148621,5.4158732394366025
104191840,1.035684089096403,0.14657042253520558,0.5394614781623439,5.392802816901391
104191841,1.0362232270917637,0.15160563380281644,0.6695015626444121,5.286971830985898
104191842,1.0369780202852787,0.15691549295774365,0.6397411453002572,5.434732394366179
104191843,1.037517158280643,0.16185915492957292,0.6050206583987431,5.210436619718293
104191844,1.038271951474151,0.16707746478872565,0.5721332406814705,5.103598591549279
104191845,1.0387032618704453,0.1721126760563365,0.43583915545316687,5.151387323943645
104191846,1.0392423998658131,0.1769647887323913,0.293614552275847,5.0011549295774484
104191847,1.039997193059321,0.18199999999999505,0.6110590039468325,4.984767605633786
104191848,1.0407519862528325,0.18666901408450087,0.4772449534972085,5.003718309859139
104191849,1.0415067794463475,0.1917957746478791,0.4568655372724068,5.0940774647887155
104191850,1.0424772278380026,0.196647887323941,0.4265659819328868,5.111197183098574
104191851,1.0431241934324404,0.2015000000000029,0.4594533996501594,4.962154929577449
104191852,1.0435555038287312,0.20607746478873423,0.44834715694563787,4.824464788732379
104191853,1.0443102970222427,0.21083802816901454,0.5637226879537746,4.816683098591533
104191854,1.0449572626166805,0.21559859154929484,0.6614144927139352,4.603739436619703
104191855,1.0456042282111184,0.22035915492957514,0.7057316359329484,4.628823943661957
104191856,1.0461433662064863,0.2247535211267575,0.4150284288320731,4.539746478873225
104191857,1.0464668490037035,0.2296056338028194,0.46764829717970924,4.659309859154915
104191858,1.0471138145981413,0.23418309859155073,0.6337027997521678,4.733739436619703
104191859,1.0476529525935057,0.2384859154929515,0.47940150547866905,4.656380281690126
